

Microchip MPLAB XC8 Assembler V3.00 build 20241204225717 
                                                                                               Thu Jul 10 20:45:23 2025

Microchip MPLAB XC8 C Compiler v3.00 (Free license) build 20241204225717 Og1 
     1                           	processor	16F17125
     2                           	pagewidth 120
     3                           	opt	flic
     4                           	psect	idataBANK0,global,class=CODE,space=0,delta=2,noexec
     5                           	psect	stringtext1,global,class=STRCODE,space=0,delta=2,noexec
     6                           	psect	stringtext2,global,class=STRCODE,space=0,delta=2,noexec
     7                           	psect	stringtext3,global,class=STRCODE,space=0,delta=2,noexec
     8                           	psect	stringtext4,global,class=STRCODE,space=0,delta=2,noexec
     9                           	psect	stringtext5,global,class=STRCODE,space=0,delta=2,noexec
    10                           	psect	nvBANK0,global,class=BANK0,space=1,delta=1,noexec
    11                           	psect	cinit,global,class=CODE,space=0,merge=1,delta=2
    12                           	psect	bssBANK0,global,class=BANK0,space=1,delta=1,noexec
    13                           	psect	dataBANK0,global,class=BANK0,space=1,delta=1,noexec
    14                           	psect	clrtext,global,class=CODE,space=0,delta=2
    15                           	psect	cstackCOMMON,global,class=COMMON,space=1,delta=1,noexec
    16                           	psect	cstackBANK0,global,class=BANK0,space=1,delta=1,noexec
    17                           	psect	maintext,global,class=CODE,space=0,merge=1,split=1,delta=2
    18                           	psect	text1,local,class=CODE,space=0,merge=1,delta=2
    19                           	psect	text2,local,class=CODE,space=0,merge=1,delta=2
    20                           	psect	text3,local,class=CODE,space=0,merge=1,delta=2
    21                           	psect	text4,local,class=CODE,space=0,merge=1,delta=2
    22                           	psect	text5,local,class=CODE,space=0,merge=1,delta=2
    23                           	psect	text6,local,class=CODE,space=0,merge=1,delta=2
    24                           	psect	text7,local,class=CODE,space=0,merge=1,delta=2
    25                           	psect	text8,local,class=CODE,space=0,merge=1,delta=2
    26                           	psect	text9,local,class=CODE,space=0,merge=1,delta=2
    27                           	psect	text10,local,class=CODE,space=0,merge=1,delta=2
    28                           	psect	text11,local,class=CODE,space=0,merge=1,delta=2
    29                           	psect	text12,local,class=CODE,space=0,merge=1,delta=2
    30                           	psect	text13,local,class=CODE,space=0,merge=1,delta=2
    31                           	psect	text14,local,class=CODE,space=0,merge=1,delta=2
    32                           	psect	text15,local,class=CODE,space=0,merge=1,delta=2
    33                           	psect	text16,local,class=CODE,space=0,merge=1,delta=2
    34                           	psect	text17,local,class=CODE,space=0,merge=1,delta=2
    35                           	psect	text18,local,class=CODE,space=0,merge=1,delta=2
    36                           	psect	text19,local,class=CODE,space=0,merge=1,delta=2
    37                           	psect	text20,local,class=CODE,space=0,merge=1,delta=2
    38                           	psect	text21,local,class=CODE,space=0,merge=1,delta=2
    39                           	psect	text22,local,class=CODE,space=0,merge=1,delta=2,group=1
    40                           	psect	text23,local,class=CODE,space=0,merge=1,delta=2
    41                           	psect	text24,local,class=CODE,space=0,merge=1,delta=2
    42                           	psect	intentry,global,class=CODE,space=0,delta=2
    43                           	psect	text26,local,class=CODE,space=0,merge=1,delta=2
    44                           	psect	text27,local,class=CODE,space=0,merge=1,delta=2
    45                           	psect	text28,local,class=CODE,space=0,merge=1,delta=2
    46                           	psect	text29,local,class=CODE,space=0,merge=1,delta=2
    47                           	psect	text30,local,class=CODE,space=0,merge=1,delta=2
    48                           	psect	config,global,abs,ovrld,class=CONFIG,space=4,delta=2,noexec
    49                           	dabs	1,0x620,48
    50                           	dabs	1,0x5A3,77
    51                           	dabs	1,0x2373,0,_txBuffer
    52                           	dabs	1,0x7E,2
    53     0000                     
    54                           ; Generated 22/01/2025 GMT
    55                           ; 
    56                           ; Copyright © 2025, Microchip Technology Inc. and its subsidiaries ("Microchip")
    57                           ; All rights reserved.
    58                           ; 
    59                           ; This software is developed by Microchip Technology Inc. and its subsidiaries ("Microch
      +                          ip").
    60                           ; 
    61                           ; Redistribution and use in source and binary forms, with or without modification, are
    62                           ; permitted provided that the following conditions are met:
    63                           ; 
    64                           ;     1. Redistributions of source code must retain the above copyright notice, this lis
      +                          t of
    65                           ;        conditions and the following disclaimer.
    66                           ; 
    67                           ;     2. Redistributions in binary form must reproduce the above copyright notice, this 
      +                          list
    68                           ;        of conditions and the following disclaimer in the documentation and/or other
    69                           ;        materials provided with the distribution. Publication is not required when
    70                           ;        this file is used in an embedded application.
    71                           ; 
    72                           ;     3. Microchip's name may not be used to endorse or promote products derived from th
      +                          is
    73                           ;        software without specific prior written permission.
    74                           ; 
    75                           ; THIS SOFTWARE IS PROVIDED BY MICROCHIP "AS IS" AND ANY EXPRESS OR IMPLIED WARRANTIES,
    76                           ; INCLUDING, BUT NOT LIMITED TO, THE IMPLIED WARRANTIES OF MERCHANTABILITY AND FITNESS F
      +                          OR
    77                           ; PURPOSE ARE DISCLAIMED.  IN NO EVENT SHALL MICROCHIP BE LIABLE FOR ANY DIRECT, INDIREC
      +                          T,
    78                           ; INCIDENTAL, SPECIAL, EXEMPLARY, OR CONSEQUENTIAL DAMAGES (INCLUDING BUT NOT LIMITED TO
    79                           ; PROCUREMENT OF SUBSTITUTE GOODS OR SERVICES; LOSS OF USE, DATA OR PROFITS; OR BUSINESS
    80                           ; INTERRUPTION) HOWSOEVER CAUSED AND ON ANY THEORY OF LIABILITY, WHETHER IN CONTRACT, ST
      +                          RICT
    81                           ; LIABILITY, OR TORT (INCLUDING NEGLIGENCE OR OTHERWISE) ARISING IN ANY WAY OUT OF THE U
      +                          SE OF
    82                           ; THIS SOFTWARE, EVEN IF ADVISED OF THE POSSIBILITY OF SUCH DAMAGE.
    83                           ; 
    84                           ; 
    85                           ; Code-generator required, PIC16F17125 Definitions
    86                           ; 
    87                           ; SFR Addresses
    88     0008                     bsr             equ	8
    89     0005                     fsr0h           equ	5
    90     0004                     fsr0l           equ	4
    91     0007                     fsr1h           equ	7
    92     0006                     fsr1l           equ	6
    93     0000                     indf            equ	0
    94     0000                     indf0           equ	0
    95     0001                     indf1           equ	1
    96     000B                     intcon          equ	11
    97     0002                     pc              equ	2
    98     0002                     pcl             equ	2
    99     000A                     pclath          equ	10
   100     0003                     status          equ	3
   101     0009                     wreg            equ	9
   102     0000                     INDF0           equ	0	;# 
   103     0001                     INDF1           equ	1	;# 
   104     0002                     PCL             equ	2	;# 
   105     0003                     STATUS          equ	3	;# 
   106     0004                     FSR0L           equ	4	;# 
   107     0005                     FSR0H           equ	5	;# 
   108     0006                     FSR1L           equ	6	;# 
   109     0007                     FSR1H           equ	7	;# 
   110     0008                     BSR             equ	8	;# 
   111     0009                     WREG            equ	9	;# 
   112     000A                     PCLATH          equ	10	;# 
   113     000B                     INTCON          equ	11	;# 
   114     000C                     PORTA           equ	12	;# 
   115     000E                     PORTC           equ	14	;# 
   116     0012                     TRISA           equ	18	;# 
   117     0014                     TRISC           equ	20	;# 
   118     0018                     LATA            equ	24	;# 
   119     001A                     LATC            equ	26	;# 
   120     008C                     PIR0            equ	140	;# 
   121     008D                     PIR1            equ	141	;# 
   122     008E                     PIR2            equ	142	;# 
   123     008F                     PIR3            equ	143	;# 
   124     0090                     PIR4            equ	144	;# 
   125     0091                     PIR5            equ	145	;# 
   126     0092                     PIR6            equ	146	;# 
   127     0096                     PIE0            equ	150	;# 
   128     0097                     PIE1            equ	151	;# 
   129     0098                     PIE2            equ	152	;# 
   130     0099                     PIE3            equ	153	;# 
   131     009A                     PIE4            equ	154	;# 
   132     009B                     PIE5            equ	155	;# 
   133     009C                     PIE6            equ	156	;# 
   134     010C                     PMD0            equ	268	;# 
   135     010D                     PMD1            equ	269	;# 
   136     010E                     PMD2            equ	270	;# 
   137     010F                     PMD3            equ	271	;# 
   138     0110                     PMD4            equ	272	;# 
   139     018C                     WDTCON0         equ	396	;# 
   140     018D                     WDTCON1         equ	397	;# 
   141     018E                     WDTPS           equ	398	;# 
   142     018E                     WDTPSL          equ	398	;# 
   143     018F                     WDTPSH          equ	399	;# 
   144     0190                     WDTTMR          equ	400	;# 
   145     0191                     BORCON          equ	401	;# 
   146     0192                     PCON0           equ	402	;# 
   147     0193                     PCON1           equ	403	;# 
   148     019C                     TMR0L           equ	412	;# 
   149     019C                     TMR0            equ	412	;# 
   150     019D                     TMR0H           equ	413	;# 
   151     019D                     PR0             equ	413	;# 
   152     019E                     T0CON0          equ	414	;# 
   153     019F                     T0CON1          equ	415	;# 
   154     020C                     FVRCON          equ	524	;# 
   155     020D                     CPCON           equ	525	;# 
   156     021F                     ZCDCON          equ	543	;# 
   157     028C                     CPUDOZE         equ	652	;# 
   158     028D                     OSCCON1         equ	653	;# 
   159     028E                     OSCCON2         equ	654	;# 
   160     028F                     OSCCON3         equ	655	;# 
   161     0290                     OSCSTAT         equ	656	;# 
   162     0291                     OSCEN           equ	657	;# 
   163     0292                     OSCTUNE         equ	658	;# 
   164     0293                     OSCFRQ          equ	659	;# 
   165     0294                     ACTCON          equ	660	;# 
   166     0296                     CLKRCON         equ	662	;# 
   167     0297                     CLKRCLK         equ	663	;# 
   168     030C                     TMR1            equ	780	;# 
   169     030C                     TMR1L           equ	780	;# 
   170     030D                     TMR1H           equ	781	;# 
   171     030E                     T1CON           equ	782	;# 
   172     030F                     T1GCON          equ	783	;# 
   173     030F                     PR1             equ	783	;# 
   174     0310                     T1GATE          equ	784	;# 
   175     0310                     TMR1GATE        equ	784	;# 
   176     0311                     T1CLK           equ	785	;# 
   177     0311                     TMR1CLK         equ	785	;# 
   178     0312                     TMR3            equ	786	;# 
   179     0312                     TMR3L           equ	786	;# 
   180     0313                     TMR3H           equ	787	;# 
   181     0314                     T3CON           equ	788	;# 
   182     0315                     T3GCON          equ	789	;# 
   183     0315                     PR3             equ	789	;# 
   184     0316                     T3GATE          equ	790	;# 
   185     0316                     TMR3GATE        equ	790	;# 
   186     0317                     T3CLK           equ	791	;# 
   187     0317                     TMR3CLK         equ	791	;# 
   188     038C                     T2TMR           equ	908	;# 
   189     038C                     TMR2            equ	908	;# 
   190     038D                     T2PR            equ	909	;# 
   191     038D                     PR2             equ	909	;# 
   192     038E                     T2CON           equ	910	;# 
   193     038F                     T2HLT           equ	911	;# 
   194     0390                     T2CLKCON        equ	912	;# 
   195     0390                     T2CLK           equ	912	;# 
   196     0391                     T2RST           equ	913	;# 
   197     0392                     T4TMR           equ	914	;# 
   198     0392                     TMR4            equ	914	;# 
   199     0393                     T4PR            equ	915	;# 
   200     0393                     PR4             equ	915	;# 
   201     0394                     T4CON           equ	916	;# 
   202     0395                     T4HLT           equ	917	;# 
   203     0396                     T4CLKCON        equ	918	;# 
   204     0396                     T4CLK           equ	918	;# 
   205     0397                     T4RST           equ	919	;# 
   206     040C                     CCPR1           equ	1036	;# 
   207     040C                     CCPR1L          equ	1036	;# 
   208     040D                     CCPR1H          equ	1037	;# 
   209     040E                     CCP1CON         equ	1038	;# 
   210     040F                     CCP1CAP         equ	1039	;# 
   211     0410                     CCPR2           equ	1040	;# 
   212     0410                     CCPR2L          equ	1040	;# 
   213     0411                     CCPR2H          equ	1041	;# 
   214     0412                     CCP2CON         equ	1042	;# 
   215     0413                     CCP2CAP         equ	1043	;# 
   216     041F                     CCPTMRS0        equ	1055	;# 
   217     048C                     PWM1ERS         equ	1164	;# 
   218     048D                     PWM1CLK         equ	1165	;# 
   219     048E                     PWM1LDS         equ	1166	;# 
   220     048F                     PWM1PR          equ	1167	;# 
   221     048F                     PWM1PRL         equ	1167	;# 
   222     0490                     PWM1PRH         equ	1168	;# 
   223     0491                     PWM1CPRE        equ	1169	;# 
   224     0492                     PWM1PIPOS       equ	1170	;# 
   225     0493                     PWM1GIR         equ	1171	;# 
   226     0494                     PWM1GIE         equ	1172	;# 
   227     0495                     PWM1CON         equ	1173	;# 
   228     0496                     PWM1S1CFG       equ	1174	;# 
   229     0497                     PWM1S1P1        equ	1175	;# 
   230     0497                     PWM1S1P1L       equ	1175	;# 
   231     0498                     PWM1S1P1H       equ	1176	;# 
   232     0499                     PWM1S1P2        equ	1177	;# 
   233     0499                     PWM1S1P2L       equ	1177	;# 
   234     049A                     PWM1S1P2H       equ	1178	;# 
   235     049E                     PWMLOAD         equ	1182	;# 
   236     049F                     PWMEN           equ	1183	;# 
   237     050C                     PWM2ERS         equ	1292	;# 
   238     050D                     PWM2CLK         equ	1293	;# 
   239     050E                     PWM2LDS         equ	1294	;# 
   240     050F                     PWM2PR          equ	1295	;# 
   241     050F                     PWM2PRL         equ	1295	;# 
   242     0510                     PWM2PRH         equ	1296	;# 
   243     0511                     PWM2CPRE        equ	1297	;# 
   244     0512                     PWM2PIPOS       equ	1298	;# 
   245     0513                     PWM2GIR         equ	1299	;# 
   246     0514                     PWM2GIE         equ	1300	;# 
   247     0515                     PWM2CON         equ	1301	;# 
   248     0516                     PWM2S1CFG       equ	1302	;# 
   249     0517                     PWM2S1P1        equ	1303	;# 
   250     0517                     PWM2S1P1L       equ	1303	;# 
   251     0518                     PWM2S1P1H       equ	1304	;# 
   252     0519                     PWM2S1P2        equ	1305	;# 
   253     0519                     PWM2S1P2L       equ	1305	;# 
   254     051A                     PWM2S1P2H       equ	1306	;# 
   255     058C                     NCO1ACC         equ	1420	;# 
   256     058C                     NCO1ACCL        equ	1420	;# 
   257     058D                     NCO1ACCH        equ	1421	;# 
   258     058E                     NCO1ACCU        equ	1422	;# 
   259     058F                     NCO1INC         equ	1423	;# 
   260     058F                     NCO1INCL        equ	1423	;# 
   261     0590                     NCO1INCH        equ	1424	;# 
   262     0591                     NCO1INCU        equ	1425	;# 
   263     0592                     NCO1CON         equ	1426	;# 
   264     0593                     NCO1CLK         equ	1427	;# 
   265     060C                     CWG1CLK         equ	1548	;# 
   266     060C                     CWG1CLKCON      equ	1548	;# 
   267     060D                     CWG1ISM         equ	1549	;# 
   268     060D                     CWG1DAT         equ	1549	;# 
   269     060E                     CWG1DBR         equ	1550	;# 
   270     060F                     CWG1DBF         equ	1551	;# 
   271     0610                     CWG1CON0        equ	1552	;# 
   272     0611                     CWG1CON1        equ	1553	;# 
   273     0612                     CWG1AS0         equ	1554	;# 
   274     0613                     CWG1AS1         equ	1555	;# 
   275     0614                     CWG1STR         equ	1556	;# 
   276     068C                     CLCnCON         equ	1676	;# 
   277     068D                     CLCnPOL         equ	1677	;# 
   278     068E                     CLCnSEL0        equ	1678	;# 
   279     068F                     CLCnSEL1        equ	1679	;# 
   280     0690                     CLCnSEL2        equ	1680	;# 
   281     0691                     CLCnSEL3        equ	1681	;# 
   282     0692                     CLCnGLS0        equ	1682	;# 
   283     0693                     CLCnGLS1        equ	1683	;# 
   284     0694                     CLCnGLS2        equ	1684	;# 
   285     0695                     CLCnGLS3        equ	1685	;# 
   286     0696                     CLCSELECT       equ	1686	;# 
   287     0697                     CLCDATA         equ	1687	;# 
   288     070C                     RC1REG          equ	1804	;# 
   289     070D                     TX1REG          equ	1805	;# 
   290     070E                     SP1BRG          equ	1806	;# 
   291     070E                     SP1BRGL         equ	1806	;# 
   292     070F                     SP1BRGH         equ	1807	;# 
   293     0710                     RC1STA          equ	1808	;# 
   294     0711                     TX1STA          equ	1809	;# 
   295     0712                     BAUD1CON        equ	1810	;# 
   296     0716                     RC2REG          equ	1814	;# 
   297     0717                     TX2REG          equ	1815	;# 
   298     0718                     SP2BRG          equ	1816	;# 
   299     0718                     SP2BRGL         equ	1816	;# 
   300     0719                     SP2BRGH         equ	1817	;# 
   301     071A                     RC2STA          equ	1818	;# 
   302     071B                     TX2STA          equ	1819	;# 
   303     071C                     BAUD2CON        equ	1820	;# 
   304     078C                     SSP1BUF         equ	1932	;# 
   305     078D                     SSP1ADD         equ	1933	;# 
   306     078E                     SSP1MSK         equ	1934	;# 
   307     078F                     SSP1STAT        equ	1935	;# 
   308     0790                     SSP1CON1        equ	1936	;# 
   309     0791                     SSP1CON2        equ	1937	;# 
   310     0792                     SSP1CON3        equ	1938	;# 
   311     0796                     SSP2BUF         equ	1942	;# 
   312     0797                     SSP2ADD         equ	1943	;# 
   313     0798                     SSP2MSK         equ	1944	;# 
   314     0799                     SSP2STAT        equ	1945	;# 
   315     079A                     SSP2CON1        equ	1946	;# 
   316     079B                     SSP2CON2        equ	1947	;# 
   317     079C                     SSP2CON3        equ	1948	;# 
   318     080C                     CM1CON0         equ	2060	;# 
   319     080D                     CM1CON1         equ	2061	;# 
   320     080E                     CM1NCH          equ	2062	;# 
   321     080F                     CM1PCH          equ	2063	;# 
   322     0810                     CM2CON0         equ	2064	;# 
   323     0811                     CM2CON1         equ	2065	;# 
   324     0812                     CM2NCH          equ	2066	;# 
   325     0813                     CM2PCH          equ	2067	;# 
   326     081F                     CMOUT           equ	2079	;# 
   327     081F                     CMSTAT          equ	2079	;# 
   328     088C                     DAC1CON         equ	2188	;# 
   329     088D                     DAC1DATL        equ	2189	;# 
   330     0890                     DAC2CON         equ	2192	;# 
   331     0891                     DAC2DATL        equ	2193	;# 
   332     090C                     OPA1CON0        equ	2316	;# 
   333     090D                     OPA1CON1        equ	2317	;# 
   334     090E                     OPA1CON2        equ	2318	;# 
   335     090F                     OPA1CON3        equ	2319	;# 
   336     0910                     OPA1HWC         equ	2320	;# 
   337     0911                     OPA1OFFSET      equ	2321	;# 
   338     0912                     OPA1ORS         equ	2322	;# 
   339     1C8C                     NVMADR          equ	7308	;# 
   340     1C8C                     NVMADRL         equ	7308	;# 
   341     1C8D                     NVMADRH         equ	7309	;# 
   342     1C8E                     NVMDAT          equ	7310	;# 
   343     1C8E                     NVMDATL         equ	7310	;# 
   344     1C8F                     NVMDATH         equ	7311	;# 
   345     1C90                     NVMCON1         equ	7312	;# 
   346     1C91                     NVMCON2         equ	7313	;# 
   347     1C92                     SCANHADR        equ	7314	;# 
   348     1C92                     SCANHADRL       equ	7314	;# 
   349     1C93                     SCANHADRH       equ	7315	;# 
   350     1C95                     SCANLADR        equ	7317	;# 
   351     1C95                     SCANLADRL       equ	7317	;# 
   352     1C96                     SCANLADRH       equ	7318	;# 
   353     1C98                     SCANCON0        equ	7320	;# 
   354     1C99                     SCANTRIG        equ	7321	;# 
   355     1C9A                     CRCDATA         equ	7322	;# 
   356     1C9A                     CRCDATAL        equ	7322	;# 
   357     1C9B                     CRCDATAH        equ	7323	;# 
   358     1C9C                     CRCDATAU        equ	7324	;# 
   359     1C9D                     CRCDATAT        equ	7325	;# 
   360     1C9E                     CRCOUT          equ	7326	;# 
   361     1C9E                     CRCSHFT         equ	7326	;# 
   362     1C9E                     CRCXOR          equ	7326	;# 
   363     1C9E                     CRCOUTL         equ	7326	;# 
   364     1C9E                     CRCSHFTL        equ	7326	;# 
   365     1C9E                     CRCSHIFTL       equ	7326	;# 
   366     1C9E                     CRCXORL         equ	7326	;# 
   367     1C9F                     CRCOUTH         equ	7327	;# 
   368     1C9F                     CRCSHFTH        equ	7327	;# 
   369     1C9F                     CRCSHIFTH       equ	7327	;# 
   370     1C9F                     CRCXORH         equ	7327	;# 
   371     1CA0                     CRCOUTU         equ	7328	;# 
   372     1CA0                     CRCSHFTU        equ	7328	;# 
   373     1CA0                     CRCSHIFTU       equ	7328	;# 
   374     1CA0                     CRCXORU         equ	7328	;# 
   375     1CA1                     CRCOUTT         equ	7329	;# 
   376     1CA1                     CRCSHFTT        equ	7329	;# 
   377     1CA1                     CRCSHIFTT       equ	7329	;# 
   378     1CA1                     CRCXORT         equ	7329	;# 
   379     1CA2                     CRCCON0         equ	7330	;# 
   380     1CA3                     CRCCON1         equ	7331	;# 
   381     1CA4                     CRCCON2         equ	7332	;# 
   382     1D0C                     ADLTH           equ	7436	;# 
   383     1D0C                     ADLTHL          equ	7436	;# 
   384     1D0D                     ADLTHH          equ	7437	;# 
   385     1D0E                     ADUTH           equ	7438	;# 
   386     1D0E                     ADUTHL          equ	7438	;# 
   387     1D0F                     ADUTHH          equ	7439	;# 
   388     1D10                     ADERR           equ	7440	;# 
   389     1D10                     ADERRL          equ	7440	;# 
   390     1D11                     ADERRH          equ	7441	;# 
   391     1D12                     ADSTPT          equ	7442	;# 
   392     1D12                     ADSTPTL         equ	7442	;# 
   393     1D13                     ADSTPTH         equ	7443	;# 
   394     1D14                     ADFLTR          equ	7444	;# 
   395     1D14                     ADFLTRL         equ	7444	;# 
   396     1D15                     ADFLTRH         equ	7445	;# 
   397     1D16                     ADACC           equ	7446	;# 
   398     1D16                     ADACCL          equ	7446	;# 
   399     1D17                     ADACCH          equ	7447	;# 
   400     1D18                     ADACCU          equ	7448	;# 
   401     1D19                     ADCNT           equ	7449	;# 
   402     1D1A                     ADRPT           equ	7450	;# 
   403     1D1B                     ADPREV          equ	7451	;# 
   404     1D1B                     ADPREVL         equ	7451	;# 
   405     1D1C                     ADPREVH         equ	7452	;# 
   406     1D1D                     ADRES           equ	7453	;# 
   407     1D1D                     ADRESL          equ	7453	;# 
   408     1D1E                     ADRESH          equ	7454	;# 
   409     1D1F                     ADPCH           equ	7455	;# 
   410     1D20                     ADNCH           equ	7456	;# 
   411     1D21                     ADACQ           equ	7457	;# 
   412     1D21                     ADACQL          equ	7457	;# 
   413     1D22                     ADACQH          equ	7458	;# 
   414     1D23                     ADCAP           equ	7459	;# 
   415     1D24                     ADPRE           equ	7460	;# 
   416     1D24                     ADPREL          equ	7460	;# 
   417     1D25                     ADPREH          equ	7461	;# 
   418     1D26                     ADCON0          equ	7462	;# 
   419     1D27                     ADCON1          equ	7463	;# 
   420     1D28                     ADCON2          equ	7464	;# 
   421     1D29                     ADCON3          equ	7465	;# 
   422     1D2A                     ADSTAT          equ	7466	;# 
   423     1D2B                     ADREF           equ	7467	;# 
   424     1D2C                     ADACT           equ	7468	;# 
   425     1D2D                     ADCLK           equ	7469	;# 
   426     1D2E                     ADCG1A          equ	7470	;# 
   427     1D30                     ADCG1C          equ	7472	;# 
   428     1D8C                     RA0PPS          equ	7564	;# 
   429     1D8D                     RA1PPS          equ	7565	;# 
   430     1D8E                     RA2PPS          equ	7566	;# 
   431     1D90                     RA4PPS          equ	7568	;# 
   432     1D91                     RA5PPS          equ	7569	;# 
   433     1D9C                     RC0PPS          equ	7580	;# 
   434     1D9D                     RC1PPS          equ	7581	;# 
   435     1D9E                     RC2PPS          equ	7582	;# 
   436     1D9F                     RC3PPS          equ	7583	;# 
   437     1DA0                     RC4PPS          equ	7584	;# 
   438     1DA1                     RC5PPS          equ	7585	;# 
   439     1E0C                     PPSLOCK         equ	7692	;# 
   440     1E0D                     INTPPS          equ	7693	;# 
   441     1E0E                     T0CKIPPS        equ	7694	;# 
   442     1E0F                     T1CKIPPS        equ	7695	;# 
   443     1E10                     T1GPPS          equ	7696	;# 
   444     1E11                     T3CKIPPS        equ	7697	;# 
   445     1E12                     T3GPPS          equ	7698	;# 
   446     1E19                     T2INPPS         equ	7705	;# 
   447     1E1A                     T4INPPS         equ	7706	;# 
   448     1E1E                     CCP1PPS         equ	7710	;# 
   449     1E1F                     CCP2PPS         equ	7711	;# 
   450     1E24                     PWMIN0PPS       equ	7716	;# 
   451     1E25                     PWMIN1PPS       equ	7717	;# 
   452     1E26                     PWM1ERSPPS      equ	7718	;# 
   453     1E27                     PWM2ERSPPS      equ	7719	;# 
   454     1E39                     CWG1PPS         equ	7737	;# 
   455     1E3D                     CLCIN0PPS       equ	7741	;# 
   456     1E3E                     CLCIN1PPS       equ	7742	;# 
   457     1E3F                     CLCIN2PPS       equ	7743	;# 
   458     1E40                     CLCIN3PPS       equ	7744	;# 
   459     1E41                     CK1PPS          equ	7745	;# 
   460     1E41                     TX1CKPPS        equ	7745	;# 
   461     1E42                     RX1PPS          equ	7746	;# 
   462     1E42                     RX1DTPPS        equ	7746	;# 
   463     1E43                     CK2PPS          equ	7747	;# 
   464     1E43                     TX2CKPPS        equ	7747	;# 
   465     1E44                     RX2PPS          equ	7748	;# 
   466     1E44                     RX2DTPPS        equ	7748	;# 
   467     1E47                     SSP1CLKPPS      equ	7751	;# 
   468     1E48                     SSP1DATPPS      equ	7752	;# 
   469     1E49                     SSP1SSPPS       equ	7753	;# 
   470     1E4A                     SSP2CLKPPS      equ	7754	;# 
   471     1E4B                     SSP2DATPPS      equ	7755	;# 
   472     1E4C                     SSP2SSPPS       equ	7756	;# 
   473     1E50                     ADACTPPS        equ	7760	;# 
   474     1E53                     OPA1PPS         equ	7763	;# 
   475     1E8C                     ANSELA          equ	7820	;# 
   476     1E8D                     WPUA            equ	7821	;# 
   477     1E8E                     ODCONA          equ	7822	;# 
   478     1E8F                     SLRCONA         equ	7823	;# 
   479     1E90                     INLVLA          equ	7824	;# 
   480     1E91                     IOCAP           equ	7825	;# 
   481     1E92                     IOCAN           equ	7826	;# 
   482     1E93                     IOCAF           equ	7827	;# 
   483     1EA0                     ANSELC          equ	7840	;# 
   484     1EA1                     WPUC            equ	7841	;# 
   485     1EA2                     ODCONC          equ	7842	;# 
   486     1EA3                     SLRCONC         equ	7843	;# 
   487     1EA4                     INLVLC          equ	7844	;# 
   488     1EA5                     IOCCP           equ	7845	;# 
   489     1EA6                     IOCCN           equ	7846	;# 
   490     1EA7                     IOCCF           equ	7847	;# 
   491     1EE9                     RC0I2C          equ	7913	;# 
   492     1EEA                     RC1I2C          equ	7914	;# 
   493     1EEC                     RC4I2C          equ	7916	;# 
   494     1EED                     RC5I2C          equ	7917	;# 
   495     1F0C                     UMTOAP          equ	7948	;# 
   496     1F0D                     UMTOAL          equ	7949	;# 
   497     1F0E                     UMTOAH          equ	7950	;# 
   498     1FE4                     STATUS_SHAD     equ	8164	;# 
   499     1FE5                     WREG_SHAD       equ	8165	;# 
   500     1FE6                     BSR_SHAD        equ	8166	;# 
   501     1FE7                     PCLATH_SHAD     equ	8167	;# 
   502     1FE8                     FSR0_SHAD       equ	8168	;# 
   503     1FE8                     FSR0L_SHAD      equ	8168	;# 
   504     1FE9                     FSR0H_SHAD      equ	8169	;# 
   505     1FEA                     FSR1_SHAD       equ	8170	;# 
   506     1FEA                     FSR1L_SHAD      equ	8170	;# 
   507     1FEB                     FSR1H_SHAD      equ	8171	;# 
   508     1FED                     STKPTR          equ	8173	;# 
   509     1FEE                     TOSL            equ	8174	;# 
   510     1FEF                     TOSH            equ	8175	;# 
   511     0000                     INDF0           equ	0	;# 
   512     0001                     INDF1           equ	1	;# 
   513     0002                     PCL             equ	2	;# 
   514     0003                     STATUS          equ	3	;# 
   515     0004                     FSR0L           equ	4	;# 
   516     0005                     FSR0H           equ	5	;# 
   517     0006                     FSR1L           equ	6	;# 
   518     0007                     FSR1H           equ	7	;# 
   519     0008                     BSR             equ	8	;# 
   520     0009                     WREG            equ	9	;# 
   521     000A                     PCLATH          equ	10	;# 
   522     000B                     INTCON          equ	11	;# 
   523     000C                     PORTA           equ	12	;# 
   524     000E                     PORTC           equ	14	;# 
   525     0012                     TRISA           equ	18	;# 
   526     0014                     TRISC           equ	20	;# 
   527     0018                     LATA            equ	24	;# 
   528     001A                     LATC            equ	26	;# 
   529     008C                     PIR0            equ	140	;# 
   530     008D                     PIR1            equ	141	;# 
   531     008E                     PIR2            equ	142	;# 
   532     008F                     PIR3            equ	143	;# 
   533     0090                     PIR4            equ	144	;# 
   534     0091                     PIR5            equ	145	;# 
   535     0092                     PIR6            equ	146	;# 
   536     0096                     PIE0            equ	150	;# 
   537     0097                     PIE1            equ	151	;# 
   538     0098                     PIE2            equ	152	;# 
   539     0099                     PIE3            equ	153	;# 
   540     009A                     PIE4            equ	154	;# 
   541     009B                     PIE5            equ	155	;# 
   542     009C                     PIE6            equ	156	;# 
   543     010C                     PMD0            equ	268	;# 
   544     010D                     PMD1            equ	269	;# 
   545     010E                     PMD2            equ	270	;# 
   546     010F                     PMD3            equ	271	;# 
   547     0110                     PMD4            equ	272	;# 
   548     018C                     WDTCON0         equ	396	;# 
   549     018D                     WDTCON1         equ	397	;# 
   550     018E                     WDTPS           equ	398	;# 
   551     018E                     WDTPSL          equ	398	;# 
   552     018F                     WDTPSH          equ	399	;# 
   553     0190                     WDTTMR          equ	400	;# 
   554     0191                     BORCON          equ	401	;# 
   555     0192                     PCON0           equ	402	;# 
   556     0193                     PCON1           equ	403	;# 
   557     019C                     TMR0L           equ	412	;# 
   558     019C                     TMR0            equ	412	;# 
   559     019D                     TMR0H           equ	413	;# 
   560     019D                     PR0             equ	413	;# 
   561     019E                     T0CON0          equ	414	;# 
   562     019F                     T0CON1          equ	415	;# 
   563     020C                     FVRCON          equ	524	;# 
   564     020D                     CPCON           equ	525	;# 
   565     021F                     ZCDCON          equ	543	;# 
   566     028C                     CPUDOZE         equ	652	;# 
   567     028D                     OSCCON1         equ	653	;# 
   568     028E                     OSCCON2         equ	654	;# 
   569     028F                     OSCCON3         equ	655	;# 
   570     0290                     OSCSTAT         equ	656	;# 
   571     0291                     OSCEN           equ	657	;# 
   572     0292                     OSCTUNE         equ	658	;# 
   573     0293                     OSCFRQ          equ	659	;# 
   574     0294                     ACTCON          equ	660	;# 
   575     0296                     CLKRCON         equ	662	;# 
   576     0297                     CLKRCLK         equ	663	;# 
   577     030C                     TMR1            equ	780	;# 
   578     030C                     TMR1L           equ	780	;# 
   579     030D                     TMR1H           equ	781	;# 
   580     030E                     T1CON           equ	782	;# 
   581     030F                     T1GCON          equ	783	;# 
   582     030F                     PR1             equ	783	;# 
   583     0310                     T1GATE          equ	784	;# 
   584     0310                     TMR1GATE        equ	784	;# 
   585     0311                     T1CLK           equ	785	;# 
   586     0311                     TMR1CLK         equ	785	;# 
   587     0312                     TMR3            equ	786	;# 
   588     0312                     TMR3L           equ	786	;# 
   589     0313                     TMR3H           equ	787	;# 
   590     0314                     T3CON           equ	788	;# 
   591     0315                     T3GCON          equ	789	;# 
   592     0315                     PR3             equ	789	;# 
   593     0316                     T3GATE          equ	790	;# 
   594     0316                     TMR3GATE        equ	790	;# 
   595     0317                     T3CLK           equ	791	;# 
   596     0317                     TMR3CLK         equ	791	;# 
   597     038C                     T2TMR           equ	908	;# 
   598     038C                     TMR2            equ	908	;# 
   599     038D                     T2PR            equ	909	;# 
   600     038D                     PR2             equ	909	;# 
   601     038E                     T2CON           equ	910	;# 
   602     038F                     T2HLT           equ	911	;# 
   603     0390                     T2CLKCON        equ	912	;# 
   604     0390                     T2CLK           equ	912	;# 
   605     0391                     T2RST           equ	913	;# 
   606     0392                     T4TMR           equ	914	;# 
   607     0392                     TMR4            equ	914	;# 
   608     0393                     T4PR            equ	915	;# 
   609     0393                     PR4             equ	915	;# 
   610     0394                     T4CON           equ	916	;# 
   611     0395                     T4HLT           equ	917	;# 
   612     0396                     T4CLKCON        equ	918	;# 
   613     0396                     T4CLK           equ	918	;# 
   614     0397                     T4RST           equ	919	;# 
   615     040C                     CCPR1           equ	1036	;# 
   616     040C                     CCPR1L          equ	1036	;# 
   617     040D                     CCPR1H          equ	1037	;# 
   618     040E                     CCP1CON         equ	1038	;# 
   619     040F                     CCP1CAP         equ	1039	;# 
   620     0410                     CCPR2           equ	1040	;# 
   621     0410                     CCPR2L          equ	1040	;# 
   622     0411                     CCPR2H          equ	1041	;# 
   623     0412                     CCP2CON         equ	1042	;# 
   624     0413                     CCP2CAP         equ	1043	;# 
   625     041F                     CCPTMRS0        equ	1055	;# 
   626     048C                     PWM1ERS         equ	1164	;# 
   627     048D                     PWM1CLK         equ	1165	;# 
   628     048E                     PWM1LDS         equ	1166	;# 
   629     048F                     PWM1PR          equ	1167	;# 
   630     048F                     PWM1PRL         equ	1167	;# 
   631     0490                     PWM1PRH         equ	1168	;# 
   632     0491                     PWM1CPRE        equ	1169	;# 
   633     0492                     PWM1PIPOS       equ	1170	;# 
   634     0493                     PWM1GIR         equ	1171	;# 
   635     0494                     PWM1GIE         equ	1172	;# 
   636     0495                     PWM1CON         equ	1173	;# 
   637     0496                     PWM1S1CFG       equ	1174	;# 
   638     0497                     PWM1S1P1        equ	1175	;# 
   639     0497                     PWM1S1P1L       equ	1175	;# 
   640     0498                     PWM1S1P1H       equ	1176	;# 
   641     0499                     PWM1S1P2        equ	1177	;# 
   642     0499                     PWM1S1P2L       equ	1177	;# 
   643     049A                     PWM1S1P2H       equ	1178	;# 
   644     049E                     PWMLOAD         equ	1182	;# 
   645     049F                     PWMEN           equ	1183	;# 
   646     050C                     PWM2ERS         equ	1292	;# 
   647     050D                     PWM2CLK         equ	1293	;# 
   648     050E                     PWM2LDS         equ	1294	;# 
   649     050F                     PWM2PR          equ	1295	;# 
   650     050F                     PWM2PRL         equ	1295	;# 
   651     0510                     PWM2PRH         equ	1296	;# 
   652     0511                     PWM2CPRE        equ	1297	;# 
   653     0512                     PWM2PIPOS       equ	1298	;# 
   654     0513                     PWM2GIR         equ	1299	;# 
   655     0514                     PWM2GIE         equ	1300	;# 
   656     0515                     PWM2CON         equ	1301	;# 
   657     0516                     PWM2S1CFG       equ	1302	;# 
   658     0517                     PWM2S1P1        equ	1303	;# 
   659     0517                     PWM2S1P1L       equ	1303	;# 
   660     0518                     PWM2S1P1H       equ	1304	;# 
   661     0519                     PWM2S1P2        equ	1305	;# 
   662     0519                     PWM2S1P2L       equ	1305	;# 
   663     051A                     PWM2S1P2H       equ	1306	;# 
   664     058C                     NCO1ACC         equ	1420	;# 
   665     058C                     NCO1ACCL        equ	1420	;# 
   666     058D                     NCO1ACCH        equ	1421	;# 
   667     058E                     NCO1ACCU        equ	1422	;# 
   668     058F                     NCO1INC         equ	1423	;# 
   669     058F                     NCO1INCL        equ	1423	;# 
   670     0590                     NCO1INCH        equ	1424	;# 
   671     0591                     NCO1INCU        equ	1425	;# 
   672     0592                     NCO1CON         equ	1426	;# 
   673     0593                     NCO1CLK         equ	1427	;# 
   674     060C                     CWG1CLK         equ	1548	;# 
   675     060C                     CWG1CLKCON      equ	1548	;# 
   676     060D                     CWG1ISM         equ	1549	;# 
   677     060D                     CWG1DAT         equ	1549	;# 
   678     060E                     CWG1DBR         equ	1550	;# 
   679     060F                     CWG1DBF         equ	1551	;# 
   680     0610                     CWG1CON0        equ	1552	;# 
   681     0611                     CWG1CON1        equ	1553	;# 
   682     0612                     CWG1AS0         equ	1554	;# 
   683     0613                     CWG1AS1         equ	1555	;# 
   684     0614                     CWG1STR         equ	1556	;# 
   685     068C                     CLCnCON         equ	1676	;# 
   686     068D                     CLCnPOL         equ	1677	;# 
   687     068E                     CLCnSEL0        equ	1678	;# 
   688     068F                     CLCnSEL1        equ	1679	;# 
   689     0690                     CLCnSEL2        equ	1680	;# 
   690     0691                     CLCnSEL3        equ	1681	;# 
   691     0692                     CLCnGLS0        equ	1682	;# 
   692     0693                     CLCnGLS1        equ	1683	;# 
   693     0694                     CLCnGLS2        equ	1684	;# 
   694     0695                     CLCnGLS3        equ	1685	;# 
   695     0696                     CLCSELECT       equ	1686	;# 
   696     0697                     CLCDATA         equ	1687	;# 
   697     070C                     RC1REG          equ	1804	;# 
   698     070D                     TX1REG          equ	1805	;# 
   699     070E                     SP1BRG          equ	1806	;# 
   700     070E                     SP1BRGL         equ	1806	;# 
   701     070F                     SP1BRGH         equ	1807	;# 
   702     0710                     RC1STA          equ	1808	;# 
   703     0711                     TX1STA          equ	1809	;# 
   704     0712                     BAUD1CON        equ	1810	;# 
   705     0716                     RC2REG          equ	1814	;# 
   706     0717                     TX2REG          equ	1815	;# 
   707     0718                     SP2BRG          equ	1816	;# 
   708     0718                     SP2BRGL         equ	1816	;# 
   709     0719                     SP2BRGH         equ	1817	;# 
   710     071A                     RC2STA          equ	1818	;# 
   711     071B                     TX2STA          equ	1819	;# 
   712     071C                     BAUD2CON        equ	1820	;# 
   713     078C                     SSP1BUF         equ	1932	;# 
   714     078D                     SSP1ADD         equ	1933	;# 
   715     078E                     SSP1MSK         equ	1934	;# 
   716     078F                     SSP1STAT        equ	1935	;# 
   717     0790                     SSP1CON1        equ	1936	;# 
   718     0791                     SSP1CON2        equ	1937	;# 
   719     0792                     SSP1CON3        equ	1938	;# 
   720     0796                     SSP2BUF         equ	1942	;# 
   721     0797                     SSP2ADD         equ	1943	;# 
   722     0798                     SSP2MSK         equ	1944	;# 
   723     0799                     SSP2STAT        equ	1945	;# 
   724     079A                     SSP2CON1        equ	1946	;# 
   725     079B                     SSP2CON2        equ	1947	;# 
   726     079C                     SSP2CON3        equ	1948	;# 
   727     080C                     CM1CON0         equ	2060	;# 
   728     080D                     CM1CON1         equ	2061	;# 
   729     080E                     CM1NCH          equ	2062	;# 
   730     080F                     CM1PCH          equ	2063	;# 
   731     0810                     CM2CON0         equ	2064	;# 
   732     0811                     CM2CON1         equ	2065	;# 
   733     0812                     CM2NCH          equ	2066	;# 
   734     0813                     CM2PCH          equ	2067	;# 
   735     081F                     CMOUT           equ	2079	;# 
   736     081F                     CMSTAT          equ	2079	;# 
   737     088C                     DAC1CON         equ	2188	;# 
   738     088D                     DAC1DATL        equ	2189	;# 
   739     0890                     DAC2CON         equ	2192	;# 
   740     0891                     DAC2DATL        equ	2193	;# 
   741     090C                     OPA1CON0        equ	2316	;# 
   742     090D                     OPA1CON1        equ	2317	;# 
   743     090E                     OPA1CON2        equ	2318	;# 
   744     090F                     OPA1CON3        equ	2319	;# 
   745     0910                     OPA1HWC         equ	2320	;# 
   746     0911                     OPA1OFFSET      equ	2321	;# 
   747     0912                     OPA1ORS         equ	2322	;# 
   748     1C8C                     NVMADR          equ	7308	;# 
   749     1C8C                     NVMADRL         equ	7308	;# 
   750     1C8D                     NVMADRH         equ	7309	;# 
   751     1C8E                     NVMDAT          equ	7310	;# 
   752     1C8E                     NVMDATL         equ	7310	;# 
   753     1C8F                     NVMDATH         equ	7311	;# 
   754     1C90                     NVMCON1         equ	7312	;# 
   755     1C91                     NVMCON2         equ	7313	;# 
   756     1C92                     SCANHADR        equ	7314	;# 
   757     1C92                     SCANHADRL       equ	7314	;# 
   758     1C93                     SCANHADRH       equ	7315	;# 
   759     1C95                     SCANLADR        equ	7317	;# 
   760     1C95                     SCANLADRL       equ	7317	;# 
   761     1C96                     SCANLADRH       equ	7318	;# 
   762     1C98                     SCANCON0        equ	7320	;# 
   763     1C99                     SCANTRIG        equ	7321	;# 
   764     1C9A                     CRCDATA         equ	7322	;# 
   765     1C9A                     CRCDATAL        equ	7322	;# 
   766     1C9B                     CRCDATAH        equ	7323	;# 
   767     1C9C                     CRCDATAU        equ	7324	;# 
   768     1C9D                     CRCDATAT        equ	7325	;# 
   769     1C9E                     CRCOUT          equ	7326	;# 
   770     1C9E                     CRCSHFT         equ	7326	;# 
   771     1C9E                     CRCXOR          equ	7326	;# 
   772     1C9E                     CRCOUTL         equ	7326	;# 
   773     1C9E                     CRCSHFTL        equ	7326	;# 
   774     1C9E                     CRCSHIFTL       equ	7326	;# 
   775     1C9E                     CRCXORL         equ	7326	;# 
   776     1C9F                     CRCOUTH         equ	7327	;# 
   777     1C9F                     CRCSHFTH        equ	7327	;# 
   778     1C9F                     CRCSHIFTH       equ	7327	;# 
   779     1C9F                     CRCXORH         equ	7327	;# 
   780     1CA0                     CRCOUTU         equ	7328	;# 
   781     1CA0                     CRCSHFTU        equ	7328	;# 
   782     1CA0                     CRCSHIFTU       equ	7328	;# 
   783     1CA0                     CRCXORU         equ	7328	;# 
   784     1CA1                     CRCOUTT         equ	7329	;# 
   785     1CA1                     CRCSHFTT        equ	7329	;# 
   786     1CA1                     CRCSHIFTT       equ	7329	;# 
   787     1CA1                     CRCXORT         equ	7329	;# 
   788     1CA2                     CRCCON0         equ	7330	;# 
   789     1CA3                     CRCCON1         equ	7331	;# 
   790     1CA4                     CRCCON2         equ	7332	;# 
   791     1D0C                     ADLTH           equ	7436	;# 
   792     1D0C                     ADLTHL          equ	7436	;# 
   793     1D0D                     ADLTHH          equ	7437	;# 
   794     1D0E                     ADUTH           equ	7438	;# 
   795     1D0E                     ADUTHL          equ	7438	;# 
   796     1D0F                     ADUTHH          equ	7439	;# 
   797     1D10                     ADERR           equ	7440	;# 
   798     1D10                     ADERRL          equ	7440	;# 
   799     1D11                     ADERRH          equ	7441	;# 
   800     1D12                     ADSTPT          equ	7442	;# 
   801     1D12                     ADSTPTL         equ	7442	;# 
   802     1D13                     ADSTPTH         equ	7443	;# 
   803     1D14                     ADFLTR          equ	7444	;# 
   804     1D14                     ADFLTRL         equ	7444	;# 
   805     1D15                     ADFLTRH         equ	7445	;# 
   806     1D16                     ADACC           equ	7446	;# 
   807     1D16                     ADACCL          equ	7446	;# 
   808     1D17                     ADACCH          equ	7447	;# 
   809     1D18                     ADACCU          equ	7448	;# 
   810     1D19                     ADCNT           equ	7449	;# 
   811     1D1A                     ADRPT           equ	7450	;# 
   812     1D1B                     ADPREV          equ	7451	;# 
   813     1D1B                     ADPREVL         equ	7451	;# 
   814     1D1C                     ADPREVH         equ	7452	;# 
   815     1D1D                     ADRES           equ	7453	;# 
   816     1D1D                     ADRESL          equ	7453	;# 
   817     1D1E                     ADRESH          equ	7454	;# 
   818     1D1F                     ADPCH           equ	7455	;# 
   819     1D20                     ADNCH           equ	7456	;# 
   820     1D21                     ADACQ           equ	7457	;# 
   821     1D21                     ADACQL          equ	7457	;# 
   822     1D22                     ADACQH          equ	7458	;# 
   823     1D23                     ADCAP           equ	7459	;# 
   824     1D24                     ADPRE           equ	7460	;# 
   825     1D24                     ADPREL          equ	7460	;# 
   826     1D25                     ADPREH          equ	7461	;# 
   827     1D26                     ADCON0          equ	7462	;# 
   828     1D27                     ADCON1          equ	7463	;# 
   829     1D28                     ADCON2          equ	7464	;# 
   830     1D29                     ADCON3          equ	7465	;# 
   831     1D2A                     ADSTAT          equ	7466	;# 
   832     1D2B                     ADREF           equ	7467	;# 
   833     1D2C                     ADACT           equ	7468	;# 
   834     1D2D                     ADCLK           equ	7469	;# 
   835     1D2E                     ADCG1A          equ	7470	;# 
   836     1D30                     ADCG1C          equ	7472	;# 
   837     1D8C                     RA0PPS          equ	7564	;# 
   838     1D8D                     RA1PPS          equ	7565	;# 
   839     1D8E                     RA2PPS          equ	7566	;# 
   840     1D90                     RA4PPS          equ	7568	;# 
   841     1D91                     RA5PPS          equ	7569	;# 
   842     1D9C                     RC0PPS          equ	7580	;# 
   843     1D9D                     RC1PPS          equ	7581	;# 
   844     1D9E                     RC2PPS          equ	7582	;# 
   845     1D9F                     RC3PPS          equ	7583	;# 
   846     1DA0                     RC4PPS          equ	7584	;# 
   847     1DA1                     RC5PPS          equ	7585	;# 
   848     1E0C                     PPSLOCK         equ	7692	;# 
   849     1E0D                     INTPPS          equ	7693	;# 
   850     1E0E                     T0CKIPPS        equ	7694	;# 
   851     1E0F                     T1CKIPPS        equ	7695	;# 
   852     1E10                     T1GPPS          equ	7696	;# 
   853     1E11                     T3CKIPPS        equ	7697	;# 
   854     1E12                     T3GPPS          equ	7698	;# 
   855     1E19                     T2INPPS         equ	7705	;# 
   856     1E1A                     T4INPPS         equ	7706	;# 
   857     1E1E                     CCP1PPS         equ	7710	;# 
   858     1E1F                     CCP2PPS         equ	7711	;# 
   859     1E24                     PWMIN0PPS       equ	7716	;# 
   860     1E25                     PWMIN1PPS       equ	7717	;# 
   861     1E26                     PWM1ERSPPS      equ	7718	;# 
   862     1E27                     PWM2ERSPPS      equ	7719	;# 
   863     1E39                     CWG1PPS         equ	7737	;# 
   864     1E3D                     CLCIN0PPS       equ	7741	;# 
   865     1E3E                     CLCIN1PPS       equ	7742	;# 
   866     1E3F                     CLCIN2PPS       equ	7743	;# 
   867     1E40                     CLCIN3PPS       equ	7744	;# 
   868     1E41                     CK1PPS          equ	7745	;# 
   869     1E41                     TX1CKPPS        equ	7745	;# 
   870     1E42                     RX1PPS          equ	7746	;# 
   871     1E42                     RX1DTPPS        equ	7746	;# 
   872     1E43                     CK2PPS          equ	7747	;# 
   873     1E43                     TX2CKPPS        equ	7747	;# 
   874     1E44                     RX2PPS          equ	7748	;# 
   875     1E44                     RX2DTPPS        equ	7748	;# 
   876     1E47                     SSP1CLKPPS      equ	7751	;# 
   877     1E48                     SSP1DATPPS      equ	7752	;# 
   878     1E49                     SSP1SSPPS       equ	7753	;# 
   879     1E4A                     SSP2CLKPPS      equ	7754	;# 
   880     1E4B                     SSP2DATPPS      equ	7755	;# 
   881     1E4C                     SSP2SSPPS       equ	7756	;# 
   882     1E50                     ADACTPPS        equ	7760	;# 
   883     1E53                     OPA1PPS         equ	7763	;# 
   884     1E8C                     ANSELA          equ	7820	;# 
   885     1E8D                     WPUA            equ	7821	;# 
   886     1E8E                     ODCONA          equ	7822	;# 
   887     1E8F                     SLRCONA         equ	7823	;# 
   888     1E90                     INLVLA          equ	7824	;# 
   889     1E91                     IOCAP           equ	7825	;# 
   890     1E92                     IOCAN           equ	7826	;# 
   891     1E93                     IOCAF           equ	7827	;# 
   892     1EA0                     ANSELC          equ	7840	;# 
   893     1EA1                     WPUC            equ	7841	;# 
   894     1EA2                     ODCONC          equ	7842	;# 
   895     1EA3                     SLRCONC         equ	7843	;# 
   896     1EA4                     INLVLC          equ	7844	;# 
   897     1EA5                     IOCCP           equ	7845	;# 
   898     1EA6                     IOCCN           equ	7846	;# 
   899     1EA7                     IOCCF           equ	7847	;# 
   900     1EE9                     RC0I2C          equ	7913	;# 
   901     1EEA                     RC1I2C          equ	7914	;# 
   902     1EEC                     RC4I2C          equ	7916	;# 
   903     1EED                     RC5I2C          equ	7917	;# 
   904     1F0C                     UMTOAP          equ	7948	;# 
   905     1F0D                     UMTOAL          equ	7949	;# 
   906     1F0E                     UMTOAH          equ	7950	;# 
   907     1FE4                     STATUS_SHAD     equ	8164	;# 
   908     1FE5                     WREG_SHAD       equ	8165	;# 
   909     1FE6                     BSR_SHAD        equ	8166	;# 
   910     1FE7                     PCLATH_SHAD     equ	8167	;# 
   911     1FE8                     FSR0_SHAD       equ	8168	;# 
   912     1FE8                     FSR0L_SHAD      equ	8168	;# 
   913     1FE9                     FSR0H_SHAD      equ	8169	;# 
   914     1FEA                     FSR1_SHAD       equ	8170	;# 
   915     1FEA                     FSR1L_SHAD      equ	8170	;# 
   916     1FEB                     FSR1H_SHAD      equ	8171	;# 
   917     1FED                     STKPTR          equ	8173	;# 
   918     1FEE                     TOSL            equ	8174	;# 
   919     1FEF                     TOSH            equ	8175	;# 
   920     0000                     INDF0           equ	0	;# 
   921     0001                     INDF1           equ	1	;# 
   922     0002                     PCL             equ	2	;# 
   923     0003                     STATUS          equ	3	;# 
   924     0004                     FSR0L           equ	4	;# 
   925     0005                     FSR0H           equ	5	;# 
   926     0006                     FSR1L           equ	6	;# 
   927     0007                     FSR1H           equ	7	;# 
   928     0008                     BSR             equ	8	;# 
   929     0009                     WREG            equ	9	;# 
   930     000A                     PCLATH          equ	10	;# 
   931     000B                     INTCON          equ	11	;# 
   932     000C                     PORTA           equ	12	;# 
   933     000E                     PORTC           equ	14	;# 
   934     0012                     TRISA           equ	18	;# 
   935     0014                     TRISC           equ	20	;# 
   936     0018                     LATA            equ	24	;# 
   937     001A                     LATC            equ	26	;# 
   938     008C                     PIR0            equ	140	;# 
   939     008D                     PIR1            equ	141	;# 
   940     008E                     PIR2            equ	142	;# 
   941     008F                     PIR3            equ	143	;# 
   942     0090                     PIR4            equ	144	;# 
   943     0091                     PIR5            equ	145	;# 
   944     0092                     PIR6            equ	146	;# 
   945     0096                     PIE0            equ	150	;# 
   946     0097                     PIE1            equ	151	;# 
   947     0098                     PIE2            equ	152	;# 
   948     0099                     PIE3            equ	153	;# 
   949     009A                     PIE4            equ	154	;# 
   950     009B                     PIE5            equ	155	;# 
   951     009C                     PIE6            equ	156	;# 
   952     010C                     PMD0            equ	268	;# 
   953     010D                     PMD1            equ	269	;# 
   954     010E                     PMD2            equ	270	;# 
   955     010F                     PMD3            equ	271	;# 
   956     0110                     PMD4            equ	272	;# 
   957     018C                     WDTCON0         equ	396	;# 
   958     018D                     WDTCON1         equ	397	;# 
   959     018E                     WDTPS           equ	398	;# 
   960     018E                     WDTPSL          equ	398	;# 
   961     018F                     WDTPSH          equ	399	;# 
   962     0190                     WDTTMR          equ	400	;# 
   963     0191                     BORCON          equ	401	;# 
   964     0192                     PCON0           equ	402	;# 
   965     0193                     PCON1           equ	403	;# 
   966     019C                     TMR0L           equ	412	;# 
   967     019C                     TMR0            equ	412	;# 
   968     019D                     TMR0H           equ	413	;# 
   969     019D                     PR0             equ	413	;# 
   970     019E                     T0CON0          equ	414	;# 
   971     019F                     T0CON1          equ	415	;# 
   972     020C                     FVRCON          equ	524	;# 
   973     020D                     CPCON           equ	525	;# 
   974     021F                     ZCDCON          equ	543	;# 
   975     028C                     CPUDOZE         equ	652	;# 
   976     028D                     OSCCON1         equ	653	;# 
   977     028E                     OSCCON2         equ	654	;# 
   978     028F                     OSCCON3         equ	655	;# 
   979     0290                     OSCSTAT         equ	656	;# 
   980     0291                     OSCEN           equ	657	;# 
   981     0292                     OSCTUNE         equ	658	;# 
   982     0293                     OSCFRQ          equ	659	;# 
   983     0294                     ACTCON          equ	660	;# 
   984     0296                     CLKRCON         equ	662	;# 
   985     0297                     CLKRCLK         equ	663	;# 
   986     030C                     TMR1            equ	780	;# 
   987     030C                     TMR1L           equ	780	;# 
   988     030D                     TMR1H           equ	781	;# 
   989     030E                     T1CON           equ	782	;# 
   990     030F                     T1GCON          equ	783	;# 
   991     030F                     PR1             equ	783	;# 
   992     0310                     T1GATE          equ	784	;# 
   993     0310                     TMR1GATE        equ	784	;# 
   994     0311                     T1CLK           equ	785	;# 
   995     0311                     TMR1CLK         equ	785	;# 
   996     0312                     TMR3            equ	786	;# 
   997     0312                     TMR3L           equ	786	;# 
   998     0313                     TMR3H           equ	787	;# 
   999     0314                     T3CON           equ	788	;# 
  1000     0315                     T3GCON          equ	789	;# 
  1001     0315                     PR3             equ	789	;# 
  1002     0316                     T3GATE          equ	790	;# 
  1003     0316                     TMR3GATE        equ	790	;# 
  1004     0317                     T3CLK           equ	791	;# 
  1005     0317                     TMR3CLK         equ	791	;# 
  1006     038C                     T2TMR           equ	908	;# 
  1007     038C                     TMR2            equ	908	;# 
  1008     038D                     T2PR            equ	909	;# 
  1009     038D                     PR2             equ	909	;# 
  1010     038E                     T2CON           equ	910	;# 
  1011     038F                     T2HLT           equ	911	;# 
  1012     0390                     T2CLKCON        equ	912	;# 
  1013     0390                     T2CLK           equ	912	;# 
  1014     0391                     T2RST           equ	913	;# 
  1015     0392                     T4TMR           equ	914	;# 
  1016     0392                     TMR4            equ	914	;# 
  1017     0393                     T4PR            equ	915	;# 
  1018     0393                     PR4             equ	915	;# 
  1019     0394                     T4CON           equ	916	;# 
  1020     0395                     T4HLT           equ	917	;# 
  1021     0396                     T4CLKCON        equ	918	;# 
  1022     0396                     T4CLK           equ	918	;# 
  1023     0397                     T4RST           equ	919	;# 
  1024     040C                     CCPR1           equ	1036	;# 
  1025     040C                     CCPR1L          equ	1036	;# 
  1026     040D                     CCPR1H          equ	1037	;# 
  1027     040E                     CCP1CON         equ	1038	;# 
  1028     040F                     CCP1CAP         equ	1039	;# 
  1029     0410                     CCPR2           equ	1040	;# 
  1030     0410                     CCPR2L          equ	1040	;# 
  1031     0411                     CCPR2H          equ	1041	;# 
  1032     0412                     CCP2CON         equ	1042	;# 
  1033     0413                     CCP2CAP         equ	1043	;# 
  1034     041F                     CCPTMRS0        equ	1055	;# 
  1035     048C                     PWM1ERS         equ	1164	;# 
  1036     048D                     PWM1CLK         equ	1165	;# 
  1037     048E                     PWM1LDS         equ	1166	;# 
  1038     048F                     PWM1PR          equ	1167	;# 
  1039     048F                     PWM1PRL         equ	1167	;# 
  1040     0490                     PWM1PRH         equ	1168	;# 
  1041     0491                     PWM1CPRE        equ	1169	;# 
  1042     0492                     PWM1PIPOS       equ	1170	;# 
  1043     0493                     PWM1GIR         equ	1171	;# 
  1044     0494                     PWM1GIE         equ	1172	;# 
  1045     0495                     PWM1CON         equ	1173	;# 
  1046     0496                     PWM1S1CFG       equ	1174	;# 
  1047     0497                     PWM1S1P1        equ	1175	;# 
  1048     0497                     PWM1S1P1L       equ	1175	;# 
  1049     0498                     PWM1S1P1H       equ	1176	;# 
  1050     0499                     PWM1S1P2        equ	1177	;# 
  1051     0499                     PWM1S1P2L       equ	1177	;# 
  1052     049A                     PWM1S1P2H       equ	1178	;# 
  1053     049E                     PWMLOAD         equ	1182	;# 
  1054     049F                     PWMEN           equ	1183	;# 
  1055     050C                     PWM2ERS         equ	1292	;# 
  1056     050D                     PWM2CLK         equ	1293	;# 
  1057     050E                     PWM2LDS         equ	1294	;# 
  1058     050F                     PWM2PR          equ	1295	;# 
  1059     050F                     PWM2PRL         equ	1295	;# 
  1060     0510                     PWM2PRH         equ	1296	;# 
  1061     0511                     PWM2CPRE        equ	1297	;# 
  1062     0512                     PWM2PIPOS       equ	1298	;# 
  1063     0513                     PWM2GIR         equ	1299	;# 
  1064     0514                     PWM2GIE         equ	1300	;# 
  1065     0515                     PWM2CON         equ	1301	;# 
  1066     0516                     PWM2S1CFG       equ	1302	;# 
  1067     0517                     PWM2S1P1        equ	1303	;# 
  1068     0517                     PWM2S1P1L       equ	1303	;# 
  1069     0518                     PWM2S1P1H       equ	1304	;# 
  1070     0519                     PWM2S1P2        equ	1305	;# 
  1071     0519                     PWM2S1P2L       equ	1305	;# 
  1072     051A                     PWM2S1P2H       equ	1306	;# 
  1073     058C                     NCO1ACC         equ	1420	;# 
  1074     058C                     NCO1ACCL        equ	1420	;# 
  1075     058D                     NCO1ACCH        equ	1421	;# 
  1076     058E                     NCO1ACCU        equ	1422	;# 
  1077     058F                     NCO1INC         equ	1423	;# 
  1078     058F                     NCO1INCL        equ	1423	;# 
  1079     0590                     NCO1INCH        equ	1424	;# 
  1080     0591                     NCO1INCU        equ	1425	;# 
  1081     0592                     NCO1CON         equ	1426	;# 
  1082     0593                     NCO1CLK         equ	1427	;# 
  1083     060C                     CWG1CLK         equ	1548	;# 
  1084     060C                     CWG1CLKCON      equ	1548	;# 
  1085     060D                     CWG1ISM         equ	1549	;# 
  1086     060D                     CWG1DAT         equ	1549	;# 
  1087     060E                     CWG1DBR         equ	1550	;# 
  1088     060F                     CWG1DBF         equ	1551	;# 
  1089     0610                     CWG1CON0        equ	1552	;# 
  1090     0611                     CWG1CON1        equ	1553	;# 
  1091     0612                     CWG1AS0         equ	1554	;# 
  1092     0613                     CWG1AS1         equ	1555	;# 
  1093     0614                     CWG1STR         equ	1556	;# 
  1094     068C                     CLCnCON         equ	1676	;# 
  1095     068D                     CLCnPOL         equ	1677	;# 
  1096     068E                     CLCnSEL0        equ	1678	;# 
  1097     068F                     CLCnSEL1        equ	1679	;# 
  1098     0690                     CLCnSEL2        equ	1680	;# 
  1099     0691                     CLCnSEL3        equ	1681	;# 
  1100     0692                     CLCnGLS0        equ	1682	;# 
  1101     0693                     CLCnGLS1        equ	1683	;# 
  1102     0694                     CLCnGLS2        equ	1684	;# 
  1103     0695                     CLCnGLS3        equ	1685	;# 
  1104     0696                     CLCSELECT       equ	1686	;# 
  1105     0697                     CLCDATA         equ	1687	;# 
  1106     070C                     RC1REG          equ	1804	;# 
  1107     070D                     TX1REG          equ	1805	;# 
  1108     070E                     SP1BRG          equ	1806	;# 
  1109     070E                     SP1BRGL         equ	1806	;# 
  1110     070F                     SP1BRGH         equ	1807	;# 
  1111     0710                     RC1STA          equ	1808	;# 
  1112     0711                     TX1STA          equ	1809	;# 
  1113     0712                     BAUD1CON        equ	1810	;# 
  1114     0716                     RC2REG          equ	1814	;# 
  1115     0717                     TX2REG          equ	1815	;# 
  1116     0718                     SP2BRG          equ	1816	;# 
  1117     0718                     SP2BRGL         equ	1816	;# 
  1118     0719                     SP2BRGH         equ	1817	;# 
  1119     071A                     RC2STA          equ	1818	;# 
  1120     071B                     TX2STA          equ	1819	;# 
  1121     071C                     BAUD2CON        equ	1820	;# 
  1122     078C                     SSP1BUF         equ	1932	;# 
  1123     078D                     SSP1ADD         equ	1933	;# 
  1124     078E                     SSP1MSK         equ	1934	;# 
  1125     078F                     SSP1STAT        equ	1935	;# 
  1126     0790                     SSP1CON1        equ	1936	;# 
  1127     0791                     SSP1CON2        equ	1937	;# 
  1128     0792                     SSP1CON3        equ	1938	;# 
  1129     0796                     SSP2BUF         equ	1942	;# 
  1130     0797                     SSP2ADD         equ	1943	;# 
  1131     0798                     SSP2MSK         equ	1944	;# 
  1132     0799                     SSP2STAT        equ	1945	;# 
  1133     079A                     SSP2CON1        equ	1946	;# 
  1134     079B                     SSP2CON2        equ	1947	;# 
  1135     079C                     SSP2CON3        equ	1948	;# 
  1136     080C                     CM1CON0         equ	2060	;# 
  1137     080D                     CM1CON1         equ	2061	;# 
  1138     080E                     CM1NCH          equ	2062	;# 
  1139     080F                     CM1PCH          equ	2063	;# 
  1140     0810                     CM2CON0         equ	2064	;# 
  1141     0811                     CM2CON1         equ	2065	;# 
  1142     0812                     CM2NCH          equ	2066	;# 
  1143     0813                     CM2PCH          equ	2067	;# 
  1144     081F                     CMOUT           equ	2079	;# 
  1145     081F                     CMSTAT          equ	2079	;# 
  1146     088C                     DAC1CON         equ	2188	;# 
  1147     088D                     DAC1DATL        equ	2189	;# 
  1148     0890                     DAC2CON         equ	2192	;# 
  1149     0891                     DAC2DATL        equ	2193	;# 
  1150     090C                     OPA1CON0        equ	2316	;# 
  1151     090D                     OPA1CON1        equ	2317	;# 
  1152     090E                     OPA1CON2        equ	2318	;# 
  1153     090F                     OPA1CON3        equ	2319	;# 
  1154     0910                     OPA1HWC         equ	2320	;# 
  1155     0911                     OPA1OFFSET      equ	2321	;# 
  1156     0912                     OPA1ORS         equ	2322	;# 
  1157     1C8C                     NVMADR          equ	7308	;# 
  1158     1C8C                     NVMADRL         equ	7308	;# 
  1159     1C8D                     NVMADRH         equ	7309	;# 
  1160     1C8E                     NVMDAT          equ	7310	;# 
  1161     1C8E                     NVMDATL         equ	7310	;# 
  1162     1C8F                     NVMDATH         equ	7311	;# 
  1163     1C90                     NVMCON1         equ	7312	;# 
  1164     1C91                     NVMCON2         equ	7313	;# 
  1165     1C92                     SCANHADR        equ	7314	;# 
  1166     1C92                     SCANHADRL       equ	7314	;# 
  1167     1C93                     SCANHADRH       equ	7315	;# 
  1168     1C95                     SCANLADR        equ	7317	;# 
  1169     1C95                     SCANLADRL       equ	7317	;# 
  1170     1C96                     SCANLADRH       equ	7318	;# 
  1171     1C98                     SCANCON0        equ	7320	;# 
  1172     1C99                     SCANTRIG        equ	7321	;# 
  1173     1C9A                     CRCDATA         equ	7322	;# 
  1174     1C9A                     CRCDATAL        equ	7322	;# 
  1175     1C9B                     CRCDATAH        equ	7323	;# 
  1176     1C9C                     CRCDATAU        equ	7324	;# 
  1177     1C9D                     CRCDATAT        equ	7325	;# 
  1178     1C9E                     CRCOUT          equ	7326	;# 
  1179     1C9E                     CRCSHFT         equ	7326	;# 
  1180     1C9E                     CRCXOR          equ	7326	;# 
  1181     1C9E                     CRCOUTL         equ	7326	;# 
  1182     1C9E                     CRCSHFTL        equ	7326	;# 
  1183     1C9E                     CRCSHIFTL       equ	7326	;# 
  1184     1C9E                     CRCXORL         equ	7326	;# 
  1185     1C9F                     CRCOUTH         equ	7327	;# 
  1186     1C9F                     CRCSHFTH        equ	7327	;# 
  1187     1C9F                     CRCSHIFTH       equ	7327	;# 
  1188     1C9F                     CRCXORH         equ	7327	;# 
  1189     1CA0                     CRCOUTU         equ	7328	;# 
  1190     1CA0                     CRCSHFTU        equ	7328	;# 
  1191     1CA0                     CRCSHIFTU       equ	7328	;# 
  1192     1CA0                     CRCXORU         equ	7328	;# 
  1193     1CA1                     CRCOUTT         equ	7329	;# 
  1194     1CA1                     CRCSHFTT        equ	7329	;# 
  1195     1CA1                     CRCSHIFTT       equ	7329	;# 
  1196     1CA1                     CRCXORT         equ	7329	;# 
  1197     1CA2                     CRCCON0         equ	7330	;# 
  1198     1CA3                     CRCCON1         equ	7331	;# 
  1199     1CA4                     CRCCON2         equ	7332	;# 
  1200     1D0C                     ADLTH           equ	7436	;# 
  1201     1D0C                     ADLTHL          equ	7436	;# 
  1202     1D0D                     ADLTHH          equ	7437	;# 
  1203     1D0E                     ADUTH           equ	7438	;# 
  1204     1D0E                     ADUTHL          equ	7438	;# 
  1205     1D0F                     ADUTHH          equ	7439	;# 
  1206     1D10                     ADERR           equ	7440	;# 
  1207     1D10                     ADERRL          equ	7440	;# 
  1208     1D11                     ADERRH          equ	7441	;# 
  1209     1D12                     ADSTPT          equ	7442	;# 
  1210     1D12                     ADSTPTL         equ	7442	;# 
  1211     1D13                     ADSTPTH         equ	7443	;# 
  1212     1D14                     ADFLTR          equ	7444	;# 
  1213     1D14                     ADFLTRL         equ	7444	;# 
  1214     1D15                     ADFLTRH         equ	7445	;# 
  1215     1D16                     ADACC           equ	7446	;# 
  1216     1D16                     ADACCL          equ	7446	;# 
  1217     1D17                     ADACCH          equ	7447	;# 
  1218     1D18                     ADACCU          equ	7448	;# 
  1219     1D19                     ADCNT           equ	7449	;# 
  1220     1D1A                     ADRPT           equ	7450	;# 
  1221     1D1B                     ADPREV          equ	7451	;# 
  1222     1D1B                     ADPREVL         equ	7451	;# 
  1223     1D1C                     ADPREVH         equ	7452	;# 
  1224     1D1D                     ADRES           equ	7453	;# 
  1225     1D1D                     ADRESL          equ	7453	;# 
  1226     1D1E                     ADRESH          equ	7454	;# 
  1227     1D1F                     ADPCH           equ	7455	;# 
  1228     1D20                     ADNCH           equ	7456	;# 
  1229     1D21                     ADACQ           equ	7457	;# 
  1230     1D21                     ADACQL          equ	7457	;# 
  1231     1D22                     ADACQH          equ	7458	;# 
  1232     1D23                     ADCAP           equ	7459	;# 
  1233     1D24                     ADPRE           equ	7460	;# 
  1234     1D24                     ADPREL          equ	7460	;# 
  1235     1D25                     ADPREH          equ	7461	;# 
  1236     1D26                     ADCON0          equ	7462	;# 
  1237     1D27                     ADCON1          equ	7463	;# 
  1238     1D28                     ADCON2          equ	7464	;# 
  1239     1D29                     ADCON3          equ	7465	;# 
  1240     1D2A                     ADSTAT          equ	7466	;# 
  1241     1D2B                     ADREF           equ	7467	;# 
  1242     1D2C                     ADACT           equ	7468	;# 
  1243     1D2D                     ADCLK           equ	7469	;# 
  1244     1D2E                     ADCG1A          equ	7470	;# 
  1245     1D30                     ADCG1C          equ	7472	;# 
  1246     1D8C                     RA0PPS          equ	7564	;# 
  1247     1D8D                     RA1PPS          equ	7565	;# 
  1248     1D8E                     RA2PPS          equ	7566	;# 
  1249     1D90                     RA4PPS          equ	7568	;# 
  1250     1D91                     RA5PPS          equ	7569	;# 
  1251     1D9C                     RC0PPS          equ	7580	;# 
  1252     1D9D                     RC1PPS          equ	7581	;# 
  1253     1D9E                     RC2PPS          equ	7582	;# 
  1254     1D9F                     RC3PPS          equ	7583	;# 
  1255     1DA0                     RC4PPS          equ	7584	;# 
  1256     1DA1                     RC5PPS          equ	7585	;# 
  1257     1E0C                     PPSLOCK         equ	7692	;# 
  1258     1E0D                     INTPPS          equ	7693	;# 
  1259     1E0E                     T0CKIPPS        equ	7694	;# 
  1260     1E0F                     T1CKIPPS        equ	7695	;# 
  1261     1E10                     T1GPPS          equ	7696	;# 
  1262     1E11                     T3CKIPPS        equ	7697	;# 
  1263     1E12                     T3GPPS          equ	7698	;# 
  1264     1E19                     T2INPPS         equ	7705	;# 
  1265     1E1A                     T4INPPS         equ	7706	;# 
  1266     1E1E                     CCP1PPS         equ	7710	;# 
  1267     1E1F                     CCP2PPS         equ	7711	;# 
  1268     1E24                     PWMIN0PPS       equ	7716	;# 
  1269     1E25                     PWMIN1PPS       equ	7717	;# 
  1270     1E26                     PWM1ERSPPS      equ	7718	;# 
  1271     1E27                     PWM2ERSPPS      equ	7719	;# 
  1272     1E39                     CWG1PPS         equ	7737	;# 
  1273     1E3D                     CLCIN0PPS       equ	7741	;# 
  1274     1E3E                     CLCIN1PPS       equ	7742	;# 
  1275     1E3F                     CLCIN2PPS       equ	7743	;# 
  1276     1E40                     CLCIN3PPS       equ	7744	;# 
  1277     1E41                     CK1PPS          equ	7745	;# 
  1278     1E41                     TX1CKPPS        equ	7745	;# 
  1279     1E42                     RX1PPS          equ	7746	;# 
  1280     1E42                     RX1DTPPS        equ	7746	;# 
  1281     1E43                     CK2PPS          equ	7747	;# 
  1282     1E43                     TX2CKPPS        equ	7747	;# 
  1283     1E44                     RX2PPS          equ	7748	;# 
  1284     1E44                     RX2DTPPS        equ	7748	;# 
  1285     1E47                     SSP1CLKPPS      equ	7751	;# 
  1286     1E48                     SSP1DATPPS      equ	7752	;# 
  1287     1E49                     SSP1SSPPS       equ	7753	;# 
  1288     1E4A                     SSP2CLKPPS      equ	7754	;# 
  1289     1E4B                     SSP2DATPPS      equ	7755	;# 
  1290     1E4C                     SSP2SSPPS       equ	7756	;# 
  1291     1E50                     ADACTPPS        equ	7760	;# 
  1292     1E53                     OPA1PPS         equ	7763	;# 
  1293     1E8C                     ANSELA          equ	7820	;# 
  1294     1E8D                     WPUA            equ	7821	;# 
  1295     1E8E                     ODCONA          equ	7822	;# 
  1296     1E8F                     SLRCONA         equ	7823	;# 
  1297     1E90                     INLVLA          equ	7824	;# 
  1298     1E91                     IOCAP           equ	7825	;# 
  1299     1E92                     IOCAN           equ	7826	;# 
  1300     1E93                     IOCAF           equ	7827	;# 
  1301     1EA0                     ANSELC          equ	7840	;# 
  1302     1EA1                     WPUC            equ	7841	;# 
  1303     1EA2                     ODCONC          equ	7842	;# 
  1304     1EA3                     SLRCONC         equ	7843	;# 
  1305     1EA4                     INLVLC          equ	7844	;# 
  1306     1EA5                     IOCCP           equ	7845	;# 
  1307     1EA6                     IOCCN           equ	7846	;# 
  1308     1EA7                     IOCCF           equ	7847	;# 
  1309     1EE9                     RC0I2C          equ	7913	;# 
  1310     1EEA                     RC1I2C          equ	7914	;# 
  1311     1EEC                     RC4I2C          equ	7916	;# 
  1312     1EED                     RC5I2C          equ	7917	;# 
  1313     1F0C                     UMTOAP          equ	7948	;# 
  1314     1F0D                     UMTOAL          equ	7949	;# 
  1315     1F0E                     UMTOAH          equ	7950	;# 
  1316     1FE4                     STATUS_SHAD     equ	8164	;# 
  1317     1FE5                     WREG_SHAD       equ	8165	;# 
  1318     1FE6                     BSR_SHAD        equ	8166	;# 
  1319     1FE7                     PCLATH_SHAD     equ	8167	;# 
  1320     1FE8                     FSR0_SHAD       equ	8168	;# 
  1321     1FE8                     FSR0L_SHAD      equ	8168	;# 
  1322     1FE9                     FSR0H_SHAD      equ	8169	;# 
  1323     1FEA                     FSR1_SHAD       equ	8170	;# 
  1324     1FEA                     FSR1L_SHAD      equ	8170	;# 
  1325     1FEB                     FSR1H_SHAD      equ	8171	;# 
  1326     1FED                     STKPTR          equ	8173	;# 
  1327     1FEE                     TOSL            equ	8174	;# 
  1328     1FEF                     TOSH            equ	8175	;# 
  1329     0000                     INDF0           equ	0	;# 
  1330     0001                     INDF1           equ	1	;# 
  1331     0002                     PCL             equ	2	;# 
  1332     0003                     STATUS          equ	3	;# 
  1333     0004                     FSR0L           equ	4	;# 
  1334     0005                     FSR0H           equ	5	;# 
  1335     0006                     FSR1L           equ	6	;# 
  1336     0007                     FSR1H           equ	7	;# 
  1337     0008                     BSR             equ	8	;# 
  1338     0009                     WREG            equ	9	;# 
  1339     000A                     PCLATH          equ	10	;# 
  1340     000B                     INTCON          equ	11	;# 
  1341     000C                     PORTA           equ	12	;# 
  1342     000E                     PORTC           equ	14	;# 
  1343     0012                     TRISA           equ	18	;# 
  1344     0014                     TRISC           equ	20	;# 
  1345     0018                     LATA            equ	24	;# 
  1346     001A                     LATC            equ	26	;# 
  1347     008C                     PIR0            equ	140	;# 
  1348     008D                     PIR1            equ	141	;# 
  1349     008E                     PIR2            equ	142	;# 
  1350     008F                     PIR3            equ	143	;# 
  1351     0090                     PIR4            equ	144	;# 
  1352     0091                     PIR5            equ	145	;# 
  1353     0092                     PIR6            equ	146	;# 
  1354     0096                     PIE0            equ	150	;# 
  1355     0097                     PIE1            equ	151	;# 
  1356     0098                     PIE2            equ	152	;# 
  1357     0099                     PIE3            equ	153	;# 
  1358     009A                     PIE4            equ	154	;# 
  1359     009B                     PIE5            equ	155	;# 
  1360     009C                     PIE6            equ	156	;# 
  1361     010C                     PMD0            equ	268	;# 
  1362     010D                     PMD1            equ	269	;# 
  1363     010E                     PMD2            equ	270	;# 
  1364     010F                     PMD3            equ	271	;# 
  1365     0110                     PMD4            equ	272	;# 
  1366     018C                     WDTCON0         equ	396	;# 
  1367     018D                     WDTCON1         equ	397	;# 
  1368     018E                     WDTPS           equ	398	;# 
  1369     018E                     WDTPSL          equ	398	;# 
  1370     018F                     WDTPSH          equ	399	;# 
  1371     0190                     WDTTMR          equ	400	;# 
  1372     0191                     BORCON          equ	401	;# 
  1373     0192                     PCON0           equ	402	;# 
  1374     0193                     PCON1           equ	403	;# 
  1375     019C                     TMR0L           equ	412	;# 
  1376     019C                     TMR0            equ	412	;# 
  1377     019D                     TMR0H           equ	413	;# 
  1378     019D                     PR0             equ	413	;# 
  1379     019E                     T0CON0          equ	414	;# 
  1380     019F                     T0CON1          equ	415	;# 
  1381     020C                     FVRCON          equ	524	;# 
  1382     020D                     CPCON           equ	525	;# 
  1383     021F                     ZCDCON          equ	543	;# 
  1384     028C                     CPUDOZE         equ	652	;# 
  1385     028D                     OSCCON1         equ	653	;# 
  1386     028E                     OSCCON2         equ	654	;# 
  1387     028F                     OSCCON3         equ	655	;# 
  1388     0290                     OSCSTAT         equ	656	;# 
  1389     0291                     OSCEN           equ	657	;# 
  1390     0292                     OSCTUNE         equ	658	;# 
  1391     0293                     OSCFRQ          equ	659	;# 
  1392     0294                     ACTCON          equ	660	;# 
  1393     0296                     CLKRCON         equ	662	;# 
  1394     0297                     CLKRCLK         equ	663	;# 
  1395     030C                     TMR1            equ	780	;# 
  1396     030C                     TMR1L           equ	780	;# 
  1397     030D                     TMR1H           equ	781	;# 
  1398     030E                     T1CON           equ	782	;# 
  1399     030F                     T1GCON          equ	783	;# 
  1400     030F                     PR1             equ	783	;# 
  1401     0310                     T1GATE          equ	784	;# 
  1402     0310                     TMR1GATE        equ	784	;# 
  1403     0311                     T1CLK           equ	785	;# 
  1404     0311                     TMR1CLK         equ	785	;# 
  1405     0312                     TMR3            equ	786	;# 
  1406     0312                     TMR3L           equ	786	;# 
  1407     0313                     TMR3H           equ	787	;# 
  1408     0314                     T3CON           equ	788	;# 
  1409     0315                     T3GCON          equ	789	;# 
  1410     0315                     PR3             equ	789	;# 
  1411     0316                     T3GATE          equ	790	;# 
  1412     0316                     TMR3GATE        equ	790	;# 
  1413     0317                     T3CLK           equ	791	;# 
  1414     0317                     TMR3CLK         equ	791	;# 
  1415     038C                     T2TMR           equ	908	;# 
  1416     038C                     TMR2            equ	908	;# 
  1417     038D                     T2PR            equ	909	;# 
  1418     038D                     PR2             equ	909	;# 
  1419     038E                     T2CON           equ	910	;# 
  1420     038F                     T2HLT           equ	911	;# 
  1421     0390                     T2CLKCON        equ	912	;# 
  1422     0390                     T2CLK           equ	912	;# 
  1423     0391                     T2RST           equ	913	;# 
  1424     0392                     T4TMR           equ	914	;# 
  1425     0392                     TMR4            equ	914	;# 
  1426     0393                     T4PR            equ	915	;# 
  1427     0393                     PR4             equ	915	;# 
  1428     0394                     T4CON           equ	916	;# 
  1429     0395                     T4HLT           equ	917	;# 
  1430     0396                     T4CLKCON        equ	918	;# 
  1431     0396                     T4CLK           equ	918	;# 
  1432     0397                     T4RST           equ	919	;# 
  1433     040C                     CCPR1           equ	1036	;# 
  1434     040C                     CCPR1L          equ	1036	;# 
  1435     040D                     CCPR1H          equ	1037	;# 
  1436     040E                     CCP1CON         equ	1038	;# 
  1437     040F                     CCP1CAP         equ	1039	;# 
  1438     0410                     CCPR2           equ	1040	;# 
  1439     0410                     CCPR2L          equ	1040	;# 
  1440     0411                     CCPR2H          equ	1041	;# 
  1441     0412                     CCP2CON         equ	1042	;# 
  1442     0413                     CCP2CAP         equ	1043	;# 
  1443     041F                     CCPTMRS0        equ	1055	;# 
  1444     048C                     PWM1ERS         equ	1164	;# 
  1445     048D                     PWM1CLK         equ	1165	;# 
  1446     048E                     PWM1LDS         equ	1166	;# 
  1447     048F                     PWM1PR          equ	1167	;# 
  1448     048F                     PWM1PRL         equ	1167	;# 
  1449     0490                     PWM1PRH         equ	1168	;# 
  1450     0491                     PWM1CPRE        equ	1169	;# 
  1451     0492                     PWM1PIPOS       equ	1170	;# 
  1452     0493                     PWM1GIR         equ	1171	;# 
  1453     0494                     PWM1GIE         equ	1172	;# 
  1454     0495                     PWM1CON         equ	1173	;# 
  1455     0496                     PWM1S1CFG       equ	1174	;# 
  1456     0497                     PWM1S1P1        equ	1175	;# 
  1457     0497                     PWM1S1P1L       equ	1175	;# 
  1458     0498                     PWM1S1P1H       equ	1176	;# 
  1459     0499                     PWM1S1P2        equ	1177	;# 
  1460     0499                     PWM1S1P2L       equ	1177	;# 
  1461     049A                     PWM1S1P2H       equ	1178	;# 
  1462     049E                     PWMLOAD         equ	1182	;# 
  1463     049F                     PWMEN           equ	1183	;# 
  1464     050C                     PWM2ERS         equ	1292	;# 
  1465     050D                     PWM2CLK         equ	1293	;# 
  1466     050E                     PWM2LDS         equ	1294	;# 
  1467     050F                     PWM2PR          equ	1295	;# 
  1468     050F                     PWM2PRL         equ	1295	;# 
  1469     0510                     PWM2PRH         equ	1296	;# 
  1470     0511                     PWM2CPRE        equ	1297	;# 
  1471     0512                     PWM2PIPOS       equ	1298	;# 
  1472     0513                     PWM2GIR         equ	1299	;# 
  1473     0514                     PWM2GIE         equ	1300	;# 
  1474     0515                     PWM2CON         equ	1301	;# 
  1475     0516                     PWM2S1CFG       equ	1302	;# 
  1476     0517                     PWM2S1P1        equ	1303	;# 
  1477     0517                     PWM2S1P1L       equ	1303	;# 
  1478     0518                     PWM2S1P1H       equ	1304	;# 
  1479     0519                     PWM2S1P2        equ	1305	;# 
  1480     0519                     PWM2S1P2L       equ	1305	;# 
  1481     051A                     PWM2S1P2H       equ	1306	;# 
  1482     058C                     NCO1ACC         equ	1420	;# 
  1483     058C                     NCO1ACCL        equ	1420	;# 
  1484     058D                     NCO1ACCH        equ	1421	;# 
  1485     058E                     NCO1ACCU        equ	1422	;# 
  1486     058F                     NCO1INC         equ	1423	;# 
  1487     058F                     NCO1INCL        equ	1423	;# 
  1488     0590                     NCO1INCH        equ	1424	;# 
  1489     0591                     NCO1INCU        equ	1425	;# 
  1490     0592                     NCO1CON         equ	1426	;# 
  1491     0593                     NCO1CLK         equ	1427	;# 
  1492     060C                     CWG1CLK         equ	1548	;# 
  1493     060C                     CWG1CLKCON      equ	1548	;# 
  1494     060D                     CWG1ISM         equ	1549	;# 
  1495     060D                     CWG1DAT         equ	1549	;# 
  1496     060E                     CWG1DBR         equ	1550	;# 
  1497     060F                     CWG1DBF         equ	1551	;# 
  1498     0610                     CWG1CON0        equ	1552	;# 
  1499     0611                     CWG1CON1        equ	1553	;# 
  1500     0612                     CWG1AS0         equ	1554	;# 
  1501     0613                     CWG1AS1         equ	1555	;# 
  1502     0614                     CWG1STR         equ	1556	;# 
  1503     068C                     CLCnCON         equ	1676	;# 
  1504     068D                     CLCnPOL         equ	1677	;# 
  1505     068E                     CLCnSEL0        equ	1678	;# 
  1506     068F                     CLCnSEL1        equ	1679	;# 
  1507     0690                     CLCnSEL2        equ	1680	;# 
  1508     0691                     CLCnSEL3        equ	1681	;# 
  1509     0692                     CLCnGLS0        equ	1682	;# 
  1510     0693                     CLCnGLS1        equ	1683	;# 
  1511     0694                     CLCnGLS2        equ	1684	;# 
  1512     0695                     CLCnGLS3        equ	1685	;# 
  1513     0696                     CLCSELECT       equ	1686	;# 
  1514     0697                     CLCDATA         equ	1687	;# 
  1515     070C                     RC1REG          equ	1804	;# 
  1516     070D                     TX1REG          equ	1805	;# 
  1517     070E                     SP1BRG          equ	1806	;# 
  1518     070E                     SP1BRGL         equ	1806	;# 
  1519     070F                     SP1BRGH         equ	1807	;# 
  1520     0710                     RC1STA          equ	1808	;# 
  1521     0711                     TX1STA          equ	1809	;# 
  1522     0712                     BAUD1CON        equ	1810	;# 
  1523     0716                     RC2REG          equ	1814	;# 
  1524     0717                     TX2REG          equ	1815	;# 
  1525     0718                     SP2BRG          equ	1816	;# 
  1526     0718                     SP2BRGL         equ	1816	;# 
  1527     0719                     SP2BRGH         equ	1817	;# 
  1528     071A                     RC2STA          equ	1818	;# 
  1529     071B                     TX2STA          equ	1819	;# 
  1530     071C                     BAUD2CON        equ	1820	;# 
  1531     078C                     SSP1BUF         equ	1932	;# 
  1532     078D                     SSP1ADD         equ	1933	;# 
  1533     078E                     SSP1MSK         equ	1934	;# 
  1534     078F                     SSP1STAT        equ	1935	;# 
  1535     0790                     SSP1CON1        equ	1936	;# 
  1536     0791                     SSP1CON2        equ	1937	;# 
  1537     0792                     SSP1CON3        equ	1938	;# 
  1538     0796                     SSP2BUF         equ	1942	;# 
  1539     0797                     SSP2ADD         equ	1943	;# 
  1540     0798                     SSP2MSK         equ	1944	;# 
  1541     0799                     SSP2STAT        equ	1945	;# 
  1542     079A                     SSP2CON1        equ	1946	;# 
  1543     079B                     SSP2CON2        equ	1947	;# 
  1544     079C                     SSP2CON3        equ	1948	;# 
  1545     080C                     CM1CON0         equ	2060	;# 
  1546     080D                     CM1CON1         equ	2061	;# 
  1547     080E                     CM1NCH          equ	2062	;# 
  1548     080F                     CM1PCH          equ	2063	;# 
  1549     0810                     CM2CON0         equ	2064	;# 
  1550     0811                     CM2CON1         equ	2065	;# 
  1551     0812                     CM2NCH          equ	2066	;# 
  1552     0813                     CM2PCH          equ	2067	;# 
  1553     081F                     CMOUT           equ	2079	;# 
  1554     081F                     CMSTAT          equ	2079	;# 
  1555     088C                     DAC1CON         equ	2188	;# 
  1556     088D                     DAC1DATL        equ	2189	;# 
  1557     0890                     DAC2CON         equ	2192	;# 
  1558     0891                     DAC2DATL        equ	2193	;# 
  1559     090C                     OPA1CON0        equ	2316	;# 
  1560     090D                     OPA1CON1        equ	2317	;# 
  1561     090E                     OPA1CON2        equ	2318	;# 
  1562     090F                     OPA1CON3        equ	2319	;# 
  1563     0910                     OPA1HWC         equ	2320	;# 
  1564     0911                     OPA1OFFSET      equ	2321	;# 
  1565     0912                     OPA1ORS         equ	2322	;# 
  1566     1C8C                     NVMADR          equ	7308	;# 
  1567     1C8C                     NVMADRL         equ	7308	;# 
  1568     1C8D                     NVMADRH         equ	7309	;# 
  1569     1C8E                     NVMDAT          equ	7310	;# 
  1570     1C8E                     NVMDATL         equ	7310	;# 
  1571     1C8F                     NVMDATH         equ	7311	;# 
  1572     1C90                     NVMCON1         equ	7312	;# 
  1573     1C91                     NVMCON2         equ	7313	;# 
  1574     1C92                     SCANHADR        equ	7314	;# 
  1575     1C92                     SCANHADRL       equ	7314	;# 
  1576     1C93                     SCANHADRH       equ	7315	;# 
  1577     1C95                     SCANLADR        equ	7317	;# 
  1578     1C95                     SCANLADRL       equ	7317	;# 
  1579     1C96                     SCANLADRH       equ	7318	;# 
  1580     1C98                     SCANCON0        equ	7320	;# 
  1581     1C99                     SCANTRIG        equ	7321	;# 
  1582     1C9A                     CRCDATA         equ	7322	;# 
  1583     1C9A                     CRCDATAL        equ	7322	;# 
  1584     1C9B                     CRCDATAH        equ	7323	;# 
  1585     1C9C                     CRCDATAU        equ	7324	;# 
  1586     1C9D                     CRCDATAT        equ	7325	;# 
  1587     1C9E                     CRCOUT          equ	7326	;# 
  1588     1C9E                     CRCSHFT         equ	7326	;# 
  1589     1C9E                     CRCXOR          equ	7326	;# 
  1590     1C9E                     CRCOUTL         equ	7326	;# 
  1591     1C9E                     CRCSHFTL        equ	7326	;# 
  1592     1C9E                     CRCSHIFTL       equ	7326	;# 
  1593     1C9E                     CRCXORL         equ	7326	;# 
  1594     1C9F                     CRCOUTH         equ	7327	;# 
  1595     1C9F                     CRCSHFTH        equ	7327	;# 
  1596     1C9F                     CRCSHIFTH       equ	7327	;# 
  1597     1C9F                     CRCXORH         equ	7327	;# 
  1598     1CA0                     CRCOUTU         equ	7328	;# 
  1599     1CA0                     CRCSHFTU        equ	7328	;# 
  1600     1CA0                     CRCSHIFTU       equ	7328	;# 
  1601     1CA0                     CRCXORU         equ	7328	;# 
  1602     1CA1                     CRCOUTT         equ	7329	;# 
  1603     1CA1                     CRCSHFTT        equ	7329	;# 
  1604     1CA1                     CRCSHIFTT       equ	7329	;# 
  1605     1CA1                     CRCXORT         equ	7329	;# 
  1606     1CA2                     CRCCON0         equ	7330	;# 
  1607     1CA3                     CRCCON1         equ	7331	;# 
  1608     1CA4                     CRCCON2         equ	7332	;# 
  1609     1D0C                     ADLTH           equ	7436	;# 
  1610     1D0C                     ADLTHL          equ	7436	;# 
  1611     1D0D                     ADLTHH          equ	7437	;# 
  1612     1D0E                     ADUTH           equ	7438	;# 
  1613     1D0E                     ADUTHL          equ	7438	;# 
  1614     1D0F                     ADUTHH          equ	7439	;# 
  1615     1D10                     ADERR           equ	7440	;# 
  1616     1D10                     ADERRL          equ	7440	;# 
  1617     1D11                     ADERRH          equ	7441	;# 
  1618     1D12                     ADSTPT          equ	7442	;# 
  1619     1D12                     ADSTPTL         equ	7442	;# 
  1620     1D13                     ADSTPTH         equ	7443	;# 
  1621     1D14                     ADFLTR          equ	7444	;# 
  1622     1D14                     ADFLTRL         equ	7444	;# 
  1623     1D15                     ADFLTRH         equ	7445	;# 
  1624     1D16                     ADACC           equ	7446	;# 
  1625     1D16                     ADACCL          equ	7446	;# 
  1626     1D17                     ADACCH          equ	7447	;# 
  1627     1D18                     ADACCU          equ	7448	;# 
  1628     1D19                     ADCNT           equ	7449	;# 
  1629     1D1A                     ADRPT           equ	7450	;# 
  1630     1D1B                     ADPREV          equ	7451	;# 
  1631     1D1B                     ADPREVL         equ	7451	;# 
  1632     1D1C                     ADPREVH         equ	7452	;# 
  1633     1D1D                     ADRES           equ	7453	;# 
  1634     1D1D                     ADRESL          equ	7453	;# 
  1635     1D1E                     ADRESH          equ	7454	;# 
  1636     1D1F                     ADPCH           equ	7455	;# 
  1637     1D20                     ADNCH           equ	7456	;# 
  1638     1D21                     ADACQ           equ	7457	;# 
  1639     1D21                     ADACQL          equ	7457	;# 
  1640     1D22                     ADACQH          equ	7458	;# 
  1641     1D23                     ADCAP           equ	7459	;# 
  1642     1D24                     ADPRE           equ	7460	;# 
  1643     1D24                     ADPREL          equ	7460	;# 
  1644     1D25                     ADPREH          equ	7461	;# 
  1645     1D26                     ADCON0          equ	7462	;# 
  1646     1D27                     ADCON1          equ	7463	;# 
  1647     1D28                     ADCON2          equ	7464	;# 
  1648     1D29                     ADCON3          equ	7465	;# 
  1649     1D2A                     ADSTAT          equ	7466	;# 
  1650     1D2B                     ADREF           equ	7467	;# 
  1651     1D2C                     ADACT           equ	7468	;# 
  1652     1D2D                     ADCLK           equ	7469	;# 
  1653     1D2E                     ADCG1A          equ	7470	;# 
  1654     1D30                     ADCG1C          equ	7472	;# 
  1655     1D8C                     RA0PPS          equ	7564	;# 
  1656     1D8D                     RA1PPS          equ	7565	;# 
  1657     1D8E                     RA2PPS          equ	7566	;# 
  1658     1D90                     RA4PPS          equ	7568	;# 
  1659     1D91                     RA5PPS          equ	7569	;# 
  1660     1D9C                     RC0PPS          equ	7580	;# 
  1661     1D9D                     RC1PPS          equ	7581	;# 
  1662     1D9E                     RC2PPS          equ	7582	;# 
  1663     1D9F                     RC3PPS          equ	7583	;# 
  1664     1DA0                     RC4PPS          equ	7584	;# 
  1665     1DA1                     RC5PPS          equ	7585	;# 
  1666     1E0C                     PPSLOCK         equ	7692	;# 
  1667     1E0D                     INTPPS          equ	7693	;# 
  1668     1E0E                     T0CKIPPS        equ	7694	;# 
  1669     1E0F                     T1CKIPPS        equ	7695	;# 
  1670     1E10                     T1GPPS          equ	7696	;# 
  1671     1E11                     T3CKIPPS        equ	7697	;# 
  1672     1E12                     T3GPPS          equ	7698	;# 
  1673     1E19                     T2INPPS         equ	7705	;# 
  1674     1E1A                     T4INPPS         equ	7706	;# 
  1675     1E1E                     CCP1PPS         equ	7710	;# 
  1676     1E1F                     CCP2PPS         equ	7711	;# 
  1677     1E24                     PWMIN0PPS       equ	7716	;# 
  1678     1E25                     PWMIN1PPS       equ	7717	;# 
  1679     1E26                     PWM1ERSPPS      equ	7718	;# 
  1680     1E27                     PWM2ERSPPS      equ	7719	;# 
  1681     1E39                     CWG1PPS         equ	7737	;# 
  1682     1E3D                     CLCIN0PPS       equ	7741	;# 
  1683     1E3E                     CLCIN1PPS       equ	7742	;# 
  1684     1E3F                     CLCIN2PPS       equ	7743	;# 
  1685     1E40                     CLCIN3PPS       equ	7744	;# 
  1686     1E41                     CK1PPS          equ	7745	;# 
  1687     1E41                     TX1CKPPS        equ	7745	;# 
  1688     1E42                     RX1PPS          equ	7746	;# 
  1689     1E42                     RX1DTPPS        equ	7746	;# 
  1690     1E43                     CK2PPS          equ	7747	;# 
  1691     1E43                     TX2CKPPS        equ	7747	;# 
  1692     1E44                     RX2PPS          equ	7748	;# 
  1693     1E44                     RX2DTPPS        equ	7748	;# 
  1694     1E47                     SSP1CLKPPS      equ	7751	;# 
  1695     1E48                     SSP1DATPPS      equ	7752	;# 
  1696     1E49                     SSP1SSPPS       equ	7753	;# 
  1697     1E4A                     SSP2CLKPPS      equ	7754	;# 
  1698     1E4B                     SSP2DATPPS      equ	7755	;# 
  1699     1E4C                     SSP2SSPPS       equ	7756	;# 
  1700     1E50                     ADACTPPS        equ	7760	;# 
  1701     1E53                     OPA1PPS         equ	7763	;# 
  1702     1E8C                     ANSELA          equ	7820	;# 
  1703     1E8D                     WPUA            equ	7821	;# 
  1704     1E8E                     ODCONA          equ	7822	;# 
  1705     1E8F                     SLRCONA         equ	7823	;# 
  1706     1E90                     INLVLA          equ	7824	;# 
  1707     1E91                     IOCAP           equ	7825	;# 
  1708     1E92                     IOCAN           equ	7826	;# 
  1709     1E93                     IOCAF           equ	7827	;# 
  1710     1EA0                     ANSELC          equ	7840	;# 
  1711     1EA1                     WPUC            equ	7841	;# 
  1712     1EA2                     ODCONC          equ	7842	;# 
  1713     1EA3                     SLRCONC         equ	7843	;# 
  1714     1EA4                     INLVLC          equ	7844	;# 
  1715     1EA5                     IOCCP           equ	7845	;# 
  1716     1EA6                     IOCCN           equ	7846	;# 
  1717     1EA7                     IOCCF           equ	7847	;# 
  1718     1EE9                     RC0I2C          equ	7913	;# 
  1719     1EEA                     RC1I2C          equ	7914	;# 
  1720     1EEC                     RC4I2C          equ	7916	;# 
  1721     1EED                     RC5I2C          equ	7917	;# 
  1722     1F0C                     UMTOAP          equ	7948	;# 
  1723     1F0D                     UMTOAL          equ	7949	;# 
  1724     1F0E                     UMTOAH          equ	7950	;# 
  1725     1FE4                     STATUS_SHAD     equ	8164	;# 
  1726     1FE5                     WREG_SHAD       equ	8165	;# 
  1727     1FE6                     BSR_SHAD        equ	8166	;# 
  1728     1FE7                     PCLATH_SHAD     equ	8167	;# 
  1729     1FE8                     FSR0_SHAD       equ	8168	;# 
  1730     1FE8                     FSR0L_SHAD      equ	8168	;# 
  1731     1FE9                     FSR0H_SHAD      equ	8169	;# 
  1732     1FEA                     FSR1_SHAD       equ	8170	;# 
  1733     1FEA                     FSR1L_SHAD      equ	8170	;# 
  1734     1FEB                     FSR1H_SHAD      equ	8171	;# 
  1735     1FED                     STKPTR          equ	8173	;# 
  1736     1FEE                     TOSL            equ	8174	;# 
  1737     1FEF                     TOSH            equ	8175	;# 
  1738     0000                     INDF0           equ	0	;# 
  1739     0001                     INDF1           equ	1	;# 
  1740     0002                     PCL             equ	2	;# 
  1741     0003                     STATUS          equ	3	;# 
  1742     0004                     FSR0L           equ	4	;# 
  1743     0005                     FSR0H           equ	5	;# 
  1744     0006                     FSR1L           equ	6	;# 
  1745     0007                     FSR1H           equ	7	;# 
  1746     0008                     BSR             equ	8	;# 
  1747     0009                     WREG            equ	9	;# 
  1748     000A                     PCLATH          equ	10	;# 
  1749     000B                     INTCON          equ	11	;# 
  1750     000C                     PORTA           equ	12	;# 
  1751     000E                     PORTC           equ	14	;# 
  1752     0012                     TRISA           equ	18	;# 
  1753     0014                     TRISC           equ	20	;# 
  1754     0018                     LATA            equ	24	;# 
  1755     001A                     LATC            equ	26	;# 
  1756     008C                     PIR0            equ	140	;# 
  1757     008D                     PIR1            equ	141	;# 
  1758     008E                     PIR2            equ	142	;# 
  1759     008F                     PIR3            equ	143	;# 
  1760     0090                     PIR4            equ	144	;# 
  1761     0091                     PIR5            equ	145	;# 
  1762     0092                     PIR6            equ	146	;# 
  1763     0096                     PIE0            equ	150	;# 
  1764     0097                     PIE1            equ	151	;# 
  1765     0098                     PIE2            equ	152	;# 
  1766     0099                     PIE3            equ	153	;# 
  1767     009A                     PIE4            equ	154	;# 
  1768     009B                     PIE5            equ	155	;# 
  1769     009C                     PIE6            equ	156	;# 
  1770     010C                     PMD0            equ	268	;# 
  1771     010D                     PMD1            equ	269	;# 
  1772     010E                     PMD2            equ	270	;# 
  1773     010F                     PMD3            equ	271	;# 
  1774     0110                     PMD4            equ	272	;# 
  1775     018C                     WDTCON0         equ	396	;# 
  1776     018D                     WDTCON1         equ	397	;# 
  1777     018E                     WDTPS           equ	398	;# 
  1778     018E                     WDTPSL          equ	398	;# 
  1779     018F                     WDTPSH          equ	399	;# 
  1780     0190                     WDTTMR          equ	400	;# 
  1781     0191                     BORCON          equ	401	;# 
  1782     0192                     PCON0           equ	402	;# 
  1783     0193                     PCON1           equ	403	;# 
  1784     019C                     TMR0L           equ	412	;# 
  1785     019C                     TMR0            equ	412	;# 
  1786     019D                     TMR0H           equ	413	;# 
  1787     019D                     PR0             equ	413	;# 
  1788     019E                     T0CON0          equ	414	;# 
  1789     019F                     T0CON1          equ	415	;# 
  1790     020C                     FVRCON          equ	524	;# 
  1791     020D                     CPCON           equ	525	;# 
  1792     021F                     ZCDCON          equ	543	;# 
  1793     028C                     CPUDOZE         equ	652	;# 
  1794     028D                     OSCCON1         equ	653	;# 
  1795     028E                     OSCCON2         equ	654	;# 
  1796     028F                     OSCCON3         equ	655	;# 
  1797     0290                     OSCSTAT         equ	656	;# 
  1798     0291                     OSCEN           equ	657	;# 
  1799     0292                     OSCTUNE         equ	658	;# 
  1800     0293                     OSCFRQ          equ	659	;# 
  1801     0294                     ACTCON          equ	660	;# 
  1802     0296                     CLKRCON         equ	662	;# 
  1803     0297                     CLKRCLK         equ	663	;# 
  1804     030C                     TMR1            equ	780	;# 
  1805     030C                     TMR1L           equ	780	;# 
  1806     030D                     TMR1H           equ	781	;# 
  1807     030E                     T1CON           equ	782	;# 
  1808     030F                     T1GCON          equ	783	;# 
  1809     030F                     PR1             equ	783	;# 
  1810     0310                     T1GATE          equ	784	;# 
  1811     0310                     TMR1GATE        equ	784	;# 
  1812     0311                     T1CLK           equ	785	;# 
  1813     0311                     TMR1CLK         equ	785	;# 
  1814     0312                     TMR3            equ	786	;# 
  1815     0312                     TMR3L           equ	786	;# 
  1816     0313                     TMR3H           equ	787	;# 
  1817     0314                     T3CON           equ	788	;# 
  1818     0315                     T3GCON          equ	789	;# 
  1819     0315                     PR3             equ	789	;# 
  1820     0316                     T3GATE          equ	790	;# 
  1821     0316                     TMR3GATE        equ	790	;# 
  1822     0317                     T3CLK           equ	791	;# 
  1823     0317                     TMR3CLK         equ	791	;# 
  1824     038C                     T2TMR           equ	908	;# 
  1825     038C                     TMR2            equ	908	;# 
  1826     038D                     T2PR            equ	909	;# 
  1827     038D                     PR2             equ	909	;# 
  1828     038E                     T2CON           equ	910	;# 
  1829     038F                     T2HLT           equ	911	;# 
  1830     0390                     T2CLKCON        equ	912	;# 
  1831     0390                     T2CLK           equ	912	;# 
  1832     0391                     T2RST           equ	913	;# 
  1833     0392                     T4TMR           equ	914	;# 
  1834     0392                     TMR4            equ	914	;# 
  1835     0393                     T4PR            equ	915	;# 
  1836     0393                     PR4             equ	915	;# 
  1837     0394                     T4CON           equ	916	;# 
  1838     0395                     T4HLT           equ	917	;# 
  1839     0396                     T4CLKCON        equ	918	;# 
  1840     0396                     T4CLK           equ	918	;# 
  1841     0397                     T4RST           equ	919	;# 
  1842     040C                     CCPR1           equ	1036	;# 
  1843     040C                     CCPR1L          equ	1036	;# 
  1844     040D                     CCPR1H          equ	1037	;# 
  1845     040E                     CCP1CON         equ	1038	;# 
  1846     040F                     CCP1CAP         equ	1039	;# 
  1847     0410                     CCPR2           equ	1040	;# 
  1848     0410                     CCPR2L          equ	1040	;# 
  1849     0411                     CCPR2H          equ	1041	;# 
  1850     0412                     CCP2CON         equ	1042	;# 
  1851     0413                     CCP2CAP         equ	1043	;# 
  1852     041F                     CCPTMRS0        equ	1055	;# 
  1853     048C                     PWM1ERS         equ	1164	;# 
  1854     048D                     PWM1CLK         equ	1165	;# 
  1855     048E                     PWM1LDS         equ	1166	;# 
  1856     048F                     PWM1PR          equ	1167	;# 
  1857     048F                     PWM1PRL         equ	1167	;# 
  1858     0490                     PWM1PRH         equ	1168	;# 
  1859     0491                     PWM1CPRE        equ	1169	;# 
  1860     0492                     PWM1PIPOS       equ	1170	;# 
  1861     0493                     PWM1GIR         equ	1171	;# 
  1862     0494                     PWM1GIE         equ	1172	;# 
  1863     0495                     PWM1CON         equ	1173	;# 
  1864     0496                     PWM1S1CFG       equ	1174	;# 
  1865     0497                     PWM1S1P1        equ	1175	;# 
  1866     0497                     PWM1S1P1L       equ	1175	;# 
  1867     0498                     PWM1S1P1H       equ	1176	;# 
  1868     0499                     PWM1S1P2        equ	1177	;# 
  1869     0499                     PWM1S1P2L       equ	1177	;# 
  1870     049A                     PWM1S1P2H       equ	1178	;# 
  1871     049E                     PWMLOAD         equ	1182	;# 
  1872     049F                     PWMEN           equ	1183	;# 
  1873     050C                     PWM2ERS         equ	1292	;# 
  1874     050D                     PWM2CLK         equ	1293	;# 
  1875     050E                     PWM2LDS         equ	1294	;# 
  1876     050F                     PWM2PR          equ	1295	;# 
  1877     050F                     PWM2PRL         equ	1295	;# 
  1878     0510                     PWM2PRH         equ	1296	;# 
  1879     0511                     PWM2CPRE        equ	1297	;# 
  1880     0512                     PWM2PIPOS       equ	1298	;# 
  1881     0513                     PWM2GIR         equ	1299	;# 
  1882     0514                     PWM2GIE         equ	1300	;# 
  1883     0515                     PWM2CON         equ	1301	;# 
  1884     0516                     PWM2S1CFG       equ	1302	;# 
  1885     0517                     PWM2S1P1        equ	1303	;# 
  1886     0517                     PWM2S1P1L       equ	1303	;# 
  1887     0518                     PWM2S1P1H       equ	1304	;# 
  1888     0519                     PWM2S1P2        equ	1305	;# 
  1889     0519                     PWM2S1P2L       equ	1305	;# 
  1890     051A                     PWM2S1P2H       equ	1306	;# 
  1891     058C                     NCO1ACC         equ	1420	;# 
  1892     058C                     NCO1ACCL        equ	1420	;# 
  1893     058D                     NCO1ACCH        equ	1421	;# 
  1894     058E                     NCO1ACCU        equ	1422	;# 
  1895     058F                     NCO1INC         equ	1423	;# 
  1896     058F                     NCO1INCL        equ	1423	;# 
  1897     0590                     NCO1INCH        equ	1424	;# 
  1898     0591                     NCO1INCU        equ	1425	;# 
  1899     0592                     NCO1CON         equ	1426	;# 
  1900     0593                     NCO1CLK         equ	1427	;# 
  1901     060C                     CWG1CLK         equ	1548	;# 
  1902     060C                     CWG1CLKCON      equ	1548	;# 
  1903     060D                     CWG1ISM         equ	1549	;# 
  1904     060D                     CWG1DAT         equ	1549	;# 
  1905     060E                     CWG1DBR         equ	1550	;# 
  1906     060F                     CWG1DBF         equ	1551	;# 
  1907     0610                     CWG1CON0        equ	1552	;# 
  1908     0611                     CWG1CON1        equ	1553	;# 
  1909     0612                     CWG1AS0         equ	1554	;# 
  1910     0613                     CWG1AS1         equ	1555	;# 
  1911     0614                     CWG1STR         equ	1556	;# 
  1912     068C                     CLCnCON         equ	1676	;# 
  1913     068D                     CLCnPOL         equ	1677	;# 
  1914     068E                     CLCnSEL0        equ	1678	;# 
  1915     068F                     CLCnSEL1        equ	1679	;# 
  1916     0690                     CLCnSEL2        equ	1680	;# 
  1917     0691                     CLCnSEL3        equ	1681	;# 
  1918     0692                     CLCnGLS0        equ	1682	;# 
  1919     0693                     CLCnGLS1        equ	1683	;# 
  1920     0694                     CLCnGLS2        equ	1684	;# 
  1921     0695                     CLCnGLS3        equ	1685	;# 
  1922     0696                     CLCSELECT       equ	1686	;# 
  1923     0697                     CLCDATA         equ	1687	;# 
  1924     070C                     RC1REG          equ	1804	;# 
  1925     070D                     TX1REG          equ	1805	;# 
  1926     070E                     SP1BRG          equ	1806	;# 
  1927     070E                     SP1BRGL         equ	1806	;# 
  1928     070F                     SP1BRGH         equ	1807	;# 
  1929     0710                     RC1STA          equ	1808	;# 
  1930     0711                     TX1STA          equ	1809	;# 
  1931     0712                     BAUD1CON        equ	1810	;# 
  1932     0716                     RC2REG          equ	1814	;# 
  1933     0717                     TX2REG          equ	1815	;# 
  1934     0718                     SP2BRG          equ	1816	;# 
  1935     0718                     SP2BRGL         equ	1816	;# 
  1936     0719                     SP2BRGH         equ	1817	;# 
  1937     071A                     RC2STA          equ	1818	;# 
  1938     071B                     TX2STA          equ	1819	;# 
  1939     071C                     BAUD2CON        equ	1820	;# 
  1940     078C                     SSP1BUF         equ	1932	;# 
  1941     078D                     SSP1ADD         equ	1933	;# 
  1942     078E                     SSP1MSK         equ	1934	;# 
  1943     078F                     SSP1STAT        equ	1935	;# 
  1944     0790                     SSP1CON1        equ	1936	;# 
  1945     0791                     SSP1CON2        equ	1937	;# 
  1946     0792                     SSP1CON3        equ	1938	;# 
  1947     0796                     SSP2BUF         equ	1942	;# 
  1948     0797                     SSP2ADD         equ	1943	;# 
  1949     0798                     SSP2MSK         equ	1944	;# 
  1950     0799                     SSP2STAT        equ	1945	;# 
  1951     079A                     SSP2CON1        equ	1946	;# 
  1952     079B                     SSP2CON2        equ	1947	;# 
  1953     079C                     SSP2CON3        equ	1948	;# 
  1954     080C                     CM1CON0         equ	2060	;# 
  1955     080D                     CM1CON1         equ	2061	;# 
  1956     080E                     CM1NCH          equ	2062	;# 
  1957     080F                     CM1PCH          equ	2063	;# 
  1958     0810                     CM2CON0         equ	2064	;# 
  1959     0811                     CM2CON1         equ	2065	;# 
  1960     0812                     CM2NCH          equ	2066	;# 
  1961     0813                     CM2PCH          equ	2067	;# 
  1962     081F                     CMOUT           equ	2079	;# 
  1963     081F                     CMSTAT          equ	2079	;# 
  1964     088C                     DAC1CON         equ	2188	;# 
  1965     088D                     DAC1DATL        equ	2189	;# 
  1966     0890                     DAC2CON         equ	2192	;# 
  1967     0891                     DAC2DATL        equ	2193	;# 
  1968     090C                     OPA1CON0        equ	2316	;# 
  1969     090D                     OPA1CON1        equ	2317	;# 
  1970     090E                     OPA1CON2        equ	2318	;# 
  1971     090F                     OPA1CON3        equ	2319	;# 
  1972     0910                     OPA1HWC         equ	2320	;# 
  1973     0911                     OPA1OFFSET      equ	2321	;# 
  1974     0912                     OPA1ORS         equ	2322	;# 
  1975     1C8C                     NVMADR          equ	7308	;# 
  1976     1C8C                     NVMADRL         equ	7308	;# 
  1977     1C8D                     NVMADRH         equ	7309	;# 
  1978     1C8E                     NVMDAT          equ	7310	;# 
  1979     1C8E                     NVMDATL         equ	7310	;# 
  1980     1C8F                     NVMDATH         equ	7311	;# 
  1981     1C90                     NVMCON1         equ	7312	;# 
  1982     1C91                     NVMCON2         equ	7313	;# 
  1983     1C92                     SCANHADR        equ	7314	;# 
  1984     1C92                     SCANHADRL       equ	7314	;# 
  1985     1C93                     SCANHADRH       equ	7315	;# 
  1986     1C95                     SCANLADR        equ	7317	;# 
  1987     1C95                     SCANLADRL       equ	7317	;# 
  1988     1C96                     SCANLADRH       equ	7318	;# 
  1989     1C98                     SCANCON0        equ	7320	;# 
  1990     1C99                     SCANTRIG        equ	7321	;# 
  1991     1C9A                     CRCDATA         equ	7322	;# 
  1992     1C9A                     CRCDATAL        equ	7322	;# 
  1993     1C9B                     CRCDATAH        equ	7323	;# 
  1994     1C9C                     CRCDATAU        equ	7324	;# 
  1995     1C9D                     CRCDATAT        equ	7325	;# 
  1996     1C9E                     CRCOUT          equ	7326	;# 
  1997     1C9E                     CRCSHFT         equ	7326	;# 
  1998     1C9E                     CRCXOR          equ	7326	;# 
  1999     1C9E                     CRCOUTL         equ	7326	;# 
  2000     1C9E                     CRCSHFTL        equ	7326	;# 
  2001     1C9E                     CRCSHIFTL       equ	7326	;# 
  2002     1C9E                     CRCXORL         equ	7326	;# 
  2003     1C9F                     CRCOUTH         equ	7327	;# 
  2004     1C9F                     CRCSHFTH        equ	7327	;# 
  2005     1C9F                     CRCSHIFTH       equ	7327	;# 
  2006     1C9F                     CRCXORH         equ	7327	;# 
  2007     1CA0                     CRCOUTU         equ	7328	;# 
  2008     1CA0                     CRCSHFTU        equ	7328	;# 
  2009     1CA0                     CRCSHIFTU       equ	7328	;# 
  2010     1CA0                     CRCXORU         equ	7328	;# 
  2011     1CA1                     CRCOUTT         equ	7329	;# 
  2012     1CA1                     CRCSHFTT        equ	7329	;# 
  2013     1CA1                     CRCSHIFTT       equ	7329	;# 
  2014     1CA1                     CRCXORT         equ	7329	;# 
  2015     1CA2                     CRCCON0         equ	7330	;# 
  2016     1CA3                     CRCCON1         equ	7331	;# 
  2017     1CA4                     CRCCON2         equ	7332	;# 
  2018     1D0C                     ADLTH           equ	7436	;# 
  2019     1D0C                     ADLTHL          equ	7436	;# 
  2020     1D0D                     ADLTHH          equ	7437	;# 
  2021     1D0E                     ADUTH           equ	7438	;# 
  2022     1D0E                     ADUTHL          equ	7438	;# 
  2023     1D0F                     ADUTHH          equ	7439	;# 
  2024     1D10                     ADERR           equ	7440	;# 
  2025     1D10                     ADERRL          equ	7440	;# 
  2026     1D11                     ADERRH          equ	7441	;# 
  2027     1D12                     ADSTPT          equ	7442	;# 
  2028     1D12                     ADSTPTL         equ	7442	;# 
  2029     1D13                     ADSTPTH         equ	7443	;# 
  2030     1D14                     ADFLTR          equ	7444	;# 
  2031     1D14                     ADFLTRL         equ	7444	;# 
  2032     1D15                     ADFLTRH         equ	7445	;# 
  2033     1D16                     ADACC           equ	7446	;# 
  2034     1D16                     ADACCL          equ	7446	;# 
  2035     1D17                     ADACCH          equ	7447	;# 
  2036     1D18                     ADACCU          equ	7448	;# 
  2037     1D19                     ADCNT           equ	7449	;# 
  2038     1D1A                     ADRPT           equ	7450	;# 
  2039     1D1B                     ADPREV          equ	7451	;# 
  2040     1D1B                     ADPREVL         equ	7451	;# 
  2041     1D1C                     ADPREVH         equ	7452	;# 
  2042     1D1D                     ADRES           equ	7453	;# 
  2043     1D1D                     ADRESL          equ	7453	;# 
  2044     1D1E                     ADRESH          equ	7454	;# 
  2045     1D1F                     ADPCH           equ	7455	;# 
  2046     1D20                     ADNCH           equ	7456	;# 
  2047     1D21                     ADACQ           equ	7457	;# 
  2048     1D21                     ADACQL          equ	7457	;# 
  2049     1D22                     ADACQH          equ	7458	;# 
  2050     1D23                     ADCAP           equ	7459	;# 
  2051     1D24                     ADPRE           equ	7460	;# 
  2052     1D24                     ADPREL          equ	7460	;# 
  2053     1D25                     ADPREH          equ	7461	;# 
  2054     1D26                     ADCON0          equ	7462	;# 
  2055     1D27                     ADCON1          equ	7463	;# 
  2056     1D28                     ADCON2          equ	7464	;# 
  2057     1D29                     ADCON3          equ	7465	;# 
  2058     1D2A                     ADSTAT          equ	7466	;# 
  2059     1D2B                     ADREF           equ	7467	;# 
  2060     1D2C                     ADACT           equ	7468	;# 
  2061     1D2D                     ADCLK           equ	7469	;# 
  2062     1D2E                     ADCG1A          equ	7470	;# 
  2063     1D30                     ADCG1C          equ	7472	;# 
  2064     1D8C                     RA0PPS          equ	7564	;# 
  2065     1D8D                     RA1PPS          equ	7565	;# 
  2066     1D8E                     RA2PPS          equ	7566	;# 
  2067     1D90                     RA4PPS          equ	7568	;# 
  2068     1D91                     RA5PPS          equ	7569	;# 
  2069     1D9C                     RC0PPS          equ	7580	;# 
  2070     1D9D                     RC1PPS          equ	7581	;# 
  2071     1D9E                     RC2PPS          equ	7582	;# 
  2072     1D9F                     RC3PPS          equ	7583	;# 
  2073     1DA0                     RC4PPS          equ	7584	;# 
  2074     1DA1                     RC5PPS          equ	7585	;# 
  2075     1E0C                     PPSLOCK         equ	7692	;# 
  2076     1E0D                     INTPPS          equ	7693	;# 
  2077     1E0E                     T0CKIPPS        equ	7694	;# 
  2078     1E0F                     T1CKIPPS        equ	7695	;# 
  2079     1E10                     T1GPPS          equ	7696	;# 
  2080     1E11                     T3CKIPPS        equ	7697	;# 
  2081     1E12                     T3GPPS          equ	7698	;# 
  2082     1E19                     T2INPPS         equ	7705	;# 
  2083     1E1A                     T4INPPS         equ	7706	;# 
  2084     1E1E                     CCP1PPS         equ	7710	;# 
  2085     1E1F                     CCP2PPS         equ	7711	;# 
  2086     1E24                     PWMIN0PPS       equ	7716	;# 
  2087     1E25                     PWMIN1PPS       equ	7717	;# 
  2088     1E26                     PWM1ERSPPS      equ	7718	;# 
  2089     1E27                     PWM2ERSPPS      equ	7719	;# 
  2090     1E39                     CWG1PPS         equ	7737	;# 
  2091     1E3D                     CLCIN0PPS       equ	7741	;# 
  2092     1E3E                     CLCIN1PPS       equ	7742	;# 
  2093     1E3F                     CLCIN2PPS       equ	7743	;# 
  2094     1E40                     CLCIN3PPS       equ	7744	;# 
  2095     1E41                     CK1PPS          equ	7745	;# 
  2096     1E41                     TX1CKPPS        equ	7745	;# 
  2097     1E42                     RX1PPS          equ	7746	;# 
  2098     1E42                     RX1DTPPS        equ	7746	;# 
  2099     1E43                     CK2PPS          equ	7747	;# 
  2100     1E43                     TX2CKPPS        equ	7747	;# 
  2101     1E44                     RX2PPS          equ	7748	;# 
  2102     1E44                     RX2DTPPS        equ	7748	;# 
  2103     1E47                     SSP1CLKPPS      equ	7751	;# 
  2104     1E48                     SSP1DATPPS      equ	7752	;# 
  2105     1E49                     SSP1SSPPS       equ	7753	;# 
  2106     1E4A                     SSP2CLKPPS      equ	7754	;# 
  2107     1E4B                     SSP2DATPPS      equ	7755	;# 
  2108     1E4C                     SSP2SSPPS       equ	7756	;# 
  2109     1E50                     ADACTPPS        equ	7760	;# 
  2110     1E53                     OPA1PPS         equ	7763	;# 
  2111     1E8C                     ANSELA          equ	7820	;# 
  2112     1E8D                     WPUA            equ	7821	;# 
  2113     1E8E                     ODCONA          equ	7822	;# 
  2114     1E8F                     SLRCONA         equ	7823	;# 
  2115     1E90                     INLVLA          equ	7824	;# 
  2116     1E91                     IOCAP           equ	7825	;# 
  2117     1E92                     IOCAN           equ	7826	;# 
  2118     1E93                     IOCAF           equ	7827	;# 
  2119     1EA0                     ANSELC          equ	7840	;# 
  2120     1EA1                     WPUC            equ	7841	;# 
  2121     1EA2                     ODCONC          equ	7842	;# 
  2122     1EA3                     SLRCONC         equ	7843	;# 
  2123     1EA4                     INLVLC          equ	7844	;# 
  2124     1EA5                     IOCCP           equ	7845	;# 
  2125     1EA6                     IOCCN           equ	7846	;# 
  2126     1EA7                     IOCCF           equ	7847	;# 
  2127     1EE9                     RC0I2C          equ	7913	;# 
  2128     1EEA                     RC1I2C          equ	7914	;# 
  2129     1EEC                     RC4I2C          equ	7916	;# 
  2130     1EED                     RC5I2C          equ	7917	;# 
  2131     1F0C                     UMTOAP          equ	7948	;# 
  2132     1F0D                     UMTOAL          equ	7949	;# 
  2133     1F0E                     UMTOAH          equ	7950	;# 
  2134     1FE4                     STATUS_SHAD     equ	8164	;# 
  2135     1FE5                     WREG_SHAD       equ	8165	;# 
  2136     1FE6                     BSR_SHAD        equ	8166	;# 
  2137     1FE7                     PCLATH_SHAD     equ	8167	;# 
  2138     1FE8                     FSR0_SHAD       equ	8168	;# 
  2139     1FE8                     FSR0L_SHAD      equ	8168	;# 
  2140     1FE9                     FSR0H_SHAD      equ	8169	;# 
  2141     1FEA                     FSR1_SHAD       equ	8170	;# 
  2142     1FEA                     FSR1L_SHAD      equ	8170	;# 
  2143     1FEB                     FSR1H_SHAD      equ	8171	;# 
  2144     1FED                     STKPTR          equ	8173	;# 
  2145     1FEE                     TOSL            equ	8174	;# 
  2146     1FEF                     TOSH            equ	8175	;# 
  2147     0000                     INDF0           equ	0	;# 
  2148     0001                     INDF1           equ	1	;# 
  2149     0002                     PCL             equ	2	;# 
  2150     0003                     STATUS          equ	3	;# 
  2151     0004                     FSR0L           equ	4	;# 
  2152     0005                     FSR0H           equ	5	;# 
  2153     0006                     FSR1L           equ	6	;# 
  2154     0007                     FSR1H           equ	7	;# 
  2155     0008                     BSR             equ	8	;# 
  2156     0009                     WREG            equ	9	;# 
  2157     000A                     PCLATH          equ	10	;# 
  2158     000B                     INTCON          equ	11	;# 
  2159     000C                     PORTA           equ	12	;# 
  2160     000E                     PORTC           equ	14	;# 
  2161     0012                     TRISA           equ	18	;# 
  2162     0014                     TRISC           equ	20	;# 
  2163     0018                     LATA            equ	24	;# 
  2164     001A                     LATC            equ	26	;# 
  2165     008C                     PIR0            equ	140	;# 
  2166     008D                     PIR1            equ	141	;# 
  2167     008E                     PIR2            equ	142	;# 
  2168     008F                     PIR3            equ	143	;# 
  2169     0090                     PIR4            equ	144	;# 
  2170     0091                     PIR5            equ	145	;# 
  2171     0092                     PIR6            equ	146	;# 
  2172     0096                     PIE0            equ	150	;# 
  2173     0097                     PIE1            equ	151	;# 
  2174     0098                     PIE2            equ	152	;# 
  2175     0099                     PIE3            equ	153	;# 
  2176     009A                     PIE4            equ	154	;# 
  2177     009B                     PIE5            equ	155	;# 
  2178     009C                     PIE6            equ	156	;# 
  2179     010C                     PMD0            equ	268	;# 
  2180     010D                     PMD1            equ	269	;# 
  2181     010E                     PMD2            equ	270	;# 
  2182     010F                     PMD3            equ	271	;# 
  2183     0110                     PMD4            equ	272	;# 
  2184     018C                     WDTCON0         equ	396	;# 
  2185     018D                     WDTCON1         equ	397	;# 
  2186     018E                     WDTPS           equ	398	;# 
  2187     018E                     WDTPSL          equ	398	;# 
  2188     018F                     WDTPSH          equ	399	;# 
  2189     0190                     WDTTMR          equ	400	;# 
  2190     0191                     BORCON          equ	401	;# 
  2191     0192                     PCON0           equ	402	;# 
  2192     0193                     PCON1           equ	403	;# 
  2193     019C                     TMR0L           equ	412	;# 
  2194     019C                     TMR0            equ	412	;# 
  2195     019D                     TMR0H           equ	413	;# 
  2196     019D                     PR0             equ	413	;# 
  2197     019E                     T0CON0          equ	414	;# 
  2198     019F                     T0CON1          equ	415	;# 
  2199     020C                     FVRCON          equ	524	;# 
  2200     020D                     CPCON           equ	525	;# 
  2201     021F                     ZCDCON          equ	543	;# 
  2202     028C                     CPUDOZE         equ	652	;# 
  2203     028D                     OSCCON1         equ	653	;# 
  2204     028E                     OSCCON2         equ	654	;# 
  2205     028F                     OSCCON3         equ	655	;# 
  2206     0290                     OSCSTAT         equ	656	;# 
  2207     0291                     OSCEN           equ	657	;# 
  2208     0292                     OSCTUNE         equ	658	;# 
  2209     0293                     OSCFRQ          equ	659	;# 
  2210     0294                     ACTCON          equ	660	;# 
  2211     0296                     CLKRCON         equ	662	;# 
  2212     0297                     CLKRCLK         equ	663	;# 
  2213     030C                     TMR1            equ	780	;# 
  2214     030C                     TMR1L           equ	780	;# 
  2215     030D                     TMR1H           equ	781	;# 
  2216     030E                     T1CON           equ	782	;# 
  2217     030F                     T1GCON          equ	783	;# 
  2218     030F                     PR1             equ	783	;# 
  2219     0310                     T1GATE          equ	784	;# 
  2220     0310                     TMR1GATE        equ	784	;# 
  2221     0311                     T1CLK           equ	785	;# 
  2222     0311                     TMR1CLK         equ	785	;# 
  2223     0312                     TMR3            equ	786	;# 
  2224     0312                     TMR3L           equ	786	;# 
  2225     0313                     TMR3H           equ	787	;# 
  2226     0314                     T3CON           equ	788	;# 
  2227     0315                     T3GCON          equ	789	;# 
  2228     0315                     PR3             equ	789	;# 
  2229     0316                     T3GATE          equ	790	;# 
  2230     0316                     TMR3GATE        equ	790	;# 
  2231     0317                     T3CLK           equ	791	;# 
  2232     0317                     TMR3CLK         equ	791	;# 
  2233     038C                     T2TMR           equ	908	;# 
  2234     038C                     TMR2            equ	908	;# 
  2235     038D                     T2PR            equ	909	;# 
  2236     038D                     PR2             equ	909	;# 
  2237     038E                     T2CON           equ	910	;# 
  2238     038F                     T2HLT           equ	911	;# 
  2239     0390                     T2CLKCON        equ	912	;# 
  2240     0390                     T2CLK           equ	912	;# 
  2241     0391                     T2RST           equ	913	;# 
  2242     0392                     T4TMR           equ	914	;# 
  2243     0392                     TMR4            equ	914	;# 
  2244     0393                     T4PR            equ	915	;# 
  2245     0393                     PR4             equ	915	;# 
  2246     0394                     T4CON           equ	916	;# 
  2247     0395                     T4HLT           equ	917	;# 
  2248     0396                     T4CLKCON        equ	918	;# 
  2249     0396                     T4CLK           equ	918	;# 
  2250     0397                     T4RST           equ	919	;# 
  2251     040C                     CCPR1           equ	1036	;# 
  2252     040C                     CCPR1L          equ	1036	;# 
  2253     040D                     CCPR1H          equ	1037	;# 
  2254     040E                     CCP1CON         equ	1038	;# 
  2255     040F                     CCP1CAP         equ	1039	;# 
  2256     0410                     CCPR2           equ	1040	;# 
  2257     0410                     CCPR2L          equ	1040	;# 
  2258     0411                     CCPR2H          equ	1041	;# 
  2259     0412                     CCP2CON         equ	1042	;# 
  2260     0413                     CCP2CAP         equ	1043	;# 
  2261     041F                     CCPTMRS0        equ	1055	;# 
  2262     048C                     PWM1ERS         equ	1164	;# 
  2263     048D                     PWM1CLK         equ	1165	;# 
  2264     048E                     PWM1LDS         equ	1166	;# 
  2265     048F                     PWM1PR          equ	1167	;# 
  2266     048F                     PWM1PRL         equ	1167	;# 
  2267     0490                     PWM1PRH         equ	1168	;# 
  2268     0491                     PWM1CPRE        equ	1169	;# 
  2269     0492                     PWM1PIPOS       equ	1170	;# 
  2270     0493                     PWM1GIR         equ	1171	;# 
  2271     0494                     PWM1GIE         equ	1172	;# 
  2272     0495                     PWM1CON         equ	1173	;# 
  2273     0496                     PWM1S1CFG       equ	1174	;# 
  2274     0497                     PWM1S1P1        equ	1175	;# 
  2275     0497                     PWM1S1P1L       equ	1175	;# 
  2276     0498                     PWM1S1P1H       equ	1176	;# 
  2277     0499                     PWM1S1P2        equ	1177	;# 
  2278     0499                     PWM1S1P2L       equ	1177	;# 
  2279     049A                     PWM1S1P2H       equ	1178	;# 
  2280     049E                     PWMLOAD         equ	1182	;# 
  2281     049F                     PWMEN           equ	1183	;# 
  2282     050C                     PWM2ERS         equ	1292	;# 
  2283     050D                     PWM2CLK         equ	1293	;# 
  2284     050E                     PWM2LDS         equ	1294	;# 
  2285     050F                     PWM2PR          equ	1295	;# 
  2286     050F                     PWM2PRL         equ	1295	;# 
  2287     0510                     PWM2PRH         equ	1296	;# 
  2288     0511                     PWM2CPRE        equ	1297	;# 
  2289     0512                     PWM2PIPOS       equ	1298	;# 
  2290     0513                     PWM2GIR         equ	1299	;# 
  2291     0514                     PWM2GIE         equ	1300	;# 
  2292     0515                     PWM2CON         equ	1301	;# 
  2293     0516                     PWM2S1CFG       equ	1302	;# 
  2294     0517                     PWM2S1P1        equ	1303	;# 
  2295     0517                     PWM2S1P1L       equ	1303	;# 
  2296     0518                     PWM2S1P1H       equ	1304	;# 
  2297     0519                     PWM2S1P2        equ	1305	;# 
  2298     0519                     PWM2S1P2L       equ	1305	;# 
  2299     051A                     PWM2S1P2H       equ	1306	;# 
  2300     058C                     NCO1ACC         equ	1420	;# 
  2301     058C                     NCO1ACCL        equ	1420	;# 
  2302     058D                     NCO1ACCH        equ	1421	;# 
  2303     058E                     NCO1ACCU        equ	1422	;# 
  2304     058F                     NCO1INC         equ	1423	;# 
  2305     058F                     NCO1INCL        equ	1423	;# 
  2306     0590                     NCO1INCH        equ	1424	;# 
  2307     0591                     NCO1INCU        equ	1425	;# 
  2308     0592                     NCO1CON         equ	1426	;# 
  2309     0593                     NCO1CLK         equ	1427	;# 
  2310     060C                     CWG1CLK         equ	1548	;# 
  2311     060C                     CWG1CLKCON      equ	1548	;# 
  2312     060D                     CWG1ISM         equ	1549	;# 
  2313     060D                     CWG1DAT         equ	1549	;# 
  2314     060E                     CWG1DBR         equ	1550	;# 
  2315     060F                     CWG1DBF         equ	1551	;# 
  2316     0610                     CWG1CON0        equ	1552	;# 
  2317     0611                     CWG1CON1        equ	1553	;# 
  2318     0612                     CWG1AS0         equ	1554	;# 
  2319     0613                     CWG1AS1         equ	1555	;# 
  2320     0614                     CWG1STR         equ	1556	;# 
  2321     068C                     CLCnCON         equ	1676	;# 
  2322     068D                     CLCnPOL         equ	1677	;# 
  2323     068E                     CLCnSEL0        equ	1678	;# 
  2324     068F                     CLCnSEL1        equ	1679	;# 
  2325     0690                     CLCnSEL2        equ	1680	;# 
  2326     0691                     CLCnSEL3        equ	1681	;# 
  2327     0692                     CLCnGLS0        equ	1682	;# 
  2328     0693                     CLCnGLS1        equ	1683	;# 
  2329     0694                     CLCnGLS2        equ	1684	;# 
  2330     0695                     CLCnGLS3        equ	1685	;# 
  2331     0696                     CLCSELECT       equ	1686	;# 
  2332     0697                     CLCDATA         equ	1687	;# 
  2333     070C                     RC1REG          equ	1804	;# 
  2334     070D                     TX1REG          equ	1805	;# 
  2335     070E                     SP1BRG          equ	1806	;# 
  2336     070E                     SP1BRGL         equ	1806	;# 
  2337     070F                     SP1BRGH         equ	1807	;# 
  2338     0710                     RC1STA          equ	1808	;# 
  2339     0711                     TX1STA          equ	1809	;# 
  2340     0712                     BAUD1CON        equ	1810	;# 
  2341     0716                     RC2REG          equ	1814	;# 
  2342     0717                     TX2REG          equ	1815	;# 
  2343     0718                     SP2BRG          equ	1816	;# 
  2344     0718                     SP2BRGL         equ	1816	;# 
  2345     0719                     SP2BRGH         equ	1817	;# 
  2346     071A                     RC2STA          equ	1818	;# 
  2347     071B                     TX2STA          equ	1819	;# 
  2348     071C                     BAUD2CON        equ	1820	;# 
  2349     078C                     SSP1BUF         equ	1932	;# 
  2350     078D                     SSP1ADD         equ	1933	;# 
  2351     078E                     SSP1MSK         equ	1934	;# 
  2352     078F                     SSP1STAT        equ	1935	;# 
  2353     0790                     SSP1CON1        equ	1936	;# 
  2354     0791                     SSP1CON2        equ	1937	;# 
  2355     0792                     SSP1CON3        equ	1938	;# 
  2356     0796                     SSP2BUF         equ	1942	;# 
  2357     0797                     SSP2ADD         equ	1943	;# 
  2358     0798                     SSP2MSK         equ	1944	;# 
  2359     0799                     SSP2STAT        equ	1945	;# 
  2360     079A                     SSP2CON1        equ	1946	;# 
  2361     079B                     SSP2CON2        equ	1947	;# 
  2362     079C                     SSP2CON3        equ	1948	;# 
  2363     080C                     CM1CON0         equ	2060	;# 
  2364     080D                     CM1CON1         equ	2061	;# 
  2365     080E                     CM1NCH          equ	2062	;# 
  2366     080F                     CM1PCH          equ	2063	;# 
  2367     0810                     CM2CON0         equ	2064	;# 
  2368     0811                     CM2CON1         equ	2065	;# 
  2369     0812                     CM2NCH          equ	2066	;# 
  2370     0813                     CM2PCH          equ	2067	;# 
  2371     081F                     CMOUT           equ	2079	;# 
  2372     081F                     CMSTAT          equ	2079	;# 
  2373     088C                     DAC1CON         equ	2188	;# 
  2374     088D                     DAC1DATL        equ	2189	;# 
  2375     0890                     DAC2CON         equ	2192	;# 
  2376     0891                     DAC2DATL        equ	2193	;# 
  2377     090C                     OPA1CON0        equ	2316	;# 
  2378     090D                     OPA1CON1        equ	2317	;# 
  2379     090E                     OPA1CON2        equ	2318	;# 
  2380     090F                     OPA1CON3        equ	2319	;# 
  2381     0910                     OPA1HWC         equ	2320	;# 
  2382     0911                     OPA1OFFSET      equ	2321	;# 
  2383     0912                     OPA1ORS         equ	2322	;# 
  2384     1C8C                     NVMADR          equ	7308	;# 
  2385     1C8C                     NVMADRL         equ	7308	;# 
  2386     1C8D                     NVMADRH         equ	7309	;# 
  2387     1C8E                     NVMDAT          equ	7310	;# 
  2388     1C8E                     NVMDATL         equ	7310	;# 
  2389     1C8F                     NVMDATH         equ	7311	;# 
  2390     1C90                     NVMCON1         equ	7312	;# 
  2391     1C91                     NVMCON2         equ	7313	;# 
  2392     1C92                     SCANHADR        equ	7314	;# 
  2393     1C92                     SCANHADRL       equ	7314	;# 
  2394     1C93                     SCANHADRH       equ	7315	;# 
  2395     1C95                     SCANLADR        equ	7317	;# 
  2396     1C95                     SCANLADRL       equ	7317	;# 
  2397     1C96                     SCANLADRH       equ	7318	;# 
  2398     1C98                     SCANCON0        equ	7320	;# 
  2399     1C99                     SCANTRIG        equ	7321	;# 
  2400     1C9A                     CRCDATA         equ	7322	;# 
  2401     1C9A                     CRCDATAL        equ	7322	;# 
  2402     1C9B                     CRCDATAH        equ	7323	;# 
  2403     1C9C                     CRCDATAU        equ	7324	;# 
  2404     1C9D                     CRCDATAT        equ	7325	;# 
  2405     1C9E                     CRCOUT          equ	7326	;# 
  2406     1C9E                     CRCSHFT         equ	7326	;# 
  2407     1C9E                     CRCXOR          equ	7326	;# 
  2408     1C9E                     CRCOUTL         equ	7326	;# 
  2409     1C9E                     CRCSHFTL        equ	7326	;# 
  2410     1C9E                     CRCSHIFTL       equ	7326	;# 
  2411     1C9E                     CRCXORL         equ	7326	;# 
  2412     1C9F                     CRCOUTH         equ	7327	;# 
  2413     1C9F                     CRCSHFTH        equ	7327	;# 
  2414     1C9F                     CRCSHIFTH       equ	7327	;# 
  2415     1C9F                     CRCXORH         equ	7327	;# 
  2416     1CA0                     CRCOUTU         equ	7328	;# 
  2417     1CA0                     CRCSHFTU        equ	7328	;# 
  2418     1CA0                     CRCSHIFTU       equ	7328	;# 
  2419     1CA0                     CRCXORU         equ	7328	;# 
  2420     1CA1                     CRCOUTT         equ	7329	;# 
  2421     1CA1                     CRCSHFTT        equ	7329	;# 
  2422     1CA1                     CRCSHIFTT       equ	7329	;# 
  2423     1CA1                     CRCXORT         equ	7329	;# 
  2424     1CA2                     CRCCON0         equ	7330	;# 
  2425     1CA3                     CRCCON1         equ	7331	;# 
  2426     1CA4                     CRCCON2         equ	7332	;# 
  2427     1D0C                     ADLTH           equ	7436	;# 
  2428     1D0C                     ADLTHL          equ	7436	;# 
  2429     1D0D                     ADLTHH          equ	7437	;# 
  2430     1D0E                     ADUTH           equ	7438	;# 
  2431     1D0E                     ADUTHL          equ	7438	;# 
  2432     1D0F                     ADUTHH          equ	7439	;# 
  2433     1D10                     ADERR           equ	7440	;# 
  2434     1D10                     ADERRL          equ	7440	;# 
  2435     1D11                     ADERRH          equ	7441	;# 
  2436     1D12                     ADSTPT          equ	7442	;# 
  2437     1D12                     ADSTPTL         equ	7442	;# 
  2438     1D13                     ADSTPTH         equ	7443	;# 
  2439     1D14                     ADFLTR          equ	7444	;# 
  2440     1D14                     ADFLTRL         equ	7444	;# 
  2441     1D15                     ADFLTRH         equ	7445	;# 
  2442     1D16                     ADACC           equ	7446	;# 
  2443     1D16                     ADACCL          equ	7446	;# 
  2444     1D17                     ADACCH          equ	7447	;# 
  2445     1D18                     ADACCU          equ	7448	;# 
  2446     1D19                     ADCNT           equ	7449	;# 
  2447     1D1A                     ADRPT           equ	7450	;# 
  2448     1D1B                     ADPREV          equ	7451	;# 
  2449     1D1B                     ADPREVL         equ	7451	;# 
  2450     1D1C                     ADPREVH         equ	7452	;# 
  2451     1D1D                     ADRES           equ	7453	;# 
  2452     1D1D                     ADRESL          equ	7453	;# 
  2453     1D1E                     ADRESH          equ	7454	;# 
  2454     1D1F                     ADPCH           equ	7455	;# 
  2455     1D20                     ADNCH           equ	7456	;# 
  2456     1D21                     ADACQ           equ	7457	;# 
  2457     1D21                     ADACQL          equ	7457	;# 
  2458     1D22                     ADACQH          equ	7458	;# 
  2459     1D23                     ADCAP           equ	7459	;# 
  2460     1D24                     ADPRE           equ	7460	;# 
  2461     1D24                     ADPREL          equ	7460	;# 
  2462     1D25                     ADPREH          equ	7461	;# 
  2463     1D26                     ADCON0          equ	7462	;# 
  2464     1D27                     ADCON1          equ	7463	;# 
  2465     1D28                     ADCON2          equ	7464	;# 
  2466     1D29                     ADCON3          equ	7465	;# 
  2467     1D2A                     ADSTAT          equ	7466	;# 
  2468     1D2B                     ADREF           equ	7467	;# 
  2469     1D2C                     ADACT           equ	7468	;# 
  2470     1D2D                     ADCLK           equ	7469	;# 
  2471     1D2E                     ADCG1A          equ	7470	;# 
  2472     1D30                     ADCG1C          equ	7472	;# 
  2473     1D8C                     RA0PPS          equ	7564	;# 
  2474     1D8D                     RA1PPS          equ	7565	;# 
  2475     1D8E                     RA2PPS          equ	7566	;# 
  2476     1D90                     RA4PPS          equ	7568	;# 
  2477     1D91                     RA5PPS          equ	7569	;# 
  2478     1D9C                     RC0PPS          equ	7580	;# 
  2479     1D9D                     RC1PPS          equ	7581	;# 
  2480     1D9E                     RC2PPS          equ	7582	;# 
  2481     1D9F                     RC3PPS          equ	7583	;# 
  2482     1DA0                     RC4PPS          equ	7584	;# 
  2483     1DA1                     RC5PPS          equ	7585	;# 
  2484     1E0C                     PPSLOCK         equ	7692	;# 
  2485     1E0D                     INTPPS          equ	7693	;# 
  2486     1E0E                     T0CKIPPS        equ	7694	;# 
  2487     1E0F                     T1CKIPPS        equ	7695	;# 
  2488     1E10                     T1GPPS          equ	7696	;# 
  2489     1E11                     T3CKIPPS        equ	7697	;# 
  2490     1E12                     T3GPPS          equ	7698	;# 
  2491     1E19                     T2INPPS         equ	7705	;# 
  2492     1E1A                     T4INPPS         equ	7706	;# 
  2493     1E1E                     CCP1PPS         equ	7710	;# 
  2494     1E1F                     CCP2PPS         equ	7711	;# 
  2495     1E24                     PWMIN0PPS       equ	7716	;# 
  2496     1E25                     PWMIN1PPS       equ	7717	;# 
  2497     1E26                     PWM1ERSPPS      equ	7718	;# 
  2498     1E27                     PWM2ERSPPS      equ	7719	;# 
  2499     1E39                     CWG1PPS         equ	7737	;# 
  2500     1E3D                     CLCIN0PPS       equ	7741	;# 
  2501     1E3E                     CLCIN1PPS       equ	7742	;# 
  2502     1E3F                     CLCIN2PPS       equ	7743	;# 
  2503     1E40                     CLCIN3PPS       equ	7744	;# 
  2504     1E41                     CK1PPS          equ	7745	;# 
  2505     1E41                     TX1CKPPS        equ	7745	;# 
  2506     1E42                     RX1PPS          equ	7746	;# 
  2507     1E42                     RX1DTPPS        equ	7746	;# 
  2508     1E43                     CK2PPS          equ	7747	;# 
  2509     1E43                     TX2CKPPS        equ	7747	;# 
  2510     1E44                     RX2PPS          equ	7748	;# 
  2511     1E44                     RX2DTPPS        equ	7748	;# 
  2512     1E47                     SSP1CLKPPS      equ	7751	;# 
  2513     1E48                     SSP1DATPPS      equ	7752	;# 
  2514     1E49                     SSP1SSPPS       equ	7753	;# 
  2515     1E4A                     SSP2CLKPPS      equ	7754	;# 
  2516     1E4B                     SSP2DATPPS      equ	7755	;# 
  2517     1E4C                     SSP2SSPPS       equ	7756	;# 
  2518     1E50                     ADACTPPS        equ	7760	;# 
  2519     1E53                     OPA1PPS         equ	7763	;# 
  2520     1E8C                     ANSELA          equ	7820	;# 
  2521     1E8D                     WPUA            equ	7821	;# 
  2522     1E8E                     ODCONA          equ	7822	;# 
  2523     1E8F                     SLRCONA         equ	7823	;# 
  2524     1E90                     INLVLA          equ	7824	;# 
  2525     1E91                     IOCAP           equ	7825	;# 
  2526     1E92                     IOCAN           equ	7826	;# 
  2527     1E93                     IOCAF           equ	7827	;# 
  2528     1EA0                     ANSELC          equ	7840	;# 
  2529     1EA1                     WPUC            equ	7841	;# 
  2530     1EA2                     ODCONC          equ	7842	;# 
  2531     1EA3                     SLRCONC         equ	7843	;# 
  2532     1EA4                     INLVLC          equ	7844	;# 
  2533     1EA5                     IOCCP           equ	7845	;# 
  2534     1EA6                     IOCCN           equ	7846	;# 
  2535     1EA7                     IOCCF           equ	7847	;# 
  2536     1EE9                     RC0I2C          equ	7913	;# 
  2537     1EEA                     RC1I2C          equ	7914	;# 
  2538     1EEC                     RC4I2C          equ	7916	;# 
  2539     1EED                     RC5I2C          equ	7917	;# 
  2540     1F0C                     UMTOAP          equ	7948	;# 
  2541     1F0D                     UMTOAL          equ	7949	;# 
  2542     1F0E                     UMTOAH          equ	7950	;# 
  2543     1FE4                     STATUS_SHAD     equ	8164	;# 
  2544     1FE5                     WREG_SHAD       equ	8165	;# 
  2545     1FE6                     BSR_SHAD        equ	8166	;# 
  2546     1FE7                     PCLATH_SHAD     equ	8167	;# 
  2547     1FE8                     FSR0_SHAD       equ	8168	;# 
  2548     1FE8                     FSR0L_SHAD      equ	8168	;# 
  2549     1FE9                     FSR0H_SHAD      equ	8169	;# 
  2550     1FEA                     FSR1_SHAD       equ	8170	;# 
  2551     1FEA                     FSR1L_SHAD      equ	8170	;# 
  2552     1FEB                     FSR1H_SHAD      equ	8171	;# 
  2553     1FED                     STKPTR          equ	8173	;# 
  2554     1FEE                     TOSL            equ	8174	;# 
  2555     1FEF                     TOSH            equ	8175	;# 
  2556     0000                     INDF0           equ	0	;# 
  2557     0001                     INDF1           equ	1	;# 
  2558     0002                     PCL             equ	2	;# 
  2559     0003                     STATUS          equ	3	;# 
  2560     0004                     FSR0L           equ	4	;# 
  2561     0005                     FSR0H           equ	5	;# 
  2562     0006                     FSR1L           equ	6	;# 
  2563     0007                     FSR1H           equ	7	;# 
  2564     0008                     BSR             equ	8	;# 
  2565     0009                     WREG            equ	9	;# 
  2566     000A                     PCLATH          equ	10	;# 
  2567     000B                     INTCON          equ	11	;# 
  2568     000C                     PORTA           equ	12	;# 
  2569     000E                     PORTC           equ	14	;# 
  2570     0012                     TRISA           equ	18	;# 
  2571     0014                     TRISC           equ	20	;# 
  2572     0018                     LATA            equ	24	;# 
  2573     001A                     LATC            equ	26	;# 
  2574     008C                     PIR0            equ	140	;# 
  2575     008D                     PIR1            equ	141	;# 
  2576     008E                     PIR2            equ	142	;# 
  2577     008F                     PIR3            equ	143	;# 
  2578     0090                     PIR4            equ	144	;# 
  2579     0091                     PIR5            equ	145	;# 
  2580     0092                     PIR6            equ	146	;# 
  2581     0096                     PIE0            equ	150	;# 
  2582     0097                     PIE1            equ	151	;# 
  2583     0098                     PIE2            equ	152	;# 
  2584     0099                     PIE3            equ	153	;# 
  2585     009A                     PIE4            equ	154	;# 
  2586     009B                     PIE5            equ	155	;# 
  2587     009C                     PIE6            equ	156	;# 
  2588     010C                     PMD0            equ	268	;# 
  2589     010D                     PMD1            equ	269	;# 
  2590     010E                     PMD2            equ	270	;# 
  2591     010F                     PMD3            equ	271	;# 
  2592     0110                     PMD4            equ	272	;# 
  2593     018C                     WDTCON0         equ	396	;# 
  2594     018D                     WDTCON1         equ	397	;# 
  2595     018E                     WDTPS           equ	398	;# 
  2596     018E                     WDTPSL          equ	398	;# 
  2597     018F                     WDTPSH          equ	399	;# 
  2598     0190                     WDTTMR          equ	400	;# 
  2599     0191                     BORCON          equ	401	;# 
  2600     0192                     PCON0           equ	402	;# 
  2601     0193                     PCON1           equ	403	;# 
  2602     019C                     TMR0L           equ	412	;# 
  2603     019C                     TMR0            equ	412	;# 
  2604     019D                     TMR0H           equ	413	;# 
  2605     019D                     PR0             equ	413	;# 
  2606     019E                     T0CON0          equ	414	;# 
  2607     019F                     T0CON1          equ	415	;# 
  2608     020C                     FVRCON          equ	524	;# 
  2609     020D                     CPCON           equ	525	;# 
  2610     021F                     ZCDCON          equ	543	;# 
  2611     028C                     CPUDOZE         equ	652	;# 
  2612     028D                     OSCCON1         equ	653	;# 
  2613     028E                     OSCCON2         equ	654	;# 
  2614     028F                     OSCCON3         equ	655	;# 
  2615     0290                     OSCSTAT         equ	656	;# 
  2616     0291                     OSCEN           equ	657	;# 
  2617     0292                     OSCTUNE         equ	658	;# 
  2618     0293                     OSCFRQ          equ	659	;# 
  2619     0294                     ACTCON          equ	660	;# 
  2620     0296                     CLKRCON         equ	662	;# 
  2621     0297                     CLKRCLK         equ	663	;# 
  2622     030C                     TMR1            equ	780	;# 
  2623     030C                     TMR1L           equ	780	;# 
  2624     030D                     TMR1H           equ	781	;# 
  2625     030E                     T1CON           equ	782	;# 
  2626     030F                     T1GCON          equ	783	;# 
  2627     030F                     PR1             equ	783	;# 
  2628     0310                     T1GATE          equ	784	;# 
  2629     0310                     TMR1GATE        equ	784	;# 
  2630     0311                     T1CLK           equ	785	;# 
  2631     0311                     TMR1CLK         equ	785	;# 
  2632     0312                     TMR3            equ	786	;# 
  2633     0312                     TMR3L           equ	786	;# 
  2634     0313                     TMR3H           equ	787	;# 
  2635     0314                     T3CON           equ	788	;# 
  2636     0315                     T3GCON          equ	789	;# 
  2637     0315                     PR3             equ	789	;# 
  2638     0316                     T3GATE          equ	790	;# 
  2639     0316                     TMR3GATE        equ	790	;# 
  2640     0317                     T3CLK           equ	791	;# 
  2641     0317                     TMR3CLK         equ	791	;# 
  2642     038C                     T2TMR           equ	908	;# 
  2643     038C                     TMR2            equ	908	;# 
  2644     038D                     T2PR            equ	909	;# 
  2645     038D                     PR2             equ	909	;# 
  2646     038E                     T2CON           equ	910	;# 
  2647     038F                     T2HLT           equ	911	;# 
  2648     0390                     T2CLKCON        equ	912	;# 
  2649     0390                     T2CLK           equ	912	;# 
  2650     0391                     T2RST           equ	913	;# 
  2651     0392                     T4TMR           equ	914	;# 
  2652     0392                     TMR4            equ	914	;# 
  2653     0393                     T4PR            equ	915	;# 
  2654     0393                     PR4             equ	915	;# 
  2655     0394                     T4CON           equ	916	;# 
  2656     0395                     T4HLT           equ	917	;# 
  2657     0396                     T4CLKCON        equ	918	;# 
  2658     0396                     T4CLK           equ	918	;# 
  2659     0397                     T4RST           equ	919	;# 
  2660     040C                     CCPR1           equ	1036	;# 
  2661     040C                     CCPR1L          equ	1036	;# 
  2662     040D                     CCPR1H          equ	1037	;# 
  2663     040E                     CCP1CON         equ	1038	;# 
  2664     040F                     CCP1CAP         equ	1039	;# 
  2665     0410                     CCPR2           equ	1040	;# 
  2666     0410                     CCPR2L          equ	1040	;# 
  2667     0411                     CCPR2H          equ	1041	;# 
  2668     0412                     CCP2CON         equ	1042	;# 
  2669     0413                     CCP2CAP         equ	1043	;# 
  2670     041F                     CCPTMRS0        equ	1055	;# 
  2671     048C                     PWM1ERS         equ	1164	;# 
  2672     048D                     PWM1CLK         equ	1165	;# 
  2673     048E                     PWM1LDS         equ	1166	;# 
  2674     048F                     PWM1PR          equ	1167	;# 
  2675     048F                     PWM1PRL         equ	1167	;# 
  2676     0490                     PWM1PRH         equ	1168	;# 
  2677     0491                     PWM1CPRE        equ	1169	;# 
  2678     0492                     PWM1PIPOS       equ	1170	;# 
  2679     0493                     PWM1GIR         equ	1171	;# 
  2680     0494                     PWM1GIE         equ	1172	;# 
  2681     0495                     PWM1CON         equ	1173	;# 
  2682     0496                     PWM1S1CFG       equ	1174	;# 
  2683     0497                     PWM1S1P1        equ	1175	;# 
  2684     0497                     PWM1S1P1L       equ	1175	;# 
  2685     0498                     PWM1S1P1H       equ	1176	;# 
  2686     0499                     PWM1S1P2        equ	1177	;# 
  2687     0499                     PWM1S1P2L       equ	1177	;# 
  2688     049A                     PWM1S1P2H       equ	1178	;# 
  2689     049E                     PWMLOAD         equ	1182	;# 
  2690     049F                     PWMEN           equ	1183	;# 
  2691     050C                     PWM2ERS         equ	1292	;# 
  2692     050D                     PWM2CLK         equ	1293	;# 
  2693     050E                     PWM2LDS         equ	1294	;# 
  2694     050F                     PWM2PR          equ	1295	;# 
  2695     050F                     PWM2PRL         equ	1295	;# 
  2696     0510                     PWM2PRH         equ	1296	;# 
  2697     0511                     PWM2CPRE        equ	1297	;# 
  2698     0512                     PWM2PIPOS       equ	1298	;# 
  2699     0513                     PWM2GIR         equ	1299	;# 
  2700     0514                     PWM2GIE         equ	1300	;# 
  2701     0515                     PWM2CON         equ	1301	;# 
  2702     0516                     PWM2S1CFG       equ	1302	;# 
  2703     0517                     PWM2S1P1        equ	1303	;# 
  2704     0517                     PWM2S1P1L       equ	1303	;# 
  2705     0518                     PWM2S1P1H       equ	1304	;# 
  2706     0519                     PWM2S1P2        equ	1305	;# 
  2707     0519                     PWM2S1P2L       equ	1305	;# 
  2708     051A                     PWM2S1P2H       equ	1306	;# 
  2709     058C                     NCO1ACC         equ	1420	;# 
  2710     058C                     NCO1ACCL        equ	1420	;# 
  2711     058D                     NCO1ACCH        equ	1421	;# 
  2712     058E                     NCO1ACCU        equ	1422	;# 
  2713     058F                     NCO1INC         equ	1423	;# 
  2714     058F                     NCO1INCL        equ	1423	;# 
  2715     0590                     NCO1INCH        equ	1424	;# 
  2716     0591                     NCO1INCU        equ	1425	;# 
  2717     0592                     NCO1CON         equ	1426	;# 
  2718     0593                     NCO1CLK         equ	1427	;# 
  2719     060C                     CWG1CLK         equ	1548	;# 
  2720     060C                     CWG1CLKCON      equ	1548	;# 
  2721     060D                     CWG1ISM         equ	1549	;# 
  2722     060D                     CWG1DAT         equ	1549	;# 
  2723     060E                     CWG1DBR         equ	1550	;# 
  2724     060F                     CWG1DBF         equ	1551	;# 
  2725     0610                     CWG1CON0        equ	1552	;# 
  2726     0611                     CWG1CON1        equ	1553	;# 
  2727     0612                     CWG1AS0         equ	1554	;# 
  2728     0613                     CWG1AS1         equ	1555	;# 
  2729     0614                     CWG1STR         equ	1556	;# 
  2730     068C                     CLCnCON         equ	1676	;# 
  2731     068D                     CLCnPOL         equ	1677	;# 
  2732     068E                     CLCnSEL0        equ	1678	;# 
  2733     068F                     CLCnSEL1        equ	1679	;# 
  2734     0690                     CLCnSEL2        equ	1680	;# 
  2735     0691                     CLCnSEL3        equ	1681	;# 
  2736     0692                     CLCnGLS0        equ	1682	;# 
  2737     0693                     CLCnGLS1        equ	1683	;# 
  2738     0694                     CLCnGLS2        equ	1684	;# 
  2739     0695                     CLCnGLS3        equ	1685	;# 
  2740     0696                     CLCSELECT       equ	1686	;# 
  2741     0697                     CLCDATA         equ	1687	;# 
  2742     070C                     RC1REG          equ	1804	;# 
  2743     070D                     TX1REG          equ	1805	;# 
  2744     070E                     SP1BRG          equ	1806	;# 
  2745     070E                     SP1BRGL         equ	1806	;# 
  2746     070F                     SP1BRGH         equ	1807	;# 
  2747     0710                     RC1STA          equ	1808	;# 
  2748     0711                     TX1STA          equ	1809	;# 
  2749     0712                     BAUD1CON        equ	1810	;# 
  2750     0716                     RC2REG          equ	1814	;# 
  2751     0717                     TX2REG          equ	1815	;# 
  2752     0718                     SP2BRG          equ	1816	;# 
  2753     0718                     SP2BRGL         equ	1816	;# 
  2754     0719                     SP2BRGH         equ	1817	;# 
  2755     071A                     RC2STA          equ	1818	;# 
  2756     071B                     TX2STA          equ	1819	;# 
  2757     071C                     BAUD2CON        equ	1820	;# 
  2758     078C                     SSP1BUF         equ	1932	;# 
  2759     078D                     SSP1ADD         equ	1933	;# 
  2760     078E                     SSP1MSK         equ	1934	;# 
  2761     078F                     SSP1STAT        equ	1935	;# 
  2762     0790                     SSP1CON1        equ	1936	;# 
  2763     0791                     SSP1CON2        equ	1937	;# 
  2764     0792                     SSP1CON3        equ	1938	;# 
  2765     0796                     SSP2BUF         equ	1942	;# 
  2766     0797                     SSP2ADD         equ	1943	;# 
  2767     0798                     SSP2MSK         equ	1944	;# 
  2768     0799                     SSP2STAT        equ	1945	;# 
  2769     079A                     SSP2CON1        equ	1946	;# 
  2770     079B                     SSP2CON2        equ	1947	;# 
  2771     079C                     SSP2CON3        equ	1948	;# 
  2772     080C                     CM1CON0         equ	2060	;# 
  2773     080D                     CM1CON1         equ	2061	;# 
  2774     080E                     CM1NCH          equ	2062	;# 
  2775     080F                     CM1PCH          equ	2063	;# 
  2776     0810                     CM2CON0         equ	2064	;# 
  2777     0811                     CM2CON1         equ	2065	;# 
  2778     0812                     CM2NCH          equ	2066	;# 
  2779     0813                     CM2PCH          equ	2067	;# 
  2780     081F                     CMOUT           equ	2079	;# 
  2781     081F                     CMSTAT          equ	2079	;# 
  2782     088C                     DAC1CON         equ	2188	;# 
  2783     088D                     DAC1DATL        equ	2189	;# 
  2784     0890                     DAC2CON         equ	2192	;# 
  2785     0891                     DAC2DATL        equ	2193	;# 
  2786     090C                     OPA1CON0        equ	2316	;# 
  2787     090D                     OPA1CON1        equ	2317	;# 
  2788     090E                     OPA1CON2        equ	2318	;# 
  2789     090F                     OPA1CON3        equ	2319	;# 
  2790     0910                     OPA1HWC         equ	2320	;# 
  2791     0911                     OPA1OFFSET      equ	2321	;# 
  2792     0912                     OPA1ORS         equ	2322	;# 
  2793     1C8C                     NVMADR          equ	7308	;# 
  2794     1C8C                     NVMADRL         equ	7308	;# 
  2795     1C8D                     NVMADRH         equ	7309	;# 
  2796     1C8E                     NVMDAT          equ	7310	;# 
  2797     1C8E                     NVMDATL         equ	7310	;# 
  2798     1C8F                     NVMDATH         equ	7311	;# 
  2799     1C90                     NVMCON1         equ	7312	;# 
  2800     1C91                     NVMCON2         equ	7313	;# 
  2801     1C92                     SCANHADR        equ	7314	;# 
  2802     1C92                     SCANHADRL       equ	7314	;# 
  2803     1C93                     SCANHADRH       equ	7315	;# 
  2804     1C95                     SCANLADR        equ	7317	;# 
  2805     1C95                     SCANLADRL       equ	7317	;# 
  2806     1C96                     SCANLADRH       equ	7318	;# 
  2807     1C98                     SCANCON0        equ	7320	;# 
  2808     1C99                     SCANTRIG        equ	7321	;# 
  2809     1C9A                     CRCDATA         equ	7322	;# 
  2810     1C9A                     CRCDATAL        equ	7322	;# 
  2811     1C9B                     CRCDATAH        equ	7323	;# 
  2812     1C9C                     CRCDATAU        equ	7324	;# 
  2813     1C9D                     CRCDATAT        equ	7325	;# 
  2814     1C9E                     CRCOUT          equ	7326	;# 
  2815     1C9E                     CRCSHFT         equ	7326	;# 
  2816     1C9E                     CRCXOR          equ	7326	;# 
  2817     1C9E                     CRCOUTL         equ	7326	;# 
  2818     1C9E                     CRCSHFTL        equ	7326	;# 
  2819     1C9E                     CRCSHIFTL       equ	7326	;# 
  2820     1C9E                     CRCXORL         equ	7326	;# 
  2821     1C9F                     CRCOUTH         equ	7327	;# 
  2822     1C9F                     CRCSHFTH        equ	7327	;# 
  2823     1C9F                     CRCSHIFTH       equ	7327	;# 
  2824     1C9F                     CRCXORH         equ	7327	;# 
  2825     1CA0                     CRCOUTU         equ	7328	;# 
  2826     1CA0                     CRCSHFTU        equ	7328	;# 
  2827     1CA0                     CRCSHIFTU       equ	7328	;# 
  2828     1CA0                     CRCXORU         equ	7328	;# 
  2829     1CA1                     CRCOUTT         equ	7329	;# 
  2830     1CA1                     CRCSHFTT        equ	7329	;# 
  2831     1CA1                     CRCSHIFTT       equ	7329	;# 
  2832     1CA1                     CRCXORT         equ	7329	;# 
  2833     1CA2                     CRCCON0         equ	7330	;# 
  2834     1CA3                     CRCCON1         equ	7331	;# 
  2835     1CA4                     CRCCON2         equ	7332	;# 
  2836     1D0C                     ADLTH           equ	7436	;# 
  2837     1D0C                     ADLTHL          equ	7436	;# 
  2838     1D0D                     ADLTHH          equ	7437	;# 
  2839     1D0E                     ADUTH           equ	7438	;# 
  2840     1D0E                     ADUTHL          equ	7438	;# 
  2841     1D0F                     ADUTHH          equ	7439	;# 
  2842     1D10                     ADERR           equ	7440	;# 
  2843     1D10                     ADERRL          equ	7440	;# 
  2844     1D11                     ADERRH          equ	7441	;# 
  2845     1D12                     ADSTPT          equ	7442	;# 
  2846     1D12                     ADSTPTL         equ	7442	;# 
  2847     1D13                     ADSTPTH         equ	7443	;# 
  2848     1D14                     ADFLTR          equ	7444	;# 
  2849     1D14                     ADFLTRL         equ	7444	;# 
  2850     1D15                     ADFLTRH         equ	7445	;# 
  2851     1D16                     ADACC           equ	7446	;# 
  2852     1D16                     ADACCL          equ	7446	;# 
  2853     1D17                     ADACCH          equ	7447	;# 
  2854     1D18                     ADACCU          equ	7448	;# 
  2855     1D19                     ADCNT           equ	7449	;# 
  2856     1D1A                     ADRPT           equ	7450	;# 
  2857     1D1B                     ADPREV          equ	7451	;# 
  2858     1D1B                     ADPREVL         equ	7451	;# 
  2859     1D1C                     ADPREVH         equ	7452	;# 
  2860     1D1D                     ADRES           equ	7453	;# 
  2861     1D1D                     ADRESL          equ	7453	;# 
  2862     1D1E                     ADRESH          equ	7454	;# 
  2863     1D1F                     ADPCH           equ	7455	;# 
  2864     1D20                     ADNCH           equ	7456	;# 
  2865     1D21                     ADACQ           equ	7457	;# 
  2866     1D21                     ADACQL          equ	7457	;# 
  2867     1D22                     ADACQH          equ	7458	;# 
  2868     1D23                     ADCAP           equ	7459	;# 
  2869     1D24                     ADPRE           equ	7460	;# 
  2870     1D24                     ADPREL          equ	7460	;# 
  2871     1D25                     ADPREH          equ	7461	;# 
  2872     1D26                     ADCON0          equ	7462	;# 
  2873     1D27                     ADCON1          equ	7463	;# 
  2874     1D28                     ADCON2          equ	7464	;# 
  2875     1D29                     ADCON3          equ	7465	;# 
  2876     1D2A                     ADSTAT          equ	7466	;# 
  2877     1D2B                     ADREF           equ	7467	;# 
  2878     1D2C                     ADACT           equ	7468	;# 
  2879     1D2D                     ADCLK           equ	7469	;# 
  2880     1D2E                     ADCG1A          equ	7470	;# 
  2881     1D30                     ADCG1C          equ	7472	;# 
  2882     1D8C                     RA0PPS          equ	7564	;# 
  2883     1D8D                     RA1PPS          equ	7565	;# 
  2884     1D8E                     RA2PPS          equ	7566	;# 
  2885     1D90                     RA4PPS          equ	7568	;# 
  2886     1D91                     RA5PPS          equ	7569	;# 
  2887     1D9C                     RC0PPS          equ	7580	;# 
  2888     1D9D                     RC1PPS          equ	7581	;# 
  2889     1D9E                     RC2PPS          equ	7582	;# 
  2890     1D9F                     RC3PPS          equ	7583	;# 
  2891     1DA0                     RC4PPS          equ	7584	;# 
  2892     1DA1                     RC5PPS          equ	7585	;# 
  2893     1E0C                     PPSLOCK         equ	7692	;# 
  2894     1E0D                     INTPPS          equ	7693	;# 
  2895     1E0E                     T0CKIPPS        equ	7694	;# 
  2896     1E0F                     T1CKIPPS        equ	7695	;# 
  2897     1E10                     T1GPPS          equ	7696	;# 
  2898     1E11                     T3CKIPPS        equ	7697	;# 
  2899     1E12                     T3GPPS          equ	7698	;# 
  2900     1E19                     T2INPPS         equ	7705	;# 
  2901     1E1A                     T4INPPS         equ	7706	;# 
  2902     1E1E                     CCP1PPS         equ	7710	;# 
  2903     1E1F                     CCP2PPS         equ	7711	;# 
  2904     1E24                     PWMIN0PPS       equ	7716	;# 
  2905     1E25                     PWMIN1PPS       equ	7717	;# 
  2906     1E26                     PWM1ERSPPS      equ	7718	;# 
  2907     1E27                     PWM2ERSPPS      equ	7719	;# 
  2908     1E39                     CWG1PPS         equ	7737	;# 
  2909     1E3D                     CLCIN0PPS       equ	7741	;# 
  2910     1E3E                     CLCIN1PPS       equ	7742	;# 
  2911     1E3F                     CLCIN2PPS       equ	7743	;# 
  2912     1E40                     CLCIN3PPS       equ	7744	;# 
  2913     1E41                     CK1PPS          equ	7745	;# 
  2914     1E41                     TX1CKPPS        equ	7745	;# 
  2915     1E42                     RX1PPS          equ	7746	;# 
  2916     1E42                     RX1DTPPS        equ	7746	;# 
  2917     1E43                     CK2PPS          equ	7747	;# 
  2918     1E43                     TX2CKPPS        equ	7747	;# 
  2919     1E44                     RX2PPS          equ	7748	;# 
  2920     1E44                     RX2DTPPS        equ	7748	;# 
  2921     1E47                     SSP1CLKPPS      equ	7751	;# 
  2922     1E48                     SSP1DATPPS      equ	7752	;# 
  2923     1E49                     SSP1SSPPS       equ	7753	;# 
  2924     1E4A                     SSP2CLKPPS      equ	7754	;# 
  2925     1E4B                     SSP2DATPPS      equ	7755	;# 
  2926     1E4C                     SSP2SSPPS       equ	7756	;# 
  2927     1E50                     ADACTPPS        equ	7760	;# 
  2928     1E53                     OPA1PPS         equ	7763	;# 
  2929     1E8C                     ANSELA          equ	7820	;# 
  2930     1E8D                     WPUA            equ	7821	;# 
  2931     1E8E                     ODCONA          equ	7822	;# 
  2932     1E8F                     SLRCONA         equ	7823	;# 
  2933     1E90                     INLVLA          equ	7824	;# 
  2934     1E91                     IOCAP           equ	7825	;# 
  2935     1E92                     IOCAN           equ	7826	;# 
  2936     1E93                     IOCAF           equ	7827	;# 
  2937     1EA0                     ANSELC          equ	7840	;# 
  2938     1EA1                     WPUC            equ	7841	;# 
  2939     1EA2                     ODCONC          equ	7842	;# 
  2940     1EA3                     SLRCONC         equ	7843	;# 
  2941     1EA4                     INLVLC          equ	7844	;# 
  2942     1EA5                     IOCCP           equ	7845	;# 
  2943     1EA6                     IOCCN           equ	7846	;# 
  2944     1EA7                     IOCCF           equ	7847	;# 
  2945     1EE9                     RC0I2C          equ	7913	;# 
  2946     1EEA                     RC1I2C          equ	7914	;# 
  2947     1EEC                     RC4I2C          equ	7916	;# 
  2948     1EED                     RC5I2C          equ	7917	;# 
  2949     1F0C                     UMTOAP          equ	7948	;# 
  2950     1F0D                     UMTOAL          equ	7949	;# 
  2951     1F0E                     UMTOAH          equ	7950	;# 
  2952     1FE4                     STATUS_SHAD     equ	8164	;# 
  2953     1FE5                     WREG_SHAD       equ	8165	;# 
  2954     1FE6                     BSR_SHAD        equ	8166	;# 
  2955     1FE7                     PCLATH_SHAD     equ	8167	;# 
  2956     1FE8                     FSR0_SHAD       equ	8168	;# 
  2957     1FE8                     FSR0L_SHAD      equ	8168	;# 
  2958     1FE9                     FSR0H_SHAD      equ	8169	;# 
  2959     1FEA                     FSR1_SHAD       equ	8170	;# 
  2960     1FEA                     FSR1L_SHAD      equ	8170	;# 
  2961     1FEB                     FSR1H_SHAD      equ	8171	;# 
  2962     1FED                     STKPTR          equ	8173	;# 
  2963     1FEE                     TOSL            equ	8174	;# 
  2964     1FEF                     TOSH            equ	8175	;# 
  2965     0000                     INDF0           equ	0	;# 
  2966     0001                     INDF1           equ	1	;# 
  2967     0002                     PCL             equ	2	;# 
  2968     0003                     STATUS          equ	3	;# 
  2969     0004                     FSR0L           equ	4	;# 
  2970     0005                     FSR0H           equ	5	;# 
  2971     0006                     FSR1L           equ	6	;# 
  2972     0007                     FSR1H           equ	7	;# 
  2973     0008                     BSR             equ	8	;# 
  2974     0009                     WREG            equ	9	;# 
  2975     000A                     PCLATH          equ	10	;# 
  2976     000B                     INTCON          equ	11	;# 
  2977     000C                     PORTA           equ	12	;# 
  2978     000E                     PORTC           equ	14	;# 
  2979     0012                     TRISA           equ	18	;# 
  2980     0014                     TRISC           equ	20	;# 
  2981     0018                     LATA            equ	24	;# 
  2982     001A                     LATC            equ	26	;# 
  2983     008C                     PIR0            equ	140	;# 
  2984     008D                     PIR1            equ	141	;# 
  2985     008E                     PIR2            equ	142	;# 
  2986     008F                     PIR3            equ	143	;# 
  2987     0090                     PIR4            equ	144	;# 
  2988     0091                     PIR5            equ	145	;# 
  2989     0092                     PIR6            equ	146	;# 
  2990     0096                     PIE0            equ	150	;# 
  2991     0097                     PIE1            equ	151	;# 
  2992     0098                     PIE2            equ	152	;# 
  2993     0099                     PIE3            equ	153	;# 
  2994     009A                     PIE4            equ	154	;# 
  2995     009B                     PIE5            equ	155	;# 
  2996     009C                     PIE6            equ	156	;# 
  2997     010C                     PMD0            equ	268	;# 
  2998     010D                     PMD1            equ	269	;# 
  2999     010E                     PMD2            equ	270	;# 
  3000     010F                     PMD3            equ	271	;# 
  3001     0110                     PMD4            equ	272	;# 
  3002     018C                     WDTCON0         equ	396	;# 
  3003     018D                     WDTCON1         equ	397	;# 
  3004     018E                     WDTPS           equ	398	;# 
  3005     018E                     WDTPSL          equ	398	;# 
  3006     018F                     WDTPSH          equ	399	;# 
  3007     0190                     WDTTMR          equ	400	;# 
  3008     0191                     BORCON          equ	401	;# 
  3009     0192                     PCON0           equ	402	;# 
  3010     0193                     PCON1           equ	403	;# 
  3011     019C                     TMR0L           equ	412	;# 
  3012     019C                     TMR0            equ	412	;# 
  3013     019D                     TMR0H           equ	413	;# 
  3014     019D                     PR0             equ	413	;# 
  3015     019E                     T0CON0          equ	414	;# 
  3016     019F                     T0CON1          equ	415	;# 
  3017     020C                     FVRCON          equ	524	;# 
  3018     020D                     CPCON           equ	525	;# 
  3019     021F                     ZCDCON          equ	543	;# 
  3020     028C                     CPUDOZE         equ	652	;# 
  3021     028D                     OSCCON1         equ	653	;# 
  3022     028E                     OSCCON2         equ	654	;# 
  3023     028F                     OSCCON3         equ	655	;# 
  3024     0290                     OSCSTAT         equ	656	;# 
  3025     0291                     OSCEN           equ	657	;# 
  3026     0292                     OSCTUNE         equ	658	;# 
  3027     0293                     OSCFRQ          equ	659	;# 
  3028     0294                     ACTCON          equ	660	;# 
  3029     0296                     CLKRCON         equ	662	;# 
  3030     0297                     CLKRCLK         equ	663	;# 
  3031     030C                     TMR1            equ	780	;# 
  3032     030C                     TMR1L           equ	780	;# 
  3033     030D                     TMR1H           equ	781	;# 
  3034     030E                     T1CON           equ	782	;# 
  3035     030F                     T1GCON          equ	783	;# 
  3036     030F                     PR1             equ	783	;# 
  3037     0310                     T1GATE          equ	784	;# 
  3038     0310                     TMR1GATE        equ	784	;# 
  3039     0311                     T1CLK           equ	785	;# 
  3040     0311                     TMR1CLK         equ	785	;# 
  3041     0312                     TMR3            equ	786	;# 
  3042     0312                     TMR3L           equ	786	;# 
  3043     0313                     TMR3H           equ	787	;# 
  3044     0314                     T3CON           equ	788	;# 
  3045     0315                     T3GCON          equ	789	;# 
  3046     0315                     PR3             equ	789	;# 
  3047     0316                     T3GATE          equ	790	;# 
  3048     0316                     TMR3GATE        equ	790	;# 
  3049     0317                     T3CLK           equ	791	;# 
  3050     0317                     TMR3CLK         equ	791	;# 
  3051     038C                     T2TMR           equ	908	;# 
  3052     038C                     TMR2            equ	908	;# 
  3053     038D                     T2PR            equ	909	;# 
  3054     038D                     PR2             equ	909	;# 
  3055     038E                     T2CON           equ	910	;# 
  3056     038F                     T2HLT           equ	911	;# 
  3057     0390                     T2CLKCON        equ	912	;# 
  3058     0390                     T2CLK           equ	912	;# 
  3059     0391                     T2RST           equ	913	;# 
  3060     0392                     T4TMR           equ	914	;# 
  3061     0392                     TMR4            equ	914	;# 
  3062     0393                     T4PR            equ	915	;# 
  3063     0393                     PR4             equ	915	;# 
  3064     0394                     T4CON           equ	916	;# 
  3065     0395                     T4HLT           equ	917	;# 
  3066     0396                     T4CLKCON        equ	918	;# 
  3067     0396                     T4CLK           equ	918	;# 
  3068     0397                     T4RST           equ	919	;# 
  3069     040C                     CCPR1           equ	1036	;# 
  3070     040C                     CCPR1L          equ	1036	;# 
  3071     040D                     CCPR1H          equ	1037	;# 
  3072     040E                     CCP1CON         equ	1038	;# 
  3073     040F                     CCP1CAP         equ	1039	;# 
  3074     0410                     CCPR2           equ	1040	;# 
  3075     0410                     CCPR2L          equ	1040	;# 
  3076     0411                     CCPR2H          equ	1041	;# 
  3077     0412                     CCP2CON         equ	1042	;# 
  3078     0413                     CCP2CAP         equ	1043	;# 
  3079     041F                     CCPTMRS0        equ	1055	;# 
  3080     048C                     PWM1ERS         equ	1164	;# 
  3081     048D                     PWM1CLK         equ	1165	;# 
  3082     048E                     PWM1LDS         equ	1166	;# 
  3083     048F                     PWM1PR          equ	1167	;# 
  3084     048F                     PWM1PRL         equ	1167	;# 
  3085     0490                     PWM1PRH         equ	1168	;# 
  3086     0491                     PWM1CPRE        equ	1169	;# 
  3087     0492                     PWM1PIPOS       equ	1170	;# 
  3088     0493                     PWM1GIR         equ	1171	;# 
  3089     0494                     PWM1GIE         equ	1172	;# 
  3090     0495                     PWM1CON         equ	1173	;# 
  3091     0496                     PWM1S1CFG       equ	1174	;# 
  3092     0497                     PWM1S1P1        equ	1175	;# 
  3093     0497                     PWM1S1P1L       equ	1175	;# 
  3094     0498                     PWM1S1P1H       equ	1176	;# 
  3095     0499                     PWM1S1P2        equ	1177	;# 
  3096     0499                     PWM1S1P2L       equ	1177	;# 
  3097     049A                     PWM1S1P2H       equ	1178	;# 
  3098     049E                     PWMLOAD         equ	1182	;# 
  3099     049F                     PWMEN           equ	1183	;# 
  3100     050C                     PWM2ERS         equ	1292	;# 
  3101     050D                     PWM2CLK         equ	1293	;# 
  3102     050E                     PWM2LDS         equ	1294	;# 
  3103     050F                     PWM2PR          equ	1295	;# 
  3104     050F                     PWM2PRL         equ	1295	;# 
  3105     0510                     PWM2PRH         equ	1296	;# 
  3106     0511                     PWM2CPRE        equ	1297	;# 
  3107     0512                     PWM2PIPOS       equ	1298	;# 
  3108     0513                     PWM2GIR         equ	1299	;# 
  3109     0514                     PWM2GIE         equ	1300	;# 
  3110     0515                     PWM2CON         equ	1301	;# 
  3111     0516                     PWM2S1CFG       equ	1302	;# 
  3112     0517                     PWM2S1P1        equ	1303	;# 
  3113     0517                     PWM2S1P1L       equ	1303	;# 
  3114     0518                     PWM2S1P1H       equ	1304	;# 
  3115     0519                     PWM2S1P2        equ	1305	;# 
  3116     0519                     PWM2S1P2L       equ	1305	;# 
  3117     051A                     PWM2S1P2H       equ	1306	;# 
  3118     058C                     NCO1ACC         equ	1420	;# 
  3119     058C                     NCO1ACCL        equ	1420	;# 
  3120     058D                     NCO1ACCH        equ	1421	;# 
  3121     058E                     NCO1ACCU        equ	1422	;# 
  3122     058F                     NCO1INC         equ	1423	;# 
  3123     058F                     NCO1INCL        equ	1423	;# 
  3124     0590                     NCO1INCH        equ	1424	;# 
  3125     0591                     NCO1INCU        equ	1425	;# 
  3126     0592                     NCO1CON         equ	1426	;# 
  3127     0593                     NCO1CLK         equ	1427	;# 
  3128     060C                     CWG1CLK         equ	1548	;# 
  3129     060C                     CWG1CLKCON      equ	1548	;# 
  3130     060D                     CWG1ISM         equ	1549	;# 
  3131     060D                     CWG1DAT         equ	1549	;# 
  3132     060E                     CWG1DBR         equ	1550	;# 
  3133     060F                     CWG1DBF         equ	1551	;# 
  3134     0610                     CWG1CON0        equ	1552	;# 
  3135     0611                     CWG1CON1        equ	1553	;# 
  3136     0612                     CWG1AS0         equ	1554	;# 
  3137     0613                     CWG1AS1         equ	1555	;# 
  3138     0614                     CWG1STR         equ	1556	;# 
  3139     068C                     CLCnCON         equ	1676	;# 
  3140     068D                     CLCnPOL         equ	1677	;# 
  3141     068E                     CLCnSEL0        equ	1678	;# 
  3142     068F                     CLCnSEL1        equ	1679	;# 
  3143     0690                     CLCnSEL2        equ	1680	;# 
  3144     0691                     CLCnSEL3        equ	1681	;# 
  3145     0692                     CLCnGLS0        equ	1682	;# 
  3146     0693                     CLCnGLS1        equ	1683	;# 
  3147     0694                     CLCnGLS2        equ	1684	;# 
  3148     0695                     CLCnGLS3        equ	1685	;# 
  3149     0696                     CLCSELECT       equ	1686	;# 
  3150     0697                     CLCDATA         equ	1687	;# 
  3151     070C                     RC1REG          equ	1804	;# 
  3152     070D                     TX1REG          equ	1805	;# 
  3153     070E                     SP1BRG          equ	1806	;# 
  3154     070E                     SP1BRGL         equ	1806	;# 
  3155     070F                     SP1BRGH         equ	1807	;# 
  3156     0710                     RC1STA          equ	1808	;# 
  3157     0711                     TX1STA          equ	1809	;# 
  3158     0712                     BAUD1CON        equ	1810	;# 
  3159     0716                     RC2REG          equ	1814	;# 
  3160     0717                     TX2REG          equ	1815	;# 
  3161     0718                     SP2BRG          equ	1816	;# 
  3162     0718                     SP2BRGL         equ	1816	;# 
  3163     0719                     SP2BRGH         equ	1817	;# 
  3164     071A                     RC2STA          equ	1818	;# 
  3165     071B                     TX2STA          equ	1819	;# 
  3166     071C                     BAUD2CON        equ	1820	;# 
  3167     078C                     SSP1BUF         equ	1932	;# 
  3168     078D                     SSP1ADD         equ	1933	;# 
  3169     078E                     SSP1MSK         equ	1934	;# 
  3170     078F                     SSP1STAT        equ	1935	;# 
  3171     0790                     SSP1CON1        equ	1936	;# 
  3172     0791                     SSP1CON2        equ	1937	;# 
  3173     0792                     SSP1CON3        equ	1938	;# 
  3174     0796                     SSP2BUF         equ	1942	;# 
  3175     0797                     SSP2ADD         equ	1943	;# 
  3176     0798                     SSP2MSK         equ	1944	;# 
  3177     0799                     SSP2STAT        equ	1945	;# 
  3178     079A                     SSP2CON1        equ	1946	;# 
  3179     079B                     SSP2CON2        equ	1947	;# 
  3180     079C                     SSP2CON3        equ	1948	;# 
  3181     080C                     CM1CON0         equ	2060	;# 
  3182     080D                     CM1CON1         equ	2061	;# 
  3183     080E                     CM1NCH          equ	2062	;# 
  3184     080F                     CM1PCH          equ	2063	;# 
  3185     0810                     CM2CON0         equ	2064	;# 
  3186     0811                     CM2CON1         equ	2065	;# 
  3187     0812                     CM2NCH          equ	2066	;# 
  3188     0813                     CM2PCH          equ	2067	;# 
  3189     081F                     CMOUT           equ	2079	;# 
  3190     081F                     CMSTAT          equ	2079	;# 
  3191     088C                     DAC1CON         equ	2188	;# 
  3192     088D                     DAC1DATL        equ	2189	;# 
  3193     0890                     DAC2CON         equ	2192	;# 
  3194     0891                     DAC2DATL        equ	2193	;# 
  3195     090C                     OPA1CON0        equ	2316	;# 
  3196     090D                     OPA1CON1        equ	2317	;# 
  3197     090E                     OPA1CON2        equ	2318	;# 
  3198     090F                     OPA1CON3        equ	2319	;# 
  3199     0910                     OPA1HWC         equ	2320	;# 
  3200     0911                     OPA1OFFSET      equ	2321	;# 
  3201     0912                     OPA1ORS         equ	2322	;# 
  3202     1C8C                     NVMADR          equ	7308	;# 
  3203     1C8C                     NVMADRL         equ	7308	;# 
  3204     1C8D                     NVMADRH         equ	7309	;# 
  3205     1C8E                     NVMDAT          equ	7310	;# 
  3206     1C8E                     NVMDATL         equ	7310	;# 
  3207     1C8F                     NVMDATH         equ	7311	;# 
  3208     1C90                     NVMCON1         equ	7312	;# 
  3209     1C91                     NVMCON2         equ	7313	;# 
  3210     1C92                     SCANHADR        equ	7314	;# 
  3211     1C92                     SCANHADRL       equ	7314	;# 
  3212     1C93                     SCANHADRH       equ	7315	;# 
  3213     1C95                     SCANLADR        equ	7317	;# 
  3214     1C95                     SCANLADRL       equ	7317	;# 
  3215     1C96                     SCANLADRH       equ	7318	;# 
  3216     1C98                     SCANCON0        equ	7320	;# 
  3217     1C99                     SCANTRIG        equ	7321	;# 
  3218     1C9A                     CRCDATA         equ	7322	;# 
  3219     1C9A                     CRCDATAL        equ	7322	;# 
  3220     1C9B                     CRCDATAH        equ	7323	;# 
  3221     1C9C                     CRCDATAU        equ	7324	;# 
  3222     1C9D                     CRCDATAT        equ	7325	;# 
  3223     1C9E                     CRCOUT          equ	7326	;# 
  3224     1C9E                     CRCSHFT         equ	7326	;# 
  3225     1C9E                     CRCXOR          equ	7326	;# 
  3226     1C9E                     CRCOUTL         equ	7326	;# 
  3227     1C9E                     CRCSHFTL        equ	7326	;# 
  3228     1C9E                     CRCSHIFTL       equ	7326	;# 
  3229     1C9E                     CRCXORL         equ	7326	;# 
  3230     1C9F                     CRCOUTH         equ	7327	;# 
  3231     1C9F                     CRCSHFTH        equ	7327	;# 
  3232     1C9F                     CRCSHIFTH       equ	7327	;# 
  3233     1C9F                     CRCXORH         equ	7327	;# 
  3234     1CA0                     CRCOUTU         equ	7328	;# 
  3235     1CA0                     CRCSHFTU        equ	7328	;# 
  3236     1CA0                     CRCSHIFTU       equ	7328	;# 
  3237     1CA0                     CRCXORU         equ	7328	;# 
  3238     1CA1                     CRCOUTT         equ	7329	;# 
  3239     1CA1                     CRCSHFTT        equ	7329	;# 
  3240     1CA1                     CRCSHIFTT       equ	7329	;# 
  3241     1CA1                     CRCXORT         equ	7329	;# 
  3242     1CA2                     CRCCON0         equ	7330	;# 
  3243     1CA3                     CRCCON1         equ	7331	;# 
  3244     1CA4                     CRCCON2         equ	7332	;# 
  3245     1D0C                     ADLTH           equ	7436	;# 
  3246     1D0C                     ADLTHL          equ	7436	;# 
  3247     1D0D                     ADLTHH          equ	7437	;# 
  3248     1D0E                     ADUTH           equ	7438	;# 
  3249     1D0E                     ADUTHL          equ	7438	;# 
  3250     1D0F                     ADUTHH          equ	7439	;# 
  3251     1D10                     ADERR           equ	7440	;# 
  3252     1D10                     ADERRL          equ	7440	;# 
  3253     1D11                     ADERRH          equ	7441	;# 
  3254     1D12                     ADSTPT          equ	7442	;# 
  3255     1D12                     ADSTPTL         equ	7442	;# 
  3256     1D13                     ADSTPTH         equ	7443	;# 
  3257     1D14                     ADFLTR          equ	7444	;# 
  3258     1D14                     ADFLTRL         equ	7444	;# 
  3259     1D15                     ADFLTRH         equ	7445	;# 
  3260     1D16                     ADACC           equ	7446	;# 
  3261     1D16                     ADACCL          equ	7446	;# 
  3262     1D17                     ADACCH          equ	7447	;# 
  3263     1D18                     ADACCU          equ	7448	;# 
  3264     1D19                     ADCNT           equ	7449	;# 
  3265     1D1A                     ADRPT           equ	7450	;# 
  3266     1D1B                     ADPREV          equ	7451	;# 
  3267     1D1B                     ADPREVL         equ	7451	;# 
  3268     1D1C                     ADPREVH         equ	7452	;# 
  3269     1D1D                     ADRES           equ	7453	;# 
  3270     1D1D                     ADRESL          equ	7453	;# 
  3271     1D1E                     ADRESH          equ	7454	;# 
  3272     1D1F                     ADPCH           equ	7455	;# 
  3273     1D20                     ADNCH           equ	7456	;# 
  3274     1D21                     ADACQ           equ	7457	;# 
  3275     1D21                     ADACQL          equ	7457	;# 
  3276     1D22                     ADACQH          equ	7458	;# 
  3277     1D23                     ADCAP           equ	7459	;# 
  3278     1D24                     ADPRE           equ	7460	;# 
  3279     1D24                     ADPREL          equ	7460	;# 
  3280     1D25                     ADPREH          equ	7461	;# 
  3281     1D26                     ADCON0          equ	7462	;# 
  3282     1D27                     ADCON1          equ	7463	;# 
  3283     1D28                     ADCON2          equ	7464	;# 
  3284     1D29                     ADCON3          equ	7465	;# 
  3285     1D2A                     ADSTAT          equ	7466	;# 
  3286     1D2B                     ADREF           equ	7467	;# 
  3287     1D2C                     ADACT           equ	7468	;# 
  3288     1D2D                     ADCLK           equ	7469	;# 
  3289     1D2E                     ADCG1A          equ	7470	;# 
  3290     1D30                     ADCG1C          equ	7472	;# 
  3291     1D8C                     RA0PPS          equ	7564	;# 
  3292     1D8D                     RA1PPS          equ	7565	;# 
  3293     1D8E                     RA2PPS          equ	7566	;# 
  3294     1D90                     RA4PPS          equ	7568	;# 
  3295     1D91                     RA5PPS          equ	7569	;# 
  3296     1D9C                     RC0PPS          equ	7580	;# 
  3297     1D9D                     RC1PPS          equ	7581	;# 
  3298     1D9E                     RC2PPS          equ	7582	;# 
  3299     1D9F                     RC3PPS          equ	7583	;# 
  3300     1DA0                     RC4PPS          equ	7584	;# 
  3301     1DA1                     RC5PPS          equ	7585	;# 
  3302     1E0C                     PPSLOCK         equ	7692	;# 
  3303     1E0D                     INTPPS          equ	7693	;# 
  3304     1E0E                     T0CKIPPS        equ	7694	;# 
  3305     1E0F                     T1CKIPPS        equ	7695	;# 
  3306     1E10                     T1GPPS          equ	7696	;# 
  3307     1E11                     T3CKIPPS        equ	7697	;# 
  3308     1E12                     T3GPPS          equ	7698	;# 
  3309     1E19                     T2INPPS         equ	7705	;# 
  3310     1E1A                     T4INPPS         equ	7706	;# 
  3311     1E1E                     CCP1PPS         equ	7710	;# 
  3312     1E1F                     CCP2PPS         equ	7711	;# 
  3313     1E24                     PWMIN0PPS       equ	7716	;# 
  3314     1E25                     PWMIN1PPS       equ	7717	;# 
  3315     1E26                     PWM1ERSPPS      equ	7718	;# 
  3316     1E27                     PWM2ERSPPS      equ	7719	;# 
  3317     1E39                     CWG1PPS         equ	7737	;# 
  3318     1E3D                     CLCIN0PPS       equ	7741	;# 
  3319     1E3E                     CLCIN1PPS       equ	7742	;# 
  3320     1E3F                     CLCIN2PPS       equ	7743	;# 
  3321     1E40                     CLCIN3PPS       equ	7744	;# 
  3322     1E41                     CK1PPS          equ	7745	;# 
  3323     1E41                     TX1CKPPS        equ	7745	;# 
  3324     1E42                     RX1PPS          equ	7746	;# 
  3325     1E42                     RX1DTPPS        equ	7746	;# 
  3326     1E43                     CK2PPS          equ	7747	;# 
  3327     1E43                     TX2CKPPS        equ	7747	;# 
  3328     1E44                     RX2PPS          equ	7748	;# 
  3329     1E44                     RX2DTPPS        equ	7748	;# 
  3330     1E47                     SSP1CLKPPS      equ	7751	;# 
  3331     1E48                     SSP1DATPPS      equ	7752	;# 
  3332     1E49                     SSP1SSPPS       equ	7753	;# 
  3333     1E4A                     SSP2CLKPPS      equ	7754	;# 
  3334     1E4B                     SSP2DATPPS      equ	7755	;# 
  3335     1E4C                     SSP2SSPPS       equ	7756	;# 
  3336     1E50                     ADACTPPS        equ	7760	;# 
  3337     1E53                     OPA1PPS         equ	7763	;# 
  3338     1E8C                     ANSELA          equ	7820	;# 
  3339     1E8D                     WPUA            equ	7821	;# 
  3340     1E8E                     ODCONA          equ	7822	;# 
  3341     1E8F                     SLRCONA         equ	7823	;# 
  3342     1E90                     INLVLA          equ	7824	;# 
  3343     1E91                     IOCAP           equ	7825	;# 
  3344     1E92                     IOCAN           equ	7826	;# 
  3345     1E93                     IOCAF           equ	7827	;# 
  3346     1EA0                     ANSELC          equ	7840	;# 
  3347     1EA1                     WPUC            equ	7841	;# 
  3348     1EA2                     ODCONC          equ	7842	;# 
  3349     1EA3                     SLRCONC         equ	7843	;# 
  3350     1EA4                     INLVLC          equ	7844	;# 
  3351     1EA5                     IOCCP           equ	7845	;# 
  3352     1EA6                     IOCCN           equ	7846	;# 
  3353     1EA7                     IOCCF           equ	7847	;# 
  3354     1EE9                     RC0I2C          equ	7913	;# 
  3355     1EEA                     RC1I2C          equ	7914	;# 
  3356     1EEC                     RC4I2C          equ	7916	;# 
  3357     1EED                     RC5I2C          equ	7917	;# 
  3358     1F0C                     UMTOAP          equ	7948	;# 
  3359     1F0D                     UMTOAL          equ	7949	;# 
  3360     1F0E                     UMTOAH          equ	7950	;# 
  3361     1FE4                     STATUS_SHAD     equ	8164	;# 
  3362     1FE5                     WREG_SHAD       equ	8165	;# 
  3363     1FE6                     BSR_SHAD        equ	8166	;# 
  3364     1FE7                     PCLATH_SHAD     equ	8167	;# 
  3365     1FE8                     FSR0_SHAD       equ	8168	;# 
  3366     1FE8                     FSR0L_SHAD      equ	8168	;# 
  3367     1FE9                     FSR0H_SHAD      equ	8169	;# 
  3368     1FEA                     FSR1_SHAD       equ	8170	;# 
  3369     1FEA                     FSR1L_SHAD      equ	8170	;# 
  3370     1FEB                     FSR1H_SHAD      equ	8171	;# 
  3371     1FED                     STKPTR          equ	8173	;# 
  3372     1FEE                     TOSL            equ	8174	;# 
  3373     1FEF                     TOSH            equ	8175	;# 
  3374     0000                     INDF0           equ	0	;# 
  3375     0001                     INDF1           equ	1	;# 
  3376     0002                     PCL             equ	2	;# 
  3377     0003                     STATUS          equ	3	;# 
  3378     0004                     FSR0L           equ	4	;# 
  3379     0005                     FSR0H           equ	5	;# 
  3380     0006                     FSR1L           equ	6	;# 
  3381     0007                     FSR1H           equ	7	;# 
  3382     0008                     BSR             equ	8	;# 
  3383     0009                     WREG            equ	9	;# 
  3384     000A                     PCLATH          equ	10	;# 
  3385     000B                     INTCON          equ	11	;# 
  3386     000C                     PORTA           equ	12	;# 
  3387     000E                     PORTC           equ	14	;# 
  3388     0012                     TRISA           equ	18	;# 
  3389     0014                     TRISC           equ	20	;# 
  3390     0018                     LATA            equ	24	;# 
  3391     001A                     LATC            equ	26	;# 
  3392     008C                     PIR0            equ	140	;# 
  3393     008D                     PIR1            equ	141	;# 
  3394     008E                     PIR2            equ	142	;# 
  3395     008F                     PIR3            equ	143	;# 
  3396     0090                     PIR4            equ	144	;# 
  3397     0091                     PIR5            equ	145	;# 
  3398     0092                     PIR6            equ	146	;# 
  3399     0096                     PIE0            equ	150	;# 
  3400     0097                     PIE1            equ	151	;# 
  3401     0098                     PIE2            equ	152	;# 
  3402     0099                     PIE3            equ	153	;# 
  3403     009A                     PIE4            equ	154	;# 
  3404     009B                     PIE5            equ	155	;# 
  3405     009C                     PIE6            equ	156	;# 
  3406     010C                     PMD0            equ	268	;# 
  3407     010D                     PMD1            equ	269	;# 
  3408     010E                     PMD2            equ	270	;# 
  3409     010F                     PMD3            equ	271	;# 
  3410     0110                     PMD4            equ	272	;# 
  3411     018C                     WDTCON0         equ	396	;# 
  3412     018D                     WDTCON1         equ	397	;# 
  3413     018E                     WDTPS           equ	398	;# 
  3414     018E                     WDTPSL          equ	398	;# 
  3415     018F                     WDTPSH          equ	399	;# 
  3416     0190                     WDTTMR          equ	400	;# 
  3417     0191                     BORCON          equ	401	;# 
  3418     0192                     PCON0           equ	402	;# 
  3419     0193                     PCON1           equ	403	;# 
  3420     019C                     TMR0L           equ	412	;# 
  3421     019C                     TMR0            equ	412	;# 
  3422     019D                     TMR0H           equ	413	;# 
  3423     019D                     PR0             equ	413	;# 
  3424     019E                     T0CON0          equ	414	;# 
  3425     019F                     T0CON1          equ	415	;# 
  3426     020C                     FVRCON          equ	524	;# 
  3427     020D                     CPCON           equ	525	;# 
  3428     021F                     ZCDCON          equ	543	;# 
  3429     028C                     CPUDOZE         equ	652	;# 
  3430     028D                     OSCCON1         equ	653	;# 
  3431     028E                     OSCCON2         equ	654	;# 
  3432     028F                     OSCCON3         equ	655	;# 
  3433     0290                     OSCSTAT         equ	656	;# 
  3434     0291                     OSCEN           equ	657	;# 
  3435     0292                     OSCTUNE         equ	658	;# 
  3436     0293                     OSCFRQ          equ	659	;# 
  3437     0294                     ACTCON          equ	660	;# 
  3438     0296                     CLKRCON         equ	662	;# 
  3439     0297                     CLKRCLK         equ	663	;# 
  3440     030C                     TMR1            equ	780	;# 
  3441     030C                     TMR1L           equ	780	;# 
  3442     030D                     TMR1H           equ	781	;# 
  3443     030E                     T1CON           equ	782	;# 
  3444     030F                     T1GCON          equ	783	;# 
  3445     030F                     PR1             equ	783	;# 
  3446     0310                     T1GATE          equ	784	;# 
  3447     0310                     TMR1GATE        equ	784	;# 
  3448     0311                     T1CLK           equ	785	;# 
  3449     0311                     TMR1CLK         equ	785	;# 
  3450     0312                     TMR3            equ	786	;# 
  3451     0312                     TMR3L           equ	786	;# 
  3452     0313                     TMR3H           equ	787	;# 
  3453     0314                     T3CON           equ	788	;# 
  3454     0315                     T3GCON          equ	789	;# 
  3455     0315                     PR3             equ	789	;# 
  3456     0316                     T3GATE          equ	790	;# 
  3457     0316                     TMR3GATE        equ	790	;# 
  3458     0317                     T3CLK           equ	791	;# 
  3459     0317                     TMR3CLK         equ	791	;# 
  3460     038C                     T2TMR           equ	908	;# 
  3461     038C                     TMR2            equ	908	;# 
  3462     038D                     T2PR            equ	909	;# 
  3463     038D                     PR2             equ	909	;# 
  3464     038E                     T2CON           equ	910	;# 
  3465     038F                     T2HLT           equ	911	;# 
  3466     0390                     T2CLKCON        equ	912	;# 
  3467     0390                     T2CLK           equ	912	;# 
  3468     0391                     T2RST           equ	913	;# 
  3469     0392                     T4TMR           equ	914	;# 
  3470     0392                     TMR4            equ	914	;# 
  3471     0393                     T4PR            equ	915	;# 
  3472     0393                     PR4             equ	915	;# 
  3473     0394                     T4CON           equ	916	;# 
  3474     0395                     T4HLT           equ	917	;# 
  3475     0396                     T4CLKCON        equ	918	;# 
  3476     0396                     T4CLK           equ	918	;# 
  3477     0397                     T4RST           equ	919	;# 
  3478     040C                     CCPR1           equ	1036	;# 
  3479     040C                     CCPR1L          equ	1036	;# 
  3480     040D                     CCPR1H          equ	1037	;# 
  3481     040E                     CCP1CON         equ	1038	;# 
  3482     040F                     CCP1CAP         equ	1039	;# 
  3483     0410                     CCPR2           equ	1040	;# 
  3484     0410                     CCPR2L          equ	1040	;# 
  3485     0411                     CCPR2H          equ	1041	;# 
  3486     0412                     CCP2CON         equ	1042	;# 
  3487     0413                     CCP2CAP         equ	1043	;# 
  3488     041F                     CCPTMRS0        equ	1055	;# 
  3489     048C                     PWM1ERS         equ	1164	;# 
  3490     048D                     PWM1CLK         equ	1165	;# 
  3491     048E                     PWM1LDS         equ	1166	;# 
  3492     048F                     PWM1PR          equ	1167	;# 
  3493     048F                     PWM1PRL         equ	1167	;# 
  3494     0490                     PWM1PRH         equ	1168	;# 
  3495     0491                     PWM1CPRE        equ	1169	;# 
  3496     0492                     PWM1PIPOS       equ	1170	;# 
  3497     0493                     PWM1GIR         equ	1171	;# 
  3498     0494                     PWM1GIE         equ	1172	;# 
  3499     0495                     PWM1CON         equ	1173	;# 
  3500     0496                     PWM1S1CFG       equ	1174	;# 
  3501     0497                     PWM1S1P1        equ	1175	;# 
  3502     0497                     PWM1S1P1L       equ	1175	;# 
  3503     0498                     PWM1S1P1H       equ	1176	;# 
  3504     0499                     PWM1S1P2        equ	1177	;# 
  3505     0499                     PWM1S1P2L       equ	1177	;# 
  3506     049A                     PWM1S1P2H       equ	1178	;# 
  3507     049E                     PWMLOAD         equ	1182	;# 
  3508     049F                     PWMEN           equ	1183	;# 
  3509     050C                     PWM2ERS         equ	1292	;# 
  3510     050D                     PWM2CLK         equ	1293	;# 
  3511     050E                     PWM2LDS         equ	1294	;# 
  3512     050F                     PWM2PR          equ	1295	;# 
  3513     050F                     PWM2PRL         equ	1295	;# 
  3514     0510                     PWM2PRH         equ	1296	;# 
  3515     0511                     PWM2CPRE        equ	1297	;# 
  3516     0512                     PWM2PIPOS       equ	1298	;# 
  3517     0513                     PWM2GIR         equ	1299	;# 
  3518     0514                     PWM2GIE         equ	1300	;# 
  3519     0515                     PWM2CON         equ	1301	;# 
  3520     0516                     PWM2S1CFG       equ	1302	;# 
  3521     0517                     PWM2S1P1        equ	1303	;# 
  3522     0517                     PWM2S1P1L       equ	1303	;# 
  3523     0518                     PWM2S1P1H       equ	1304	;# 
  3524     0519                     PWM2S1P2        equ	1305	;# 
  3525     0519                     PWM2S1P2L       equ	1305	;# 
  3526     051A                     PWM2S1P2H       equ	1306	;# 
  3527     058C                     NCO1ACC         equ	1420	;# 
  3528     058C                     NCO1ACCL        equ	1420	;# 
  3529     058D                     NCO1ACCH        equ	1421	;# 
  3530     058E                     NCO1ACCU        equ	1422	;# 
  3531     058F                     NCO1INC         equ	1423	;# 
  3532     058F                     NCO1INCL        equ	1423	;# 
  3533     0590                     NCO1INCH        equ	1424	;# 
  3534     0591                     NCO1INCU        equ	1425	;# 
  3535     0592                     NCO1CON         equ	1426	;# 
  3536     0593                     NCO1CLK         equ	1427	;# 
  3537     060C                     CWG1CLK         equ	1548	;# 
  3538     060C                     CWG1CLKCON      equ	1548	;# 
  3539     060D                     CWG1ISM         equ	1549	;# 
  3540     060D                     CWG1DAT         equ	1549	;# 
  3541     060E                     CWG1DBR         equ	1550	;# 
  3542     060F                     CWG1DBF         equ	1551	;# 
  3543     0610                     CWG1CON0        equ	1552	;# 
  3544     0611                     CWG1CON1        equ	1553	;# 
  3545     0612                     CWG1AS0         equ	1554	;# 
  3546     0613                     CWG1AS1         equ	1555	;# 
  3547     0614                     CWG1STR         equ	1556	;# 
  3548     068C                     CLCnCON         equ	1676	;# 
  3549     068D                     CLCnPOL         equ	1677	;# 
  3550     068E                     CLCnSEL0        equ	1678	;# 
  3551     068F                     CLCnSEL1        equ	1679	;# 
  3552     0690                     CLCnSEL2        equ	1680	;# 
  3553     0691                     CLCnSEL3        equ	1681	;# 
  3554     0692                     CLCnGLS0        equ	1682	;# 
  3555     0693                     CLCnGLS1        equ	1683	;# 
  3556     0694                     CLCnGLS2        equ	1684	;# 
  3557     0695                     CLCnGLS3        equ	1685	;# 
  3558     0696                     CLCSELECT       equ	1686	;# 
  3559     0697                     CLCDATA         equ	1687	;# 
  3560     070C                     RC1REG          equ	1804	;# 
  3561     070D                     TX1REG          equ	1805	;# 
  3562     070E                     SP1BRG          equ	1806	;# 
  3563     070E                     SP1BRGL         equ	1806	;# 
  3564     070F                     SP1BRGH         equ	1807	;# 
  3565     0710                     RC1STA          equ	1808	;# 
  3566     0711                     TX1STA          equ	1809	;# 
  3567     0712                     BAUD1CON        equ	1810	;# 
  3568     0716                     RC2REG          equ	1814	;# 
  3569     0717                     TX2REG          equ	1815	;# 
  3570     0718                     SP2BRG          equ	1816	;# 
  3571     0718                     SP2BRGL         equ	1816	;# 
  3572     0719                     SP2BRGH         equ	1817	;# 
  3573     071A                     RC2STA          equ	1818	;# 
  3574     071B                     TX2STA          equ	1819	;# 
  3575     071C                     BAUD2CON        equ	1820	;# 
  3576     078C                     SSP1BUF         equ	1932	;# 
  3577     078D                     SSP1ADD         equ	1933	;# 
  3578     078E                     SSP1MSK         equ	1934	;# 
  3579     078F                     SSP1STAT        equ	1935	;# 
  3580     0790                     SSP1CON1        equ	1936	;# 
  3581     0791                     SSP1CON2        equ	1937	;# 
  3582     0792                     SSP1CON3        equ	1938	;# 
  3583     0796                     SSP2BUF         equ	1942	;# 
  3584     0797                     SSP2ADD         equ	1943	;# 
  3585     0798                     SSP2MSK         equ	1944	;# 
  3586     0799                     SSP2STAT        equ	1945	;# 
  3587     079A                     SSP2CON1        equ	1946	;# 
  3588     079B                     SSP2CON2        equ	1947	;# 
  3589     079C                     SSP2CON3        equ	1948	;# 
  3590     080C                     CM1CON0         equ	2060	;# 
  3591     080D                     CM1CON1         equ	2061	;# 
  3592     080E                     CM1NCH          equ	2062	;# 
  3593     080F                     CM1PCH          equ	2063	;# 
  3594     0810                     CM2CON0         equ	2064	;# 
  3595     0811                     CM2CON1         equ	2065	;# 
  3596     0812                     CM2NCH          equ	2066	;# 
  3597     0813                     CM2PCH          equ	2067	;# 
  3598     081F                     CMOUT           equ	2079	;# 
  3599     081F                     CMSTAT          equ	2079	;# 
  3600     088C                     DAC1CON         equ	2188	;# 
  3601     088D                     DAC1DATL        equ	2189	;# 
  3602     0890                     DAC2CON         equ	2192	;# 
  3603     0891                     DAC2DATL        equ	2193	;# 
  3604     090C                     OPA1CON0        equ	2316	;# 
  3605     090D                     OPA1CON1        equ	2317	;# 
  3606     090E                     OPA1CON2        equ	2318	;# 
  3607     090F                     OPA1CON3        equ	2319	;# 
  3608     0910                     OPA1HWC         equ	2320	;# 
  3609     0911                     OPA1OFFSET      equ	2321	;# 
  3610     0912                     OPA1ORS         equ	2322	;# 
  3611     1C8C                     NVMADR          equ	7308	;# 
  3612     1C8C                     NVMADRL         equ	7308	;# 
  3613     1C8D                     NVMADRH         equ	7309	;# 
  3614     1C8E                     NVMDAT          equ	7310	;# 
  3615     1C8E                     NVMDATL         equ	7310	;# 
  3616     1C8F                     NVMDATH         equ	7311	;# 
  3617     1C90                     NVMCON1         equ	7312	;# 
  3618     1C91                     NVMCON2         equ	7313	;# 
  3619     1C92                     SCANHADR        equ	7314	;# 
  3620     1C92                     SCANHADRL       equ	7314	;# 
  3621     1C93                     SCANHADRH       equ	7315	;# 
  3622     1C95                     SCANLADR        equ	7317	;# 
  3623     1C95                     SCANLADRL       equ	7317	;# 
  3624     1C96                     SCANLADRH       equ	7318	;# 
  3625     1C98                     SCANCON0        equ	7320	;# 
  3626     1C99                     SCANTRIG        equ	7321	;# 
  3627     1C9A                     CRCDATA         equ	7322	;# 
  3628     1C9A                     CRCDATAL        equ	7322	;# 
  3629     1C9B                     CRCDATAH        equ	7323	;# 
  3630     1C9C                     CRCDATAU        equ	7324	;# 
  3631     1C9D                     CRCDATAT        equ	7325	;# 
  3632     1C9E                     CRCOUT          equ	7326	;# 
  3633     1C9E                     CRCSHFT         equ	7326	;# 
  3634     1C9E                     CRCXOR          equ	7326	;# 
  3635     1C9E                     CRCOUTL         equ	7326	;# 
  3636     1C9E                     CRCSHFTL        equ	7326	;# 
  3637     1C9E                     CRCSHIFTL       equ	7326	;# 
  3638     1C9E                     CRCXORL         equ	7326	;# 
  3639     1C9F                     CRCOUTH         equ	7327	;# 
  3640     1C9F                     CRCSHFTH        equ	7327	;# 
  3641     1C9F                     CRCSHIFTH       equ	7327	;# 
  3642     1C9F                     CRCXORH         equ	7327	;# 
  3643     1CA0                     CRCOUTU         equ	7328	;# 
  3644     1CA0                     CRCSHFTU        equ	7328	;# 
  3645     1CA0                     CRCSHIFTU       equ	7328	;# 
  3646     1CA0                     CRCXORU         equ	7328	;# 
  3647     1CA1                     CRCOUTT         equ	7329	;# 
  3648     1CA1                     CRCSHFTT        equ	7329	;# 
  3649     1CA1                     CRCSHIFTT       equ	7329	;# 
  3650     1CA1                     CRCXORT         equ	7329	;# 
  3651     1CA2                     CRCCON0         equ	7330	;# 
  3652     1CA3                     CRCCON1         equ	7331	;# 
  3653     1CA4                     CRCCON2         equ	7332	;# 
  3654     1D0C                     ADLTH           equ	7436	;# 
  3655     1D0C                     ADLTHL          equ	7436	;# 
  3656     1D0D                     ADLTHH          equ	7437	;# 
  3657     1D0E                     ADUTH           equ	7438	;# 
  3658     1D0E                     ADUTHL          equ	7438	;# 
  3659     1D0F                     ADUTHH          equ	7439	;# 
  3660     1D10                     ADERR           equ	7440	;# 
  3661     1D10                     ADERRL          equ	7440	;# 
  3662     1D11                     ADERRH          equ	7441	;# 
  3663     1D12                     ADSTPT          equ	7442	;# 
  3664     1D12                     ADSTPTL         equ	7442	;# 
  3665     1D13                     ADSTPTH         equ	7443	;# 
  3666     1D14                     ADFLTR          equ	7444	;# 
  3667     1D14                     ADFLTRL         equ	7444	;# 
  3668     1D15                     ADFLTRH         equ	7445	;# 
  3669     1D16                     ADACC           equ	7446	;# 
  3670     1D16                     ADACCL          equ	7446	;# 
  3671     1D17                     ADACCH          equ	7447	;# 
  3672     1D18                     ADACCU          equ	7448	;# 
  3673     1D19                     ADCNT           equ	7449	;# 
  3674     1D1A                     ADRPT           equ	7450	;# 
  3675     1D1B                     ADPREV          equ	7451	;# 
  3676     1D1B                     ADPREVL         equ	7451	;# 
  3677     1D1C                     ADPREVH         equ	7452	;# 
  3678     1D1D                     ADRES           equ	7453	;# 
  3679     1D1D                     ADRESL          equ	7453	;# 
  3680     1D1E                     ADRESH          equ	7454	;# 
  3681     1D1F                     ADPCH           equ	7455	;# 
  3682     1D20                     ADNCH           equ	7456	;# 
  3683     1D21                     ADACQ           equ	7457	;# 
  3684     1D21                     ADACQL          equ	7457	;# 
  3685     1D22                     ADACQH          equ	7458	;# 
  3686     1D23                     ADCAP           equ	7459	;# 
  3687     1D24                     ADPRE           equ	7460	;# 
  3688     1D24                     ADPREL          equ	7460	;# 
  3689     1D25                     ADPREH          equ	7461	;# 
  3690     1D26                     ADCON0          equ	7462	;# 
  3691     1D27                     ADCON1          equ	7463	;# 
  3692     1D28                     ADCON2          equ	7464	;# 
  3693     1D29                     ADCON3          equ	7465	;# 
  3694     1D2A                     ADSTAT          equ	7466	;# 
  3695     1D2B                     ADREF           equ	7467	;# 
  3696     1D2C                     ADACT           equ	7468	;# 
  3697     1D2D                     ADCLK           equ	7469	;# 
  3698     1D2E                     ADCG1A          equ	7470	;# 
  3699     1D30                     ADCG1C          equ	7472	;# 
  3700     1D8C                     RA0PPS          equ	7564	;# 
  3701     1D8D                     RA1PPS          equ	7565	;# 
  3702     1D8E                     RA2PPS          equ	7566	;# 
  3703     1D90                     RA4PPS          equ	7568	;# 
  3704     1D91                     RA5PPS          equ	7569	;# 
  3705     1D9C                     RC0PPS          equ	7580	;# 
  3706     1D9D                     RC1PPS          equ	7581	;# 
  3707     1D9E                     RC2PPS          equ	7582	;# 
  3708     1D9F                     RC3PPS          equ	7583	;# 
  3709     1DA0                     RC4PPS          equ	7584	;# 
  3710     1DA1                     RC5PPS          equ	7585	;# 
  3711     1E0C                     PPSLOCK         equ	7692	;# 
  3712     1E0D                     INTPPS          equ	7693	;# 
  3713     1E0E                     T0CKIPPS        equ	7694	;# 
  3714     1E0F                     T1CKIPPS        equ	7695	;# 
  3715     1E10                     T1GPPS          equ	7696	;# 
  3716     1E11                     T3CKIPPS        equ	7697	;# 
  3717     1E12                     T3GPPS          equ	7698	;# 
  3718     1E19                     T2INPPS         equ	7705	;# 
  3719     1E1A                     T4INPPS         equ	7706	;# 
  3720     1E1E                     CCP1PPS         equ	7710	;# 
  3721     1E1F                     CCP2PPS         equ	7711	;# 
  3722     1E24                     PWMIN0PPS       equ	7716	;# 
  3723     1E25                     PWMIN1PPS       equ	7717	;# 
  3724     1E26                     PWM1ERSPPS      equ	7718	;# 
  3725     1E27                     PWM2ERSPPS      equ	7719	;# 
  3726     1E39                     CWG1PPS         equ	7737	;# 
  3727     1E3D                     CLCIN0PPS       equ	7741	;# 
  3728     1E3E                     CLCIN1PPS       equ	7742	;# 
  3729     1E3F                     CLCIN2PPS       equ	7743	;# 
  3730     1E40                     CLCIN3PPS       equ	7744	;# 
  3731     1E41                     CK1PPS          equ	7745	;# 
  3732     1E41                     TX1CKPPS        equ	7745	;# 
  3733     1E42                     RX1PPS          equ	7746	;# 
  3734     1E42                     RX1DTPPS        equ	7746	;# 
  3735     1E43                     CK2PPS          equ	7747	;# 
  3736     1E43                     TX2CKPPS        equ	7747	;# 
  3737     1E44                     RX2PPS          equ	7748	;# 
  3738     1E44                     RX2DTPPS        equ	7748	;# 
  3739     1E47                     SSP1CLKPPS      equ	7751	;# 
  3740     1E48                     SSP1DATPPS      equ	7752	;# 
  3741     1E49                     SSP1SSPPS       equ	7753	;# 
  3742     1E4A                     SSP2CLKPPS      equ	7754	;# 
  3743     1E4B                     SSP2DATPPS      equ	7755	;# 
  3744     1E4C                     SSP2SSPPS       equ	7756	;# 
  3745     1E50                     ADACTPPS        equ	7760	;# 
  3746     1E53                     OPA1PPS         equ	7763	;# 
  3747     1E8C                     ANSELA          equ	7820	;# 
  3748     1E8D                     WPUA            equ	7821	;# 
  3749     1E8E                     ODCONA          equ	7822	;# 
  3750     1E8F                     SLRCONA         equ	7823	;# 
  3751     1E90                     INLVLA          equ	7824	;# 
  3752     1E91                     IOCAP           equ	7825	;# 
  3753     1E92                     IOCAN           equ	7826	;# 
  3754     1E93                     IOCAF           equ	7827	;# 
  3755     1EA0                     ANSELC          equ	7840	;# 
  3756     1EA1                     WPUC            equ	7841	;# 
  3757     1EA2                     ODCONC          equ	7842	;# 
  3758     1EA3                     SLRCONC         equ	7843	;# 
  3759     1EA4                     INLVLC          equ	7844	;# 
  3760     1EA5                     IOCCP           equ	7845	;# 
  3761     1EA6                     IOCCN           equ	7846	;# 
  3762     1EA7                     IOCCF           equ	7847	;# 
  3763     1EE9                     RC0I2C          equ	7913	;# 
  3764     1EEA                     RC1I2C          equ	7914	;# 
  3765     1EEC                     RC4I2C          equ	7916	;# 
  3766     1EED                     RC5I2C          equ	7917	;# 
  3767     1F0C                     UMTOAP          equ	7948	;# 
  3768     1F0D                     UMTOAL          equ	7949	;# 
  3769     1F0E                     UMTOAH          equ	7950	;# 
  3770     1FE4                     STATUS_SHAD     equ	8164	;# 
  3771     1FE5                     WREG_SHAD       equ	8165	;# 
  3772     1FE6                     BSR_SHAD        equ	8166	;# 
  3773     1FE7                     PCLATH_SHAD     equ	8167	;# 
  3774     1FE8                     FSR0_SHAD       equ	8168	;# 
  3775     1FE8                     FSR0L_SHAD      equ	8168	;# 
  3776     1FE9                     FSR0H_SHAD      equ	8169	;# 
  3777     1FEA                     FSR1_SHAD       equ	8170	;# 
  3778     1FEA                     FSR1L_SHAD      equ	8170	;# 
  3779     1FEB                     FSR1H_SHAD      equ	8171	;# 
  3780     1FED                     STKPTR          equ	8173	;# 
  3781     1FEE                     TOSL            equ	8174	;# 
  3782     1FEF                     TOSH            equ	8175	;_txBuffer
  3783                           
  3784 ;; Function _SPI1_Deinitialize is unused but had its address taken
  3785     0000                     _SPI1_Deinitialize equ	0
  3786                           
  3787 ;; Function _SPI1_Close is unused but had its address taken
  3788     0000                     _SPI1_Close     equ	0
  3789                           
  3790 ;; Function _SPI1_BufferExchange is unused but had its address taken
  3791     0000                     _SPI1_BufferExchange equ	0
  3792                           
  3793 ;; Function _SPI1_BufferWrite is unused but had its address taken
  3794     0000                     _SPI1_BufferWrite equ	0
  3795                           
  3796 ;; Function _SPI1_BufferRead is unused but had its address taken
  3797     0000                     _SPI1_BufferRead equ	0
  3798                           
  3799 ;; Function _SPI1_ByteWrite is unused but had its address taken
  3800     0000                     _SPI1_ByteWrite equ	0
  3801                           
  3802 ;; Function _SPI1_ByteRead is unused but had its address taken
  3803     0000                     _SPI1_ByteRead  equ	0
  3804                           
  3805 ;; Function _SPI1_IsRxReady is unused but had its address taken
  3806     0000                     _SPI1_IsRxReady equ	0
  3807                           
  3808 ;; Function _SPI1_IsTxReady is unused but had its address taken
  3809     0000                     _SPI1_IsTxReady equ	0
  3810                           
  3811 ;; Function _INT_DefaultInterruptHandler is unused but had its address taken
  3812     0000                     _INT_DefaultInterruptHandler equ	0
  3813                           
  3814 ;; Function _EUSART1_Deinitialize is unused but had its address taken
  3815     0000                     _EUSART1_Deinitialize equ	0
  3816                           
  3817 ;; Function _EUSART1_TransmitEnable is unused but had its address taken
  3818     0000                     _EUSART1_TransmitEnable equ	0
  3819                           
  3820 ;; Function _EUSART1_TransmitDisable is unused but had its address taken
  3821     0000                     _EUSART1_TransmitDisable equ	0
  3822                           
  3823 ;; Function _EUSART1_AutoBaudSet is unused but had its address taken
  3824     0000                     _EUSART1_AutoBaudSet equ	0
  3825                           
  3826 ;; Function _EUSART1_AutoBaudQuery is unused but had its address taken
  3827     0000                     _EUSART1_AutoBaudQuery equ	0
  3828                           
  3829 ;; Function _EUSART1_IsRxReady is unused but had its address taken
  3830     0000                     _EUSART1_IsRxReady equ	0
  3831                           
  3832 ;; Function _EUSART1_IsTxReady is unused but had its address taken
  3833     0000                     _EUSART1_IsTxReady equ	0
  3834                           
  3835 ;; Function _EUSART1_IsTxDone is unused but had its address taken
  3836     0000                     _EUSART1_IsTxDone equ	0
  3837                           
  3838 ;; Function _EUSART1_ErrorGet is unused but had its address taken
  3839     0000                     _EUSART1_ErrorGet equ	0
  3840                           
  3841 ;; Function _EUSART1_Read is unused but had its address taken
  3842     0000                     _EUSART1_Read   equ	0
  3843                           
  3844 ;; Function _EUSART1_DefaultFramingErrorCallback is unused but had its address taken
  3845     0000                     _EUSART1_DefaultFramingErrorCallback equ	0
  3846                           
  3847 ;; Function _EUSART1_DefaultOverrunErrorCallback is unused but had its address taken
  3848     0000                     _EUSART1_DefaultOverrunErrorCallback equ	0
  3849                           
  3850                           	psect	idataBANK0
  3851     05A4                     __pidataBANK0:
  3852                           
  3853                           ;initializer for getRandomByte@seed
  3854     05A4  34E1               	retlw	225
  3855     05A5  34AC               	retlw	172
  3856                           
  3857                           	psect	stringtext1
  3858     039A                     __pstringtext1:
  3859     039A                     _UART1:
  3860     039A  3483               	retlw	low _EUSART1_Initialize
  3861     039B  3404               	retlw	high _EUSART1_Initialize
  3862     039C  3400               	retlw	0
  3863     039D  3400               	retlw	0
  3864     039E  3400               	retlw	0
  3865     039F  3400               	retlw	0
  3866     03A0  34A0               	retlw	low _EUSART1_Write
  3867     03A1  3405               	retlw	high _EUSART1_Write
  3868     03A2  3400               	retlw	0
  3869     03A3  3400               	retlw	0
  3870     03A4  3400               	retlw	0
  3871     03A5  3400               	retlw	0
  3872     03A6  3400               	retlw	0
  3873     03A7  3400               	retlw	0
  3874     03A8  3400               	retlw	0
  3875     03A9  3400               	retlw	0
  3876     03AA  3400               	retlw	0
  3877     03AB  3400               	retlw	0
  3878     03AC  3400               	retlw	0
  3879     03AD  3400               	retlw	0
  3880     03AE  3400               	retlw	0
  3881     03AF  3400               	retlw	0
  3882     03B0  3400               	retlw	0
  3883     03B1  3400               	retlw	0
  3884     03B2  3400               	retlw	0
  3885     03B3  3400               	retlw	0
  3886     03B4  3400               	retlw	0
  3887     03B5  3400               	retlw	0
  3888     03B6  3400               	retlw	0
  3889     03B7  3400               	retlw	0
  3890     03B8  3400               	retlw	0
  3891     03B9  3400               	retlw	0
  3892     03BA  3400               	retlw	0
  3893     03BB  3400               	retlw	0
  3894     03BC  3400               	retlw	0
  3895     03BD  3400               	retlw	0
  3896     03BE  3400               	retlw	0
  3897     03BF  3400               	retlw	0
  3898     03C0  3400               	retlw	0
  3899     03C1  3400               	retlw	0
  3900     03C2  3456               	retlw	low _EUSART1_FramingErrorCallbackRegister
  3901     03C3  3405               	retlw	high _EUSART1_FramingErrorCallbackRegister
  3902     03C4  344A               	retlw	low _EUSART1_OverrunErrorCallbackRegister
  3903     03C5  3405               	retlw	high _EUSART1_OverrunErrorCallbackRegister
  3904     03C6  3400               	retlw	0
  3905     03C7  3400               	retlw	0
  3906     03C8  3400               	retlw	0
  3907     03C9  3400               	retlw	0
  3908     03CA                     __end_of_UART1:
  3909                           
  3910                           	psect	stringtext2
  3911     04A0                     __pstringtext2:
  3912     04A0                     _SPI1_Host:
  3913     04A0  343E               	retlw	low _SPI1_Initialize
  3914     04A1  3405               	retlw	high _SPI1_Initialize
  3915     04A2  3400               	retlw	0
  3916     04A3  3400               	retlw	0
  3917     04A4  3405               	retlw	low _SPI1_Open
  3918     04A5  3405               	retlw	high _SPI1_Open
  3919     04A6  3400               	retlw	0
  3920     04A7  3400               	retlw	0
  3921     04A8  3400               	retlw	0
  3922     04A9  3400               	retlw	0
  3923     04AA  3400               	retlw	0
  3924     04AB  3400               	retlw	0
  3925     04AC  3400               	retlw	0
  3926     04AD  3400               	retlw	0
  3927     04AE  3462               	retlw	low _SPI1_ByteExchange
  3928     04AF  3405               	retlw	high _SPI1_ByteExchange
  3929     04B0  3400               	retlw	0
  3930     04B1  3400               	retlw	0
  3931     04B2  3400               	retlw	0
  3932     04B3  3400               	retlw	0
  3933     04B4  3400               	retlw	0
  3934     04B5  3400               	retlw	0
  3935     04B6  3400               	retlw	0
  3936     04B7  3400               	retlw	0
  3937     04B8  3400               	retlw	0
  3938     04B9  3400               	retlw	0
  3939     04BA  3400               	retlw	0
  3940     04BB  3400               	retlw	0
  3941     04BC                     __end_of_SPI1_Host:
  3942                           
  3943                           	psect	stringtext3
  3944     0584                     __pstringtext3:
  3945     0584                     _spi1_configuration:
  3946     0584  3440               	retlw	64
  3947     0585  3420               	retlw	32
  3948     0586  3400               	retlw	0
  3949     0587  343F               	retlw	63
  3950     0588  3400               	retlw	0
  3951     0589  3440               	retlw	64
  3952     058A  3420               	retlw	32
  3953     058B  3400               	retlw	0
  3954     058C  343F               	retlw	63
  3955     058D  3400               	retlw	0
  3956     058E                     __end_of_spi1_configuration:
  3957                           
  3958                           	psect	stringtext4
  3959     05A6                     __pstringtext4:
  3960     05A6                     _cc1120_config_size:
  3961     05A6  3467               	retlw	103
  3962     05A7  3400               	retlw	0
  3963     05A8                     __end_of_cc1120_config_size:
  3964                           
  3965                           	psect	stringtext5
  3966     0035                     __pstringtext5:
  3967     0035                     _cc1120_config:
  3968     0035  3400               	retlw	0
  3969     0036  3400               	retlw	0
  3970     0037  34B0               	retlw	176
  3971     0038  3401               	retlw	1
  3972     0039  3400               	retlw	0
  3973     003A  3406               	retlw	6
  3974     003B  3402               	retlw	2
  3975     003C  3400               	retlw	0
  3976     003D  34B0               	retlw	176
  3977     003E  3403               	retlw	3
  3978     003F  3400               	retlw	0
  3979     0040  3406               	retlw	6
  3980     0041  3404               	retlw	4
  3981     0042  3400               	retlw	0
  3982     0043  3493               	retlw	147
  3983     0044  3405               	retlw	5
  3984     0045  3400               	retlw	0
  3985     0046  340B               	retlw	11
  3986     0047  3406               	retlw	6
  3987     0048  3400               	retlw	0
  3988     0049  3451               	retlw	81
  3989     004A  3407               	retlw	7
  3990     004B  3400               	retlw	0
  3991     004C  34DE               	retlw	222
  3992     004D  3408               	retlw	8
  3993     004E  3400               	retlw	0
  3994     004F  3408               	retlw	8
  3995     0050  3409               	retlw	9
  3996     0051  3400               	retlw	0
  3997     0052  3417               	retlw	23
  3998     0053  340A               	retlw	10
  3999     0054  3400               	retlw	0
  4000     0055  34EB               	retlw	235
  4001     0056  340B               	retlw	11
  4002     0057  3400               	retlw	0
  4003     0058  342C               	retlw	44
  4004     0059  340C               	retlw	12
  4005     005A  3400               	retlw	0
  4006     005B  341C               	retlw	28
  4007     005C  340D               	retlw	13
  4008     005D  3400               	retlw	0
  4009     005E  3414               	retlw	20
  4010     005F  340E               	retlw	14
  4011     0060  3400               	retlw	0
  4012     0061  342A               	retlw	42
  4013     0062  340F               	retlw	15
  4014     0063  3400               	retlw	0
  4015     0064  3440               	retlw	64
  4016     0065  3410               	retlw	16
  4017     0066  3400               	retlw	0
  4018     0067  3446               	retlw	70
  4019     0068  3411               	retlw	17
  4020     0069  3400               	retlw	0
  4021     006A  3442               	retlw	66
  4022     006B  3412               	retlw	18
  4023     006C  3400               	retlw	0
  4024     006D  3446               	retlw	70
  4025     006E  3413               	retlw	19
  4026     006F  3400               	retlw	0
  4027     0070  3405               	retlw	5
  4028     0071  3414               	retlw	20
  4029     0072  3400               	retlw	0
  4030     0073  348E               	retlw	142
  4031     0074  3415               	retlw	21
  4032     0075  3400               	retlw	0
  4033     0076  34B8               	retlw	184
  4034     0077  3416               	retlw	22
  4035     0078  3400               	retlw	0
  4036     0079  3452               	retlw	82
  4037     007A  3417               	retlw	23
  4038     007B  3400               	retlw	0
  4039     007C  3420               	retlw	32
  4040     007D  3418               	retlw	24
  4041     007E  3400               	retlw	0
  4042     007F  3419               	retlw	25
  4043     0080  3419               	retlw	25
  4044     0081  3400               	retlw	0
  4045     0082  3400               	retlw	0
  4046     0083  341A               	retlw	26
  4047     0084  3400               	retlw	0
  4048     0085  3491               	retlw	145
  4049     0086  341B               	retlw	27
  4050     0087  3400               	retlw	0
  4051     0088  3420               	retlw	32
  4052     0089  341C               	retlw	28
  4053     008A  3400               	retlw	0
  4054     008B  34A9               	retlw	169
  4055     008C  341D               	retlw	29
  4056     008D  3400               	retlw	0
  4057     008E  34CF               	retlw	207
  4058     008F  341E               	retlw	30
  4059     0090  3400               	retlw	0
  4060     0091  3400               	retlw	0
  4061     0092  341F               	retlw	31
  4062     0093  3400               	retlw	0
  4063     0094  3400               	retlw	0
  4064     0095  3420               	retlw	32
  4065     0096  3400               	retlw	0
  4066     0097  340B               	retlw	11
  4067     0098  3421               	retlw	33
  4068     0099  3400               	retlw	0
  4069     009A  341A               	retlw	26
  4070     009B  3422               	retlw	34
  4071     009C  3400               	retlw	0
  4072     009D  3408               	retlw	8
  4073     009E  3423               	retlw	35
  4074     009F  3400               	retlw	0
  4075     00A0  3421               	retlw	33
  4076     00A1  3424               	retlw	36
  4077     00A2  3400               	retlw	0
  4078     00A3  3400               	retlw	0
  4079     00A4  3425               	retlw	37
  4080     00A5  3400               	retlw	0
  4081     00A6  3400               	retlw	0
  4082     00A7  3426               	retlw	38
  4083     00A8  3400               	retlw	0
  4084     00A9  3400               	retlw	0
  4085     00AA  3427               	retlw	39
  4086     00AB  3400               	retlw	0
  4087     00AC  3404               	retlw	4
  4088     00AD  3428               	retlw	40
  4089     00AE  3400               	retlw	0
  4090     00AF  3420               	retlw	32
  4091     00B0  3429               	retlw	41
  4092     00B1  3400               	retlw	0
  4093     00B2  340F               	retlw	15
  4094     00B3  342A               	retlw	42
  4095     00B4  3400               	retlw	0
  4096     00B5  3400               	retlw	0
  4097     00B6  342B               	retlw	43
  4098     00B7  3400               	retlw	0
  4099     00B8  347F               	retlw	127
  4100     00B9  342C               	retlw	44
  4101     00BA  3400               	retlw	0
  4102     00BB  3456               	retlw	86
  4103     00BC  342D               	retlw	45
  4104     00BD  3400               	retlw	0
  4105     00BE  347C               	retlw	124
  4106     00BF  342E               	retlw	46
  4107     00C0  3400               	retlw	0
  4108     00C1  34FF               	retlw	255
  4109     00C2  3400               	retlw	0
  4110     00C3  342F               	retlw	47
  4111     00C4  3400               	retlw	0
  4112     00C5  3401               	retlw	1
  4113     00C6  342F               	retlw	47
  4114     00C7  3422               	retlw	34
  4115     00C8  3402               	retlw	2
  4116     00C9  342F               	retlw	47
  4117     00CA  340B               	retlw	11
  4118     00CB  3403               	retlw	3
  4119     00CC  342F               	retlw	47
  4120     00CD  3400               	retlw	0
  4121     00CE  3404               	retlw	4
  4122     00CF  342F               	retlw	47
  4123     00D0  3400               	retlw	0
  4124     00D1  3405               	retlw	5
  4125     00D2  342F               	retlw	47
  4126     00D3  3400               	retlw	0
  4127     00D4  3406               	retlw	6
  4128     00D5  342F               	retlw	47
  4129     00D6  3401               	retlw	1
  4130     00D7  3407               	retlw	7
  4131     00D8  342F               	retlw	47
  4132     00D9  3400               	retlw	0
  4133     00DA  3408               	retlw	8
  4134     00DB  342F               	retlw	47
  4135     00DC  3400               	retlw	0
  4136     00DD  3409               	retlw	9
  4137     00DE  342F               	retlw	47
  4138     00DF  3400               	retlw	0
  4139     00E0  340A               	retlw	10
  4140     00E1  342F               	retlw	47
  4141     00E2  3400               	retlw	0
  4142     00E3  340B               	retlw	11
  4143     00E4  342F               	retlw	47
  4144     00E5  3400               	retlw	0
  4145     00E6  340C               	retlw	12
  4146     00E7  342F               	retlw	47
  4147     00E8  3469               	retlw	105
  4148     00E9  340D               	retlw	13
  4149     00EA  342F               	retlw	47
  4150     00EB  34A0               	retlw	160
  4151     00EC  340E               	retlw	14
  4152     00ED  342F               	retlw	47
  4153     00EE  3400               	retlw	0
  4154     00EF  340F               	retlw	15
  4155     00F0  342F               	retlw	47
  4156     00F1  3402               	retlw	2
  4157     00F2  3410               	retlw	16
  4158     00F3  342F               	retlw	47
  4159     00F4  34A6               	retlw	166
  4160     00F5  3411               	retlw	17
  4161     00F6  342F               	retlw	47
  4162     00F7  3404               	retlw	4
  4163     00F8  3412               	retlw	18
  4164     00F9  342F               	retlw	47
  4165     00FA  3400               	retlw	0
  4166     00FB  3413               	retlw	19
  4167     00FC  342F               	retlw	47
  4168     00FD  345F               	retlw	95
  4169     00FE  3414               	retlw	20
  4170     00FF  342F               	retlw	47
  4171     0100  3400               	retlw	0
  4172     0101  3415               	retlw	21
  4173     0102  342F               	retlw	47
  4174     0103  3420               	retlw	32
  4175     0104  3416               	retlw	22
  4176     0105  342F               	retlw	47
  4177     0106  3440               	retlw	64
  4178     0107  3417               	retlw	23
  4179     0108  342F               	retlw	47
  4180     0109  340E               	retlw	14
  4181     010A  3418               	retlw	24
  4182     010B  342F               	retlw	47
  4183     010C  3428               	retlw	40
  4184     010D  3419               	retlw	25
  4185     010E  342F               	retlw	47
  4186     010F  3403               	retlw	3
  4187     0110  341A               	retlw	26
  4188     0111  342F               	retlw	47
  4189     0112  3400               	retlw	0
  4190     0113  341B               	retlw	27
  4191     0114  342F               	retlw	47
  4192     0115  3433               	retlw	51
  4193     0116  341C               	retlw	28
  4194     0117  342F               	retlw	47
  4195     0118  34FF               	retlw	255
  4196     0119  341D               	retlw	29
  4197     011A  342F               	retlw	47
  4198     011B  3417               	retlw	23
  4199     011C  341F               	retlw	31
  4200     011D  342F               	retlw	47
  4201     011E  3450               	retlw	80
  4202     011F  3420               	retlw	32
  4203     0120  342F               	retlw	47
  4204     0121  346E               	retlw	110
  4205     0122  3421               	retlw	33
  4206     0123  342F               	retlw	47
  4207     0124  3414               	retlw	20
  4208     0125  3422               	retlw	34
  4209     0126  342F               	retlw	47
  4210     0127  34AC               	retlw	172
  4211     0128  3423               	retlw	35
  4212     0129  342F               	retlw	47
  4213     012A  3414               	retlw	20
  4214     012B  3424               	retlw	36
  4215     012C  342F               	retlw	47
  4216     012D  3400               	retlw	0
  4217     012E  3425               	retlw	37
  4218     012F  342F               	retlw	47
  4219     0130  3400               	retlw	0
  4220     0131  3426               	retlw	38
  4221     0132  342F               	retlw	47
  4222     0133  3400               	retlw	0
  4223     0134  3427               	retlw	39
  4224     0135  342F               	retlw	47
  4225     0136  34B4               	retlw	180
  4226     0137  3428               	retlw	40
  4227     0138  342F               	retlw	47
  4228     0139  3400               	retlw	0
  4229     013A  3429               	retlw	41
  4230     013B  342F               	retlw	47
  4231     013C  3402               	retlw	2
  4232     013D  342A               	retlw	42
  4233     013E  342F               	retlw	47
  4234     013F  3400               	retlw	0
  4235     0140  342B               	retlw	43
  4236     0141  342F               	retlw	47
  4237     0142  3400               	retlw	0
  4238     0143  342C               	retlw	44
  4239     0144  342F               	retlw	47
  4240     0145  3410               	retlw	16
  4241     0146  342D               	retlw	45
  4242     0147  342F               	retlw	47
  4243     0148  3400               	retlw	0
  4244     0149  342E               	retlw	46
  4245     014A  342F               	retlw	47
  4246     014B  3400               	retlw	0
  4247     014C  342F               	retlw	47
  4248     014D  342F               	retlw	47
  4249     014E  3401               	retlw	1
  4250     014F  3430               	retlw	48
  4251     0150  342F               	retlw	47
  4252     0151  3401               	retlw	1
  4253     0152  3431               	retlw	49
  4254     0153  342F               	retlw	47
  4255     0154  3401               	retlw	1
  4256     0155  3432               	retlw	50
  4257     0156  342F               	retlw	47
  4258     0157  340E               	retlw	14
  4259     0158  3433               	retlw	51
  4260     0159  342F               	retlw	47
  4261     015A  34A0               	retlw	160
  4262     015B  3434               	retlw	52
  4263     015C  342F               	retlw	47
  4264     015D  3403               	retlw	3
  4265     015E  3435               	retlw	53
  4266     015F  342F               	retlw	47
  4267     0160  3401               	retlw	1
  4268     0161  3436               	retlw	54
  4269     0162  342F               	retlw	47
  4270     0163  3403               	retlw	3
  4271     0164  3438               	retlw	56
  4272     0165  342F               	retlw	47
  4273     0166  3400               	retlw	0
  4274     0167  3439               	retlw	57
  4275     0168  342F               	retlw	47
  4276     0169  3400               	retlw	0
  4277     016A                     __end_of_cc1120_config:
  4278                           
  4279                           	psect	nvBANK0
  4280     0028                     __pnvBANK0:
  4281     0028                     _IO_RC4_InterruptHandler:
  4282     0028                     	ds	2
  4283     002A                     _IO_RC3_InterruptHandler:
  4284     002A                     	ds	2
  4285     001A                     _LATCbits       set	26
  4286     0018                     _LATAbits       set	24
  4287     0014                     _TRISC          set	20
  4288     0012                     _TRISA          set	18
  4289     001A                     _LATC           set	26
  4290     0018                     _LATA           set	24
  4291     000B                     _INTCONbits     set	11
  4292     0090                     _PIR4bits       set	144
  4293     0096                     _PIE0bits       set	150
  4294     008C                     _PIR0bits       set	140
  4295     0091                     _PIR5bits       set	145
  4296     009B                     _PIE5bits       set	155
  4297     0294                     _ACTCON         set	660
  4298     0292                     _OSCTUNE        set	658
  4299     0293                     _OSCFRQ         set	659
  4300     0291                     _OSCEN          set	657
  4301     028F                     _OSCCON3        set	655
  4302     028D                     _OSCCON1        set	653
  4303     070D                     _TX1REG         set	1805
  4304     070C                     _RC1REG         set	1804
  4305     0712                     _BAUD1CONbits   set	1810
  4306     0711                     _TX1STAbits     set	1809
  4307     0710                     _RC1STAbits     set	1808
  4308     070F                     _SP1BRGH        set	1807
  4309     070E                     _SP1BRGL        set	1806
  4310     0711                     _TX1STA         set	1809
  4311     0710                     _RC1STA         set	1808
  4312     0712                     _BAUD1CON       set	1810
  4313     078C                     _SSP1BUF        set	1932
  4314     0790                     _SSP1CON1bits   set	1936
  4315     078D                     _SSP1ADD        set	1933
  4316     0792                     _SSP1CON3       set	1938
  4317     0790                     _SSP1CON1       set	1936
  4318     078F                     _SSP1STAT       set	1935
  4319     1D9C                     _RC0PPS         set	7580
  4320     1D8C                     _RA0PPS         set	7564
  4321     1D9D                     _RC1PPS         set	7581
  4322     1E47                     _SSP1CLKPPS     set	7751
  4323     1E42                     _RX1PPS         set	7746
  4324     1E48                     _SSP1DATPPS     set	7752
  4325     1EA7                     _IOCCFbits      set	7847
  4326     1EA7                     _IOCCF          set	7847
  4327     1EA6                     _IOCCN          set	7846
  4328     1EA5                     _IOCCP          set	7845
  4329     1E93                     _IOCAF          set	7827
  4330     1E92                     _IOCAN          set	7826
  4331     1E91                     _IOCAP          set	7825
  4332     1EA4                     _INLVLC         set	7844
  4333     1E90                     _INLVLA         set	7824
  4334     1EA3                     _SLRCONC        set	7843
  4335     1E8F                     _SLRCONA        set	7823
  4336     1EA2                     _ODCONC         set	7842
  4337     1E8E                     _ODCONA         set	7822
  4338     1EA1                     _WPUC           set	7841
  4339     1E8D                     _WPUA           set	7821
  4340     1EA0                     _ANSELC         set	7840
  4341     1E8C                     _ANSELA         set	7820
  4342                           
  4343                           	psect	cinit
  4344     0016                     start_initialization:	
  4345                           ; #config settings
  4346                           
  4347     0016                     __initialization:	;BIGRAM
  4348                           
  4349                           ; Initialize objects allocated to BANK0
  4350     0016  3185  25A4  3180   	fcall	__pidataBANK0	;fetch initializer
  4351     0019  00AC               	movwf	__pdataBANK0& (0+127)
  4352     001A  3185  25A5  3180   	fcall	__pidataBANK0+1	;fetch initializer
  4353     001D  00AD               	movwf	(__pdataBANK0+1)& (0+127)
  4354                           
  4355                           ; Clear objects allocated to BIGRAM
  4356     001E  3073               	movlw	low (0+9075)
  4357     001F  0084               	movwf	4
  4358     0020  3023               	movlw	high (0+9075)
  4359     0021  0085               	movwf	5
  4360     0022  307D               	movlw	125
  4361     0023  00FE               	movwf	btemp
  4362     0024  3000               	movlw	0
  4363     0025  00FF               	movwf	btemp+1
  4364     0026  3185  2532  3180   	fcall	clear_ram0
  4365                           
  4366                           ; Clear objects allocated to BANK0
  4367     0029  01A0               	clrf	__pbssBANK0& (0+127)
  4368     002A  01A1               	clrf	(__pbssBANK0+1)& (0+127)
  4369     002B  01A2               	clrf	(__pbssBANK0+2)& (0+127)
  4370     002C  01A3               	clrf	(__pbssBANK0+3)& (0+127)
  4371     002D  01A4               	clrf	(__pbssBANK0+4)& (0+127)
  4372     002E  01A5               	clrf	(__pbssBANK0+5)& (0+127)
  4373     002F  01A6               	clrf	(__pbssBANK0+6)& (0+127)
  4374     0030  01A7               	clrf	(__pbssBANK0+7)& (0+127)
  4375     0031                     end_of_initialization:	
  4376                           ;End of C runtime variable initialization code
  4377                           
  4378     0031                     __end_of__initialization:
  4379     0031  107E               	bcf	int$flags,0	;clear compiler interrupt flag (level 1)
  4380     0032  0140               	movlb	0
  4381     0033  3181  296A         	ljmp	_main	;jump to C main() function
  4382                           
  4383                           	psect	bssBANK0
  4384     0020                     __pbssBANK0:
  4385     0020                     _EUSART1_OverrunErrorHandler:
  4386     0020                     	ds	2
  4387     0022                     _EUSART1_FramingErrorHandler:
  4388     0022                     	ds	2
  4389     0024                     _eusart1RxLastError:
  4390     0024                     	ds	2
  4391     0026                     _INT_InterruptHandler:
  4392     0026                     	ds	2
  4393                           
  4394                           	psect	dataBANK0
  4395     002C                     __pdataBANK0:
  4396     002C                     getRandomByte@seed:
  4397     002C                     	ds	2
  4398                           
  4399                           	psect	clrtext
  4400     0532                     clear_ram0:	
  4401                           ;	Called with FSR0 containing the base address, and
  4402                           ;	btemp/btemp+1 has the size to clear
  4403                           
  4404     0532  0064               	clrwdt	;clear the watchdog before getting into this loop
  4405     0533                     clrloop0:
  4406     0533  0180               	clrf	0	;clear RAM location pointed to by FSR
  4407     0534  3101               	addfsr 0,1
  4408     0535  3001               	movlw	1
  4409     0536  02FE               	subwf	btemp,f
  4410     0537  3000               	movlw	0
  4411     0538  3BFF               	subwfb	btemp+1,f
  4412     0539  087F               	movf	btemp+1,w
  4413     053A  047E               	iorwf	btemp,w
  4414     053B  1D03               	skipz
  4415     053C  2D33               	goto	clrloop0	;have we reached the end yet?
  4416     053D  3400               	retlw	0	;all done for this memory range, return
  4417                           
  4418                           	psect	cstackCOMMON
  4419     0070                     __pcstackCOMMON:
  4420     0070                     ?_SPI1_Initialize:
  4421     0070                     ?_SPI1_Open:	
  4422                           ; 1 bytes @ 0x0
  4423                           
  4424     0070                     ?_SPI1_ByteExchange:	
  4425                           ; 1 bytes @ 0x0
  4426                           
  4427     0070                     ?_INT_SetInterruptHandler:	
  4428                           ; 1 bytes @ 0x0
  4429                           
  4430     0070                     ?_PIN_MANAGER_IOC:	
  4431                           ; 1 bytes @ 0x0
  4432                           
  4433     0070                     ?_IO_RC3_SetInterruptHandler:	
  4434                           ; 1 bytes @ 0x0
  4435                           
  4436     0070                     ?_IO_RC3_DefaultInterruptHandler:	
  4437                           ; 1 bytes @ 0x0
  4438                           
  4439     0070                     ?_IO_RC4_SetInterruptHandler:	
  4440                           ; 1 bytes @ 0x0
  4441                           
  4442     0070                     ?_IO_RC4_DefaultInterruptHandler:	
  4443                           ; 1 bytes @ 0x0
  4444                           
  4445     0070                     ?_IO_RC3_ISR:	
  4446                           ; 1 bytes @ 0x0
  4447                           
  4448     0070                     ?_IO_RC4_ISR:	
  4449                           ; 1 bytes @ 0x0
  4450                           
  4451     0070                     ?_EUSART1_Initialize:	
  4452                           ; 1 bytes @ 0x0
  4453                           
  4454     0070                     ?_EUSART1_Write:	
  4455                           ; 1 bytes @ 0x0
  4456                           
  4457     0070                     ?_EUSART1_FramingErrorCallbackRegister:	
  4458                           ; 1 bytes @ 0x0
  4459                           
  4460     0070                     ?_EUSART1_OverrunErrorCallbackRegister:	
  4461                           ; 1 bytes @ 0x0
  4462                           
  4463     0070                     ?_CC1120_Strobe:	
  4464                           ; 1 bytes @ 0x0
  4465                           
  4466     0070                     ?_CC1120_ApplyConfig:	
  4467                           ; 1 bytes @ 0x0
  4468                           
  4469     0070                     ?_CLOCK_Initialize:	
  4470                           ; 1 bytes @ 0x0
  4471                           
  4472     0070                     ?_INTERRUPT_Initialize:	
  4473                           ; 1 bytes @ 0x0
  4474                           
  4475     0070                     ?_INTERRUPT_InterruptManager:	
  4476                           ; 1 bytes @ 0x0
  4477                           
  4478     0070                     ?_PIN_MANAGER_Initialize:	
  4479                           ; 1 bytes @ 0x0
  4480                           
  4481     0070                     ?_SYSTEM_Initialize:	
  4482                           ; 1 bytes @ 0x0
  4483                           
  4484     0070                     ?_print_hex:	
  4485                           ; 1 bytes @ 0x0
  4486                           
  4487     0070                     ?_getRandomByte:	
  4488                           ; 1 bytes @ 0x0
  4489                           
  4490     0070                     ?_fillRandomMessage:	
  4491                           ; 1 bytes @ 0x0
  4492                           
  4493     0070                     ?_printRandomMessage:	
  4494                           ; 1 bytes @ 0x0
  4495                           
  4496     0070                     ?_main:	
  4497                           ; 1 bytes @ 0x0
  4498                           
  4499     0070                     ?___wmul:	
  4500                           ; 1 bytes @ 0x0
  4501                           
  4502     0070                     SPI1_Open@spiConfigIndex:	
  4503                           ; 2 bytes @ 0x0
  4504                           
  4505     0070                     SPI1_ByteExchange@byteData:	
  4506                           ; 1 bytes @ 0x0
  4507                           
  4508     0070                     EUSART1_Write@txData:	
  4509                           ; 1 bytes @ 0x0
  4510                           
  4511     0070                     INT_SetInterruptHandler@InterruptHandler:	
  4512                           ; 1 bytes @ 0x0
  4513                           
  4514     0070                     IO_RC3_SetInterruptHandler@InterruptHandler:	
  4515                           ; 2 bytes @ 0x0
  4516                           
  4517     0070                     IO_RC4_SetInterruptHandler@InterruptHandler:	
  4518                           ; 2 bytes @ 0x0
  4519                           
  4520     0070                     EUSART1_FramingErrorCallbackRegister@callbackHandler:	
  4521                           ; 2 bytes @ 0x0
  4522                           
  4523     0070                     EUSART1_OverrunErrorCallbackRegister@callbackHandler:	
  4524                           ; 2 bytes @ 0x0
  4525                           
  4526     0070                     ___wmul@multiplier:	
  4527                           ; 2 bytes @ 0x0
  4528                           
  4529     0070                     ??_SPI1_Initialize:	
  4530                           ; 2 bytes @ 0x0
  4531                           
  4532     0070                     ??_PIN_MANAGER_IOC:	
  4533                           ; 1 bytes @ 0x0
  4534                           
  4535     0070                     ??_IO_RC3_DefaultInterruptHandler:	
  4536                           ; 1 bytes @ 0x0
  4537                           
  4538     0070                     ??_IO_RC4_DefaultInterruptHandler:	
  4539                           ; 1 bytes @ 0x0
  4540                           
  4541     0070                     ??_IO_RC3_ISR:	
  4542                           ; 1 bytes @ 0x0
  4543                           
  4544     0070                     ??_IO_RC4_ISR:	
  4545                           ; 1 bytes @ 0x0
  4546                           
  4547     0070                     ??_CLOCK_Initialize:	
  4548                           ; 1 bytes @ 0x0
  4549                           
  4550     0070                     ??_INTERRUPT_InterruptManager:	
  4551                           ; 1 bytes @ 0x0
  4552                           
  4553                           
  4554                           ; 1 bytes @ 0x0
  4555     0070                     	ds	1
  4556     0071                     ?_CC1120_WriteTXFIFO:
  4557     0071                     ?_CC1120_ReadReg:	
  4558                           ; 1 bytes @ 0x1
  4559                           
  4560     0071                     CC1120_Strobe@command:	
  4561                           ; 1 bytes @ 0x1
  4562                           
  4563     0071                     CC1120_ReadReg@addr:	
  4564                           ; 1 bytes @ 0x1
  4565                           
  4566     0071                     CC1120_WriteTXFIFO@data:	
  4567                           ; 2 bytes @ 0x1
  4568                           
  4569     0071                     ??_SPI1_Open:	
  4570                           ; 2 bytes @ 0x1
  4571                           
  4572     0071                     ??_SPI1_ByteExchange:	
  4573                           ; 1 bytes @ 0x1
  4574                           
  4575     0071                     ??_EUSART1_Write:	
  4576                           ; 1 bytes @ 0x1
  4577                           
  4578     0071                     ??_CC1120_Strobe:	
  4579                           ; 1 bytes @ 0x1
  4580                           
  4581     0071                     ??_print_hex:	
  4582                           ; 1 bytes @ 0x1
  4583                           
  4584                           
  4585                           ; 1 bytes @ 0x1
  4586     0071                     	ds	1
  4587     0072                     _print_hex$999:
  4588     0072                     ___wmul@multiplicand:	
  4589                           ; 2 bytes @ 0x2
  4590                           
  4591     0072                     ??_INT_SetInterruptHandler:	
  4592                           ; 2 bytes @ 0x2
  4593                           
  4594     0072                     ??_IO_RC3_SetInterruptHandler:	
  4595                           ; 1 bytes @ 0x2
  4596                           
  4597     0072                     ??_IO_RC4_SetInterruptHandler:	
  4598                           ; 1 bytes @ 0x2
  4599                           
  4600     0072                     ??_EUSART1_Initialize:	
  4601                           ; 1 bytes @ 0x2
  4602                           
  4603     0072                     ??_EUSART1_FramingErrorCallbackRegister:	
  4604                           ; 1 bytes @ 0x2
  4605                           
  4606     0072                     ??_EUSART1_OverrunErrorCallbackRegister:	
  4607                           ; 1 bytes @ 0x2
  4608                           
  4609     0072                     ??_INTERRUPT_Initialize:	
  4610                           ; 1 bytes @ 0x2
  4611                           
  4612     0072                     ??_PIN_MANAGER_Initialize:	
  4613                           ; 1 bytes @ 0x2
  4614                           
  4615     0072                     ??_SYSTEM_Initialize:	
  4616                           ; 1 bytes @ 0x2
  4617                           
  4618                           
  4619                           ; 1 bytes @ 0x2
  4620     0072                     	ds	1
  4621     0073                     CC1120_ReadReg@result:
  4622     0073                     CC1120_WriteTXFIFO@length:	
  4623                           ; 1 bytes @ 0x3
  4624                           
  4625     0073                     ??_CC1120_ReadReg:	
  4626                           ; 1 bytes @ 0x3
  4627                           
  4628                           
  4629                           ; 1 bytes @ 0x3
  4630     0073                     	ds	1
  4631     0074                     CC1120_WriteTXFIFO@i:
  4632     0074                     _print_hex$1000:	
  4633                           ; 1 bytes @ 0x4
  4634                           
  4635     0074                     ___wmul@product:	
  4636                           ; 2 bytes @ 0x4
  4637                           
  4638     0074                     ??_CC1120_WriteTXFIFO:	
  4639                           ; 2 bytes @ 0x4
  4640                           
  4641     0074                     ??___wmul:	
  4642                           ; 1 bytes @ 0x4
  4643                           
  4644                           
  4645                           ; 1 bytes @ 0x4
  4646     0074                     	ds	2
  4647     0076                     ?_CC1120_WriteReg:
  4648     0076                     print_hex@val:	
  4649                           ; 1 bytes @ 0x6
  4650                           
  4651     0076                     CC1120_WriteReg@addr:	
  4652                           ; 1 bytes @ 0x6
  4653                           
  4654     0076                     ??_getRandomByte:	
  4655                           ; 2 bytes @ 0x6
  4656                           
  4657     0076                     ??_fillRandomMessage:	
  4658                           ; 1 bytes @ 0x6
  4659                           
  4660                           
  4661                           ; 1 bytes @ 0x6
  4662     0076                     	ds	1
  4663     0077                     ??_printRandomMessage:
  4664                           
  4665                           ; 1 bytes @ 0x7
  4666     0077                     	ds	1
  4667     0078                     CC1120_WriteReg@value:
  4668     0078                     fillRandomMessage@i:	
  4669                           ; 1 bytes @ 0x8
  4670                           
  4671                           
  4672                           ; 2 bytes @ 0x8
  4673     0078                     	ds	1
  4674     0079                     printRandomMessage@i:
  4675     0079                     CC1120_ApplyConfig@i:	
  4676                           ; 2 bytes @ 0x9
  4677                           
  4678     0079                     ??_CC1120_ApplyConfig:	
  4679                           ; 2 bytes @ 0x9
  4680                           
  4681     0079                     ??_CC1120_WriteReg:	
  4682                           ; 1 bytes @ 0x9
  4683                           
  4684                           
  4685                           ; 1 bytes @ 0x9
  4686     0079                     	ds	2
  4687     007B                     ??_main:
  4688                           
  4689                           ; 1 bytes @ 0xB
  4690     007B                     	ds	2
  4691                           
  4692                           	psect	cstackBANK0
  4693     002E                     __pcstackBANK0:
  4694     002E                     main@marcState_prev:
  4695                           
  4696                           ; 1 bytes @ 0x0
  4697     002E                     	ds	1
  4698     002F                     main@marcState:
  4699                           
  4700                           ; 1 bytes @ 0x1
  4701     002F                     	ds	1
  4702                           
  4703                           	psect	maintext
  4704     016A                     __pmaintext:	
  4705 ;;
  4706 ;;Main: autosize = 0, tempsize = 2, incstack = 0, save=0
  4707 ;;
  4708 ;; *************** function _main *****************
  4709 ;; Defined at:
  4710 ;;		line 90 in file "main.c"
  4711 ;; Parameters:    Size  Location     Type
  4712 ;;		None
  4713 ;; Auto vars:     Size  Location     Type
  4714 ;;  marcState       1    1[BANK0 ] unsigned char 
  4715 ;;  marcState_pr    1    0[BANK0 ] unsigned char 
  4716 ;;  txBytes         1    0        unsigned char 
  4717 ;; Return value:  Size  Location     Type
  4718 ;;                  1    wreg      void 
  4719 ;; Registers used:
  4720 ;;		wreg, fsr0l, fsr0h, fsr1l, fsr1h, status,2, status,0, pclath, cstack
  4721 ;; Tracked objects:
  4722 ;;		On entry : B3F/0
  4723 ;;		On exit  : 0/0
  4724 ;;		Unchanged: 0/0
  4725 ;; Data sizes:     COMMON   BANK0   BANK1   BANK2   BANK3   BANK4   BANK5   BANK6   BANK7   BANK8   BANK9  BANK10  BANK1
      +1  BANK12
  4726 ;;      Params:         0       0       0       0       0       0       0       0       0       0       0       0       
      +0       0
  4727 ;;      Locals:         0       2       0       0       0       0       0       0       0       0       0       0       
      +0       0
  4728 ;;      Temps:          2       0       0       0       0       0       0       0       0       0       0       0       
      +0       0
  4729 ;;      Totals:         2       2       0       0       0       0       0       0       0       0       0       0       
      +0       0
  4730 ;;Total ram usage:        4 bytes
  4731 ;; Hardware stack levels required when called: 7
  4732 ;; This function calls:
  4733 ;;		_CC1120_ApplyConfig
  4734 ;;		_CC1120_ReadReg
  4735 ;;		_CC1120_Strobe
  4736 ;;		_CC1120_WriteTXFIFO
  4737 ;;		_EUSART1_Write
  4738 ;;		_SPI1_Open
  4739 ;;		_SYSTEM_Initialize
  4740 ;;		_fillRandomMessage
  4741 ;;		_printRandomMessage
  4742 ;;		_print_hex
  4743 ;; This function is called by:
  4744 ;;		Startup code after reset
  4745 ;; This function uses a non-reentrant model
  4746 ;;
  4747                           
  4748     016A                     _main:	
  4749                           ;psect for function _main
  4750                           
  4751     016A                     l2028:	
  4752                           ;incstack = 0
  4753                           ; Regs used in _main: [wreg-fsr1h+status,2+status,0+pclath+cstack]
  4754                           
  4755                           
  4756                           ;main.c: 91:     SYSTEM_Initialize();
  4757     016A  3184  24F5  3181   	fcall	_SYSTEM_Initialize
  4758     016D                     l2030:
  4759     016D  0140               	movlb	0	; select bank0
  4760     016E  1218               	bcf	24,4	;volatile
  4761     016F                     l2032:
  4762                           
  4763                           ;main.c: 94:     _delay((unsigned long)((1000)*(32000000U/4000.0)));
  4764     016F  3029               	movlw	41
  4765     0170  00FC               	movwf	??_main+1
  4766     0171  3096               	movlw	150
  4767     0172  00FB               	movwf	??_main
  4768     0173  307F               	movlw	127
  4769     0174                     u877:
  4770     0174  0B89               	decfsz	9,f
  4771     0175  2974               	goto	u877
  4772     0176  0BFB               	decfsz	??_main,f
  4773     0177  2974               	goto	u877
  4774     0178  0BFC               	decfsz	??_main+1,f
  4775     0179  2974               	goto	u877
  4776     017A  0000               	nop
  4777     017B                     l2034:
  4778     017B  0140               	movlb	0	; select bank0
  4779     017C  1618               	bsf	24,4	;volatile
  4780     017D                     l2036:
  4781                           
  4782                           ;main.c: 96:     _delay((unsigned long)((1000)*(32000000U/4000.0)));
  4783     017D  3029               	movlw	41
  4784     017E  00FC               	movwf	??_main+1
  4785     017F  3096               	movlw	150
  4786     0180  00FB               	movwf	??_main
  4787     0181  307F               	movlw	127
  4788     0182                     u887:
  4789     0182  0B89               	decfsz	9,f
  4790     0183  2982               	goto	u887
  4791     0184  0BFB               	decfsz	??_main,f
  4792     0185  2982               	goto	u887
  4793     0186  0BFC               	decfsz	??_main+1,f
  4794     0187  2982               	goto	u887
  4795     0188  0000               	nop
  4796     0189                     l2038:
  4797                           
  4798                           ;main.c: 100:     SPI1_Open(HOST_CONFIG);
  4799     0189  01F0               	clrf	SPI1_Open@spiConfigIndex
  4800     018A  3185  2505  3181   	fcall	_SPI1_Open
  4801     018D                     l2040:
  4802     018D  0140               	movlb	0	; select bank0
  4803     018E  169A               	bsf	26,5	;volatile
  4804     018F                     l477:
  4805                           
  4806                           ;main.c: 102:     _delay((unsigned long)((100)*(32000000U/4000.0)));
  4807     018F  3005               	movlw	5
  4808     0190  00FC               	movwf	??_main+1
  4809     0191  300F               	movlw	15
  4810     0192  00FB               	movwf	??_main
  4811     0193  30F1               	movlw	241
  4812     0194                     u897:
  4813     0194  0B89               	decfsz	9,f
  4814     0195  2994               	goto	u897
  4815     0196  0BFB               	decfsz	??_main,f
  4816     0197  2994               	goto	u897
  4817     0198  0BFC               	decfsz	??_main+1,f
  4818     0199  2994               	goto	u897
  4819     019A  0000               	nop
  4820     019B                     l2042:
  4821                           
  4822                           ;main.c: 104:     CC1120_Strobe(0x30);
  4823     019B  3030               	movlw	48
  4824     019C  3184  24D1  3181   	fcall	_CC1120_Strobe
  4825     019F                     l2044:
  4826                           
  4827                           ;main.c: 105:    _delay((unsigned long)((10)*(32000000U/4000.0)));
  4828     019F  3068               	movlw	104
  4829     01A0  00FB               	movwf	??_main
  4830     01A1  30E4               	movlw	228
  4831     01A2                     u907:
  4832     01A2  0B89               	decfsz	9,f
  4833     01A3  29A2               	goto	u907
  4834     01A4  0BFB               	decfsz	??_main,f
  4835     01A5  29A2               	goto	u907
  4836     01A6  3200               	nop2
  4837                           
  4838                           ;main.c: 106:     CC1120_Strobe(0x36);
  4839     01A7  3036               	movlw	54
  4840     01A8  3184  24D1  3181   	fcall	_CC1120_Strobe
  4841     01AB                     l2046:
  4842                           
  4843                           ;main.c: 107:     _delay((unsigned long)((10)*(32000000U/4000.0)));
  4844     01AB  3068               	movlw	104
  4845     01AC  00FB               	movwf	??_main
  4846     01AD  30E4               	movlw	228
  4847     01AE                     u917:
  4848     01AE  0B89               	decfsz	9,f
  4849     01AF  29AE               	goto	u917
  4850     01B0  0BFB               	decfsz	??_main,f
  4851     01B1  29AE               	goto	u917
  4852     01B2  3200               	nop2
  4853     01B3                     l2048:
  4854                           
  4855                           ;main.c: 108:     CC1120_ApplyConfig();
  4856     01B3  3183  2359  3181   	fcall	_CC1120_ApplyConfig
  4857     01B6                     l2050:
  4858                           
  4859                           ;main.c: 109:     _delay((unsigned long)((10)*(32000000U/4000.0)));
  4860     01B6  3068               	movlw	104
  4861     01B7  00FB               	movwf	??_main
  4862     01B8  30E4               	movlw	228
  4863     01B9                     u927:
  4864     01B9  0B89               	decfsz	9,f
  4865     01BA  29B9               	goto	u927
  4866     01BB  0BFB               	decfsz	??_main,f
  4867     01BC  29B9               	goto	u927
  4868     01BD  3200               	nop2
  4869     01BE                     l2052:
  4870                           
  4871                           ;main.c: 110:     CC1120_Strobe(0x33);
  4872     01BE  3033               	movlw	51
  4873     01BF  3184  24D1  3181   	fcall	_CC1120_Strobe
  4874     01C2                     l2054:
  4875                           
  4876                           ;main.c: 111:     _delay((unsigned long)((10)*(32000000U/4000.0)));
  4877     01C2  3068               	movlw	104
  4878     01C3  00FB               	movwf	??_main
  4879     01C4  30E4               	movlw	228
  4880     01C5                     u937:
  4881     01C5  0B89               	decfsz	9,f
  4882     01C6  29C5               	goto	u937
  4883     01C7  0BFB               	decfsz	??_main,f
  4884     01C8  29C5               	goto	u937
  4885     01C9  3200               	nop2
  4886     01CA                     l2056:
  4887                           
  4888                           ;main.c: 112:     CC1120_Strobe(0x3B);
  4889     01CA  303B               	movlw	59
  4890     01CB  3184  24D1  3181   	fcall	_CC1120_Strobe
  4891     01CE                     l2058:
  4892                           
  4893                           ;main.c: 113:     _delay((unsigned long)((10)*(32000000U/4000.0)));
  4894     01CE  3068               	movlw	104
  4895     01CF  00FB               	movwf	??_main
  4896     01D0  30E4               	movlw	228
  4897     01D1                     u947:
  4898     01D1  0B89               	decfsz	9,f
  4899     01D2  29D1               	goto	u947
  4900     01D3  0BFB               	decfsz	??_main,f
  4901     01D4  29D1               	goto	u947
  4902     01D5  3200               	nop2
  4903     01D6                     l2060:
  4904                           
  4905                           ;main.c: 115:     EUSART1_Write('S');
  4906     01D6  3053               	movlw	83
  4907     01D7  00F0               	movwf	EUSART1_Write@txData
  4908     01D8  3185  25A0  3181   	fcall	_EUSART1_Write
  4909     01DB                     l2062:
  4910                           
  4911                           ;main.c: 120:         CC1120_Strobe(0x3B);
  4912     01DB  303B               	movlw	59
  4913     01DC  3184  24D1  3181   	fcall	_CC1120_Strobe
  4914     01DF                     l2064:
  4915                           
  4916                           ;main.c: 121:         _delay((unsigned long)((10)*(32000000U/4000.0)));
  4917     01DF  3068               	movlw	104
  4918     01E0  00FB               	movwf	??_main
  4919     01E1  30E4               	movlw	228
  4920     01E2                     u957:
  4921     01E2  0B89               	decfsz	9,f
  4922     01E3  29E2               	goto	u957
  4923     01E4  0BFB               	decfsz	??_main,f
  4924     01E5  29E2               	goto	u957
  4925     01E6  3200               	nop2
  4926     01E7                     l2066:
  4927                           
  4928                           ;main.c: 122:         fillRandomMessage();
  4929     01E7  3184  2465  3181   	fcall	_fillRandomMessage
  4930     01EA                     l2068:
  4931                           
  4932                           ;main.c: 123:         printRandomMessage();
  4933     01EA  3182  22C5  3181   	fcall	_printRandomMessage
  4934     01ED                     l2070:
  4935                           
  4936                           ;main.c: 126:         CC1120_WriteTXFIFO(txBuffer, sizeof (txBuffer));
  4937     01ED  3073               	movlw	115
  4938     01EE  00F1               	movwf	CC1120_WriteTXFIFO@data
  4939     01EF  3023               	movlw	35
  4940     01F0  00F2               	movwf	CC1120_WriteTXFIFO@data+1
  4941     01F1  307D               	movlw	125
  4942     01F2  00F3               	movwf	CC1120_WriteTXFIFO@length
  4943     01F3  3183  23CA  3181   	fcall	_CC1120_WriteTXFIFO
  4944     01F6                     l2072:
  4945     01F6  30D6               	movlw	214
  4946     01F7  00F1               	movwf	CC1120_ReadReg@addr
  4947     01F8  302F               	movlw	47
  4948     01F9  00F2               	movwf	CC1120_ReadReg@addr+1
  4949     01FA  3184  241F  3181   	fcall	_CC1120_ReadReg
  4950     01FD                     l2074:
  4951                           
  4952                           ;main.c: 130:         CC1120_Strobe(0x35);
  4953     01FD  3035               	movlw	53
  4954     01FE  3184  24D1  3181   	fcall	_CC1120_Strobe
  4955     0201                     l2076:
  4956                           
  4957                           ;main.c: 133:         uint8_t marcState = 0;
  4958     0201  0140               	movlb	0	; select bank0
  4959     0202  01AF               	clrf	main@marcState
  4960     0203                     l2078:
  4961     0203                     l2080:
  4962                           
  4963                           ;main.c: 136:             marcState_prev = marcState;
  4964     0203  082F               	movf	main@marcState,w
  4965     0204  00AE               	movwf	main@marcState_prev
  4966     0205                     l2082:
  4967                           
  4968                           ;main.c: 137:             marcState = CC1120_ReadReg(0x2F73) & 0x1F;
  4969     0205  3073               	movlw	115
  4970     0206  00F1               	movwf	CC1120_ReadReg@addr
  4971     0207  302F               	movlw	47
  4972     0208  00F2               	movwf	CC1120_ReadReg@addr+1
  4973     0209  3184  241F  3181   	fcall	_CC1120_ReadReg
  4974     020C  391F               	andlw	31
  4975     020D  0140               	movlb	0	; select bank0
  4976     020E  00AF               	movwf	main@marcState
  4977     020F                     l2084:
  4978                           
  4979                           ;main.c: 138:             _delay((unsigned long)((2000)*(32000000U/4000.0)));
  4980     020F  3052               	movlw	82
  4981     0210  00FC               	movwf	??_main+1
  4982     0211  302B               	movlw	43
  4983     0212  00FB               	movwf	??_main
  4984     0213  3000               	movlw	0
  4985     0214                     u967:
  4986     0214  0B89               	decfsz	9,f
  4987     0215  2A14               	goto	u967
  4988     0216  0BFB               	decfsz	??_main,f
  4989     0217  2A14               	goto	u967
  4990     0218  0BFC               	decfsz	??_main+1,f
  4991     0219  2A14               	goto	u967
  4992     021A  3200               	nop2
  4993     021B                     l2086:
  4994     021B  30D6               	movlw	214
  4995     021C  00F1               	movwf	CC1120_ReadReg@addr
  4996     021D  302F               	movlw	47
  4997     021E  00F2               	movwf	CC1120_ReadReg@addr+1
  4998     021F  3184  241F  3181   	fcall	_CC1120_ReadReg
  4999     0222                     l2088:
  5000                           
  5001                           ;main.c: 140:         } while (marcState == 0x13);
  5002     0222  3013               	movlw	19
  5003     0223  0140               	movlb	0	; select bank0
  5004     0224  062F               	xorwf	main@marcState,w
  5005     0225  1903               	btfsc	3,2
  5006     0226  2A28               	goto	u801
  5007     0227  2A29               	goto	u800
  5008     0228                     u801:
  5009     0228  2A03               	goto	l2080
  5010     0229                     u800:
  5011     0229                     l2090:
  5012                           
  5013                           ;main.c: 142:         EUSART1_Write('M');
  5014     0229  304D               	movlw	77
  5015     022A  00F0               	movwf	EUSART1_Write@txData
  5016     022B  3185  25A0  3181   	fcall	_EUSART1_Write
  5017     022E                     l2092:
  5018                           
  5019                           ;main.c: 143:         _delay((unsigned long)((10)*(32000000U/4000.0)));
  5020     022E  3068               	movlw	104
  5021     022F  00FB               	movwf	??_main
  5022     0230  30E4               	movlw	228
  5023     0231                     u977:
  5024     0231  0B89               	decfsz	9,f
  5025     0232  2A31               	goto	u977
  5026     0233  0BFB               	decfsz	??_main,f
  5027     0234  2A31               	goto	u977
  5028     0235  3200               	nop2
  5029     0236                     l2094:
  5030                           
  5031                           ;main.c: 144:         print_hex(marcState_prev);
  5032     0236  0140               	movlb	0	; select bank0
  5033     0237  082E               	movf	main@marcState_prev,w
  5034     0238  3182  2263  3181   	fcall	_print_hex
  5035                           
  5036                           ;main.c: 145:         _delay((unsigned long)((10)*(32000000U/4000.0)));
  5037     023B  3068               	movlw	104
  5038     023C  00FB               	movwf	??_main
  5039     023D  30E4               	movlw	228
  5040     023E                     u987:
  5041     023E  0B89               	decfsz	9,f
  5042     023F  2A3E               	goto	u987
  5043     0240  0BFB               	decfsz	??_main,f
  5044     0241  2A3E               	goto	u987
  5045     0242  3200               	nop2
  5046     0243                     l2096:
  5047                           
  5048                           ;main.c: 147:         EUSART1_Write('.');
  5049     0243  302E               	movlw	46
  5050     0244  00F0               	movwf	EUSART1_Write@txData
  5051     0245  3185  25A0  3181   	fcall	_EUSART1_Write
  5052     0248                     l2098:
  5053                           
  5054                           ;main.c: 148:         _delay((unsigned long)((10)*(32000000U/4000.0)));
  5055     0248  3068               	movlw	104
  5056     0249  00FB               	movwf	??_main
  5057     024A  30E4               	movlw	228
  5058     024B                     u997:
  5059     024B  0B89               	decfsz	9,f
  5060     024C  2A4B               	goto	u997
  5061     024D  0BFB               	decfsz	??_main,f
  5062     024E  2A4B               	goto	u997
  5063     024F  3200               	nop2
  5064                           
  5065                           ;main.c: 149:         CC1120_Strobe(0x36);
  5066     0250  3036               	movlw	54
  5067     0251  3184  24D1  3181   	fcall	_CC1120_Strobe
  5068     0254                     l2100:
  5069                           
  5070                           ;main.c: 150:         _delay((unsigned long)((2000)*(32000000U/4000.0)));
  5071     0254  3052               	movlw	82
  5072     0255  00FC               	movwf	??_main+1
  5073     0256  302B               	movlw	43
  5074     0257  00FB               	movwf	??_main
  5075     0258  3000               	movlw	0
  5076     0259                     u1007:
  5077     0259  0B89               	decfsz	9,f
  5078     025A  2A59               	goto	u1007
  5079     025B  0BFB               	decfsz	??_main,f
  5080     025C  2A59               	goto	u1007
  5081     025D  0BFC               	decfsz	??_main+1,f
  5082     025E  2A59               	goto	u1007
  5083     025F  3200               	nop2
  5084     0260  29DB               	goto	l2062
  5085     0261  3180  2814         	ljmp	start
  5086     0263                     __end_of_main:
  5087                           
  5088                           	psect	text1
  5089     02C5                     __ptext1:	
  5090 ;; *************** function _printRandomMessage *****************
  5091 ;; Defined at:
  5092 ;;		line 69 in file "main.c"
  5093 ;; Parameters:    Size  Location     Type
  5094 ;;		None
  5095 ;; Auto vars:     Size  Location     Type
  5096 ;;  i               2    9[COMMON] unsigned short 
  5097 ;; Return value:  Size  Location     Type
  5098 ;;                  1    wreg      void 
  5099 ;; Registers used:
  5100 ;;		wreg, fsr1l, fsr1h, status,2, status,0, pclath, cstack
  5101 ;; Tracked objects:
  5102 ;;		On entry : 0/0
  5103 ;;		On exit  : 0/0
  5104 ;;		Unchanged: 0/0
  5105 ;; Data sizes:     COMMON   BANK0   BANK1   BANK2   BANK3   BANK4   BANK5   BANK6   BANK7   BANK8   BANK9  BANK10  BANK1
      +1  BANK12
  5106 ;;      Params:         0       0       0       0       0       0       0       0       0       0       0       0       
      +0       0
  5107 ;;      Locals:         2       0       0       0       0       0       0       0       0       0       0       0       
      +0       0
  5108 ;;      Temps:          2       0       0       0       0       0       0       0       0       0       0       0       
      +0       0
  5109 ;;      Totals:         4       0       0       0       0       0       0       0       0       0       0       0       
      +0       0
  5110 ;;Total ram usage:        4 bytes
  5111 ;; Hardware stack levels used: 1
  5112 ;; Hardware stack levels required when called: 6
  5113 ;; This function calls:
  5114 ;;		_EUSART1_Write
  5115 ;;		_print_hex
  5116 ;; This function is called by:
  5117 ;;		_main
  5118 ;; This function uses a non-reentrant model
  5119 ;;
  5120                           
  5121     02C5                     _printRandomMessage:	
  5122                           ;psect for function _printRandomMessage
  5123                           
  5124     02C5                     l1914:	
  5125                           ;incstack = 0
  5126                           ; Regs used in _printRandomMessage: [wreg+fsr1l+fsr1h+status,2+status,0+pclath+cstack]
  5127                           
  5128                           
  5129                           ;main.c: 70:     EUSART1_Write('\n');
  5130     02C5  300A               	movlw	10
  5131     02C6  00F0               	movwf	EUSART1_Write@txData
  5132     02C7  3185  25A0  3182   	fcall	_EUSART1_Write
  5133     02CA                     l1916:
  5134                           
  5135                           ;main.c: 71:     _delay((unsigned long)((5)*(32000000U/4000.0)));
  5136     02CA  3034               	movlw	52
  5137     02CB  00F7               	movwf	??_printRandomMessage
  5138     02CC  30F2               	movlw	242
  5139     02CD                     u1017:
  5140     02CD  0B89               	decfsz	9,f
  5141     02CE  2ACD               	goto	u1017
  5142     02CF  0BF7               	decfsz	??_printRandomMessage,f
  5143     02D0  2ACD               	goto	u1017
  5144     02D1                     l1918:
  5145                           
  5146                           ;main.c: 72:     EUSART1_Write('\r');
  5147     02D1  300D               	movlw	13
  5148     02D2  00F0               	movwf	EUSART1_Write@txData
  5149     02D3  3185  25A0  3182   	fcall	_EUSART1_Write
  5150                           
  5151                           ;main.c: 73:     _delay((unsigned long)((5)*(32000000U/4000.0)));
  5152     02D6  3034               	movlw	52
  5153     02D7  00F7               	movwf	??_printRandomMessage
  5154     02D8  30F2               	movlw	242
  5155     02D9                     u1027:
  5156     02D9  0B89               	decfsz	9,f
  5157     02DA  2AD9               	goto	u1027
  5158     02DB  0BF7               	decfsz	??_printRandomMessage,f
  5159     02DC  2AD9               	goto	u1027
  5160     02DD                     l1920:
  5161                           
  5162                           ;main.c: 74:     for (uint16_t i = 0; i < sizeof(txBuffer); i++) {
  5163     02DD  01F9               	clrf	printRandomMessage@i
  5164     02DE  01FA               	clrf	printRandomMessage@i+1
  5165     02DF                     l1926:
  5166                           
  5167                           ;main.c: 75:         print_hex(txBuffer[i]);
  5168     02DF  3073               	movlw	115
  5169     02E0  00F7               	movwf	??_printRandomMessage
  5170     02E1  3023               	movlw	35
  5171     02E2  00F8               	movwf	??_printRandomMessage+1
  5172     02E3  0879               	movf	printRandomMessage@i,w
  5173     02E4  0777               	addwf	??_printRandomMessage,w
  5174     02E5  0086               	movwf	6
  5175     02E6  087A               	movf	printRandomMessage@i+1,w
  5176     02E7  3D78               	addwfc	??_printRandomMessage+1,w
  5177     02E8  0087               	movwf	7
  5178     02E9  0801               	movf	1,w
  5179     02EA  3182  2263  3182   	fcall	_print_hex
  5180     02ED                     l1928:
  5181                           
  5182                           ;main.c: 76:         EUSART1_Write(' ');
  5183     02ED  3020               	movlw	32
  5184     02EE  00F0               	movwf	EUSART1_Write@txData
  5185     02EF  3185  25A0  3182   	fcall	_EUSART1_Write
  5186     02F2                     l1930:
  5187                           
  5188                           ;main.c: 77:     }
  5189     02F2  3001               	movlw	1
  5190     02F3  07F9               	addwf	printRandomMessage@i,f
  5191     02F4  3000               	movlw	0
  5192     02F5  3DFA               	addwfc	printRandomMessage@i+1,f
  5193     02F6                     l1932:
  5194     02F6  3000               	movlw	0
  5195     02F7  027A               	subwf	printRandomMessage@i+1,w
  5196     02F8  307D               	movlw	125
  5197     02F9  1903               	skipnz
  5198     02FA  0279               	subwf	printRandomMessage@i,w
  5199     02FB  1C03               	skipc
  5200     02FC  2AFE               	goto	u691
  5201     02FD  2AFF               	goto	u690
  5202     02FE                     u691:
  5203     02FE  2ADF               	goto	l1926
  5204     02FF                     u690:
  5205     02FF                     l1934:
  5206                           
  5207                           ;main.c: 78:     EUSART1_Write('\n');
  5208     02FF  300A               	movlw	10
  5209     0300  00F0               	movwf	EUSART1_Write@txData
  5210     0301  3185  25A0  3182   	fcall	_EUSART1_Write
  5211     0304                     l1936:
  5212                           
  5213                           ;main.c: 79:     _delay((unsigned long)((5)*(32000000U/4000.0)));
  5214     0304  3034               	movlw	52
  5215     0305  00F7               	movwf	??_printRandomMessage
  5216     0306  30F2               	movlw	242
  5217     0307                     u1037:
  5218     0307  0B89               	decfsz	9,f
  5219     0308  2B07               	goto	u1037
  5220     0309  0BF7               	decfsz	??_printRandomMessage,f
  5221     030A  2B07               	goto	u1037
  5222     030B                     l1938:
  5223                           
  5224                           ;main.c: 80:     EUSART1_Write('\r');
  5225     030B  300D               	movlw	13
  5226     030C  00F0               	movwf	EUSART1_Write@txData
  5227     030D  3185  25A0  3182   	fcall	_EUSART1_Write
  5228                           
  5229                           ;main.c: 81:     _delay((unsigned long)((5)*(32000000U/4000.0)));
  5230     0310  3034               	movlw	52
  5231     0311  00F7               	movwf	??_printRandomMessage
  5232     0312  30F2               	movlw	242
  5233     0313                     u1047:
  5234     0313  0B89               	decfsz	9,f
  5235     0314  2B13               	goto	u1047
  5236     0315  0BF7               	decfsz	??_printRandomMessage,f
  5237     0316  2B13               	goto	u1047
  5238     0317                     l467:
  5239     0317  0008               	return
  5240     0318                     __end_of_printRandomMessage:
  5241                           
  5242                           	psect	text2
  5243     0263                     __ptext2:	
  5244 ;; *************** function _print_hex *****************
  5245 ;; Defined at:
  5246 ;;		line 41 in file "main.c"
  5247 ;; Parameters:    Size  Location     Type
  5248 ;;  val             1    wreg     unsigned char 
  5249 ;; Auto vars:     Size  Location     Type
  5250 ;;  val             1    6[COMMON] unsigned char 
  5251 ;; Return value:  Size  Location     Type
  5252 ;;                  1    wreg      void 
  5253 ;; Registers used:
  5254 ;;		wreg, status,2, status,0, pclath, cstack
  5255 ;; Tracked objects:
  5256 ;;		On entry : 0/0
  5257 ;;		On exit  : 0/0
  5258 ;;		Unchanged: 0/0
  5259 ;; Data sizes:     COMMON   BANK0   BANK1   BANK2   BANK3   BANK4   BANK5   BANK6   BANK7   BANK8   BANK9  BANK10  BANK1
      +1  BANK12
  5260 ;;      Params:         0       0       0       0       0       0       0       0       0       0       0       0       
      +0       0
  5261 ;;      Locals:         5       0       0       0       0       0       0       0       0       0       0       0       
      +0       0
  5262 ;;      Temps:          1       0       0       0       0       0       0       0       0       0       0       0       
      +0       0
  5263 ;;      Totals:         6       0       0       0       0       0       0       0       0       0       0       0       
      +0       0
  5264 ;;Total ram usage:        6 bytes
  5265 ;; Hardware stack levels used: 1
  5266 ;; Hardware stack levels required when called: 5
  5267 ;; This function calls:
  5268 ;;		_EUSART1_Write
  5269 ;; This function is called by:
  5270 ;;		_printRandomMessage
  5271 ;;		_main
  5272 ;; This function uses a non-reentrant model
  5273 ;;
  5274                           
  5275     0263                     _print_hex:	
  5276                           ;psect for function _print_hex
  5277                           
  5278                           
  5279                           ;incstack = 0
  5280                           ; Regs used in _print_hex: [wreg+status,2+status,0+pclath+cstack]
  5281                           ;print_hex@val stored from wreg
  5282     0263  00F6               	movwf	print_hex@val
  5283     0264                     l1832:
  5284                           
  5285                           ;main.c: 42:     EUSART1_Write((val >> 4) > 9 ? ('A' + ((val >> 4) - 10)) : ('0' + (val 
      +                          >> 4)));
  5286     0264  0876               	movf	print_hex@val,w
  5287     0265  00F1               	movwf	??_print_hex
  5288     0266  3004               	movlw	4
  5289     0267                     u595:
  5290     0267  36F1               	lsrf	??_print_hex,f
  5291     0268  0B89               	decfsz	9,f
  5292     0269  2A67               	goto	u595
  5293     026A  300A               	movlw	10
  5294     026B  0271               	subwf	??_print_hex,w
  5295     026C  1803               	skipnc
  5296     026D  2A6F               	goto	u601
  5297     026E  2A70               	goto	u600
  5298     026F                     u601:
  5299     026F  2A7E               	goto	l1836
  5300     0270                     u600:
  5301     0270                     l1834:
  5302     0270  0876               	movf	print_hex@val,w
  5303     0271  00F1               	movwf	??_print_hex
  5304     0272  3004               	movlw	4
  5305     0273                     u615:
  5306     0273  36F1               	lsrf	??_print_hex,f
  5307     0274  0B89               	decfsz	9,f
  5308     0275  2A73               	goto	u615
  5309     0276  0871               	movf	??_print_hex,w
  5310     0277  3E30               	addlw	48
  5311     0278  00F2               	movwf	_print_hex$999
  5312     0279  3000               	movlw	0
  5313     027A  1803               	skipnc
  5314     027B  3001               	movlw	1
  5315     027C  00F3               	movwf	_print_hex$999+1
  5316     027D  2A8B               	goto	l1838
  5317     027E                     l1836:
  5318     027E  0876               	movf	print_hex@val,w
  5319     027F  00F1               	movwf	??_print_hex
  5320     0280  3004               	movlw	4
  5321     0281                     u625:
  5322     0281  36F1               	lsrf	??_print_hex,f
  5323     0282  0B89               	decfsz	9,f
  5324     0283  2A81               	goto	u625
  5325     0284  0871               	movf	??_print_hex,w
  5326     0285  3E37               	addlw	55
  5327     0286  00F2               	movwf	_print_hex$999
  5328     0287  3000               	movlw	0
  5329     0288  1803               	skipnc
  5330     0289  3001               	movlw	1
  5331     028A  00F3               	movwf	_print_hex$999+1
  5332     028B                     l1838:
  5333     028B  0872               	movf	_print_hex$999,w
  5334     028C  00F0               	movwf	EUSART1_Write@txData
  5335     028D  3185  25A0  3182   	fcall	_EUSART1_Write
  5336     0290                     l1840:
  5337                           
  5338                           ;main.c: 43:     _delay((unsigned long)((10)*(32000000U/4000.0)));
  5339     0290  3068               	movlw	104
  5340     0291  00F1               	movwf	??_print_hex
  5341     0292  30E4               	movlw	228
  5342     0293                     u1057:
  5343     0293  0B89               	decfsz	9,f
  5344     0294  2A93               	goto	u1057
  5345     0295  0BF1               	decfsz	??_print_hex,f
  5346     0296  2A93               	goto	u1057
  5347     0297  3200               	nop2
  5348     0298                     l1842:
  5349                           
  5350                           ;main.c: 45:     EUSART1_Write((val & 0xF) > 9 ? ('A' + ((val & 0xF) - 10)) : ('0' + (va
      +                          l & 0xF)));
  5351     0298  300F               	movlw	15
  5352     0299  0576               	andwf	print_hex@val,w
  5353     029A  00F1               	movwf	??_print_hex
  5354     029B  300A               	movlw	10
  5355     029C  0271               	subwf	??_print_hex,w
  5356     029D  1803               	skipnc
  5357     029E  2AA0               	goto	u631
  5358     029F  2AA1               	goto	u630
  5359     02A0                     u631:
  5360     02A0  2AAA               	goto	l1846
  5361     02A1                     u630:
  5362     02A1                     l1844:
  5363     02A1  0876               	movf	print_hex@val,w
  5364     02A2  390F               	andlw	15
  5365     02A3  3E30               	addlw	48
  5366     02A4  00F4               	movwf	_print_hex$1000
  5367     02A5  3000               	movlw	0
  5368     02A6  1803               	skipnc
  5369     02A7  3001               	movlw	1
  5370     02A8  00F5               	movwf	_print_hex$1000+1
  5371     02A9  2AB2               	goto	l1848
  5372     02AA                     l1846:
  5373     02AA  0876               	movf	print_hex@val,w
  5374     02AB  390F               	andlw	15
  5375     02AC  3E37               	addlw	55
  5376     02AD  00F4               	movwf	_print_hex$1000
  5377     02AE  3000               	movlw	0
  5378     02AF  1803               	skipnc
  5379     02B0  3001               	movlw	1
  5380     02B1  00F5               	movwf	_print_hex$1000+1
  5381     02B2                     l1848:
  5382     02B2  0874               	movf	_print_hex$1000,w
  5383     02B3  00F0               	movwf	EUSART1_Write@txData
  5384     02B4  3185  25A0  3182   	fcall	_EUSART1_Write
  5385     02B7                     l1850:
  5386                           
  5387                           ;main.c: 46:     _delay((unsigned long)((10)*(32000000U/4000.0)));
  5388     02B7  3068               	movlw	104
  5389     02B8  00F1               	movwf	??_print_hex
  5390     02B9  30E4               	movlw	228
  5391     02BA                     u1067:
  5392     02BA  0B89               	decfsz	9,f
  5393     02BB  2ABA               	goto	u1067
  5394     02BC  0BF1               	decfsz	??_print_hex,f
  5395     02BD  2ABA               	goto	u1067
  5396     02BE  3200               	nop2
  5397     02BF                     l1852:
  5398                           
  5399                           ;main.c: 48:     EUSART1_Write(' ');
  5400     02BF  3020               	movlw	32
  5401     02C0  00F0               	movwf	EUSART1_Write@txData
  5402     02C1  3185  25A0  3182   	fcall	_EUSART1_Write
  5403     02C4                     l450:
  5404     02C4  0008               	return
  5405     02C5                     __end_of_print_hex:
  5406                           
  5407                           	psect	text3
  5408     05A0                     __ptext3:	
  5409 ;; *************** function _EUSART1_Write *****************
  5410 ;; Defined at:
  5411 ;;		line 240 in file "mcc_generated_files/uart/src/eusart1.c"
  5412 ;; Parameters:    Size  Location     Type
  5413 ;;  txData          1    0[COMMON] unsigned char 
  5414 ;; Auto vars:     Size  Location     Type
  5415 ;;		None
  5416 ;; Return value:  Size  Location     Type
  5417 ;;                  1    wreg      void 
  5418 ;; Registers used:
  5419 ;;		wreg
  5420 ;; Tracked objects:
  5421 ;;		On entry : 0/0
  5422 ;;		On exit  : 0/0
  5423 ;;		Unchanged: 0/0
  5424 ;; Data sizes:     COMMON   BANK0   BANK1   BANK2   BANK3   BANK4   BANK5   BANK6   BANK7   BANK8   BANK9  BANK10  BANK1
      +1  BANK12
  5425 ;;      Params:         1       0       0       0       0       0       0       0       0       0       0       0       
      +0       0
  5426 ;;      Locals:         0       0       0       0       0       0       0       0       0       0       0       0       
      +0       0
  5427 ;;      Temps:          0       0       0       0       0       0       0       0       0       0       0       0       
      +0       0
  5428 ;;      Totals:         1       0       0       0       0       0       0       0       0       0       0       0       
      +0       0
  5429 ;;Total ram usage:        1 bytes
  5430 ;; Hardware stack levels used: 1
  5431 ;; Hardware stack levels required when called: 4
  5432 ;; This function calls:
  5433 ;;		Nothing
  5434 ;; This function is called by:
  5435 ;;		_print_hex
  5436 ;;		_printRandomMessage
  5437 ;;		_main
  5438 ;; This function uses a non-reentrant model
  5439 ;;
  5440                           
  5441     05A0                     _EUSART1_Write:	
  5442                           ;psect for function _EUSART1_Write
  5443                           
  5444     05A0                     l1744:	
  5445                           ;incstack = 0
  5446                           ; Regs used in _EUSART1_Write: [wreg]
  5447                           
  5448                           
  5449                           ;mcc_generated_files/uart/src/eusart1.c: 240: void EUSART1_Write(uint8_t txData);mcc_gen
      +                          erated_files/uart/src/eusart1.c: 241: {;mcc_generated_files/uart/src/eusart1.c: 242:    
      +                           TX1REG = txData;
  5450     05A0  0870               	movf	EUSART1_Write@txData,w
  5451     05A1  014E               	movlb	14	; select bank14
  5452     05A2  008D               	movwf	13	;volatile
  5453     05A3                     l405:
  5454     05A3  0008               	return
  5455     05A4                     __end_of_EUSART1_Write:
  5456                           
  5457                           	psect	text4
  5458     0465                     __ptext4:	
  5459 ;; *************** function _fillRandomMessage *****************
  5460 ;; Defined at:
  5461 ;;		line 63 in file "main.c"
  5462 ;; Parameters:    Size  Location     Type
  5463 ;;		None
  5464 ;; Auto vars:     Size  Location     Type
  5465 ;;  i               2    8[COMMON] unsigned short 
  5466 ;; Return value:  Size  Location     Type
  5467 ;;                  1    wreg      void 
  5468 ;; Registers used:
  5469 ;;		wreg, fsr1l, fsr1h, status,2, status,0, pclath, cstack
  5470 ;; Tracked objects:
  5471 ;;		On entry : 0/0
  5472 ;;		On exit  : 0/0
  5473 ;;		Unchanged: 0/0
  5474 ;; Data sizes:     COMMON   BANK0   BANK1   BANK2   BANK3   BANK4   BANK5   BANK6   BANK7   BANK8   BANK9  BANK10  BANK1
      +1  BANK12
  5475 ;;      Params:         0       0       0       0       0       0       0       0       0       0       0       0       
      +0       0
  5476 ;;      Locals:         2       0       0       0       0       0       0       0       0       0       0       0       
      +0       0
  5477 ;;      Temps:          2       0       0       0       0       0       0       0       0       0       0       0       
      +0       0
  5478 ;;      Totals:         4       0       0       0       0       0       0       0       0       0       0       0       
      +0       0
  5479 ;;Total ram usage:        4 bytes
  5480 ;; Hardware stack levels used: 1
  5481 ;; Hardware stack levels required when called: 6
  5482 ;; This function calls:
  5483 ;;		_getRandomByte
  5484 ;; This function is called by:
  5485 ;;		_main
  5486 ;; This function uses a non-reentrant model
  5487 ;;
  5488                           
  5489     0465                     _fillRandomMessage:	
  5490                           ;psect for function _fillRandomMessage
  5491                           
  5492     0465                     l1902:	
  5493                           ;incstack = 0
  5494                           ; Regs used in _fillRandomMessage: [wreg+fsr1l+fsr1h+status,2+status,0+pclath+cstack]
  5495                           
  5496                           
  5497                           ;main.c: 64:     for (uint16_t i = 0; i < sizeof(txBuffer); i++) {
  5498     0465  01F8               	clrf	fillRandomMessage@i
  5499     0466  01F9               	clrf	fillRandomMessage@i+1
  5500     0467                     l1908:
  5501                           
  5502                           ;main.c: 65:         txBuffer[i] = getRandomByte();
  5503     0467  3073               	movlw	115
  5504     0468  00F6               	movwf	??_fillRandomMessage
  5505     0469  3023               	movlw	35
  5506     046A  00F7               	movwf	??_fillRandomMessage+1
  5507     046B  0878               	movf	fillRandomMessage@i,w
  5508     046C  0776               	addwf	??_fillRandomMessage,w
  5509     046D  0086               	movwf	6
  5510     046E  0879               	movf	fillRandomMessage@i+1,w
  5511     046F  3D77               	addwfc	??_fillRandomMessage+1,w
  5512     0470  0087               	movwf	7
  5513     0471  3184  24BC  3184   	fcall	_getRandomByte
  5514     0474  0081               	movwf	1
  5515     0475                     l1910:
  5516                           
  5517                           ;main.c: 66:     }
  5518     0475  3001               	movlw	1
  5519     0476  07F8               	addwf	fillRandomMessage@i,f
  5520     0477  3000               	movlw	0
  5521     0478  3DF9               	addwfc	fillRandomMessage@i+1,f
  5522     0479                     l1912:
  5523     0479  3000               	movlw	0
  5524     047A  0279               	subwf	fillRandomMessage@i+1,w
  5525     047B  307D               	movlw	125
  5526     047C  1903               	skipnz
  5527     047D  0278               	subwf	fillRandomMessage@i,w
  5528     047E  1C03               	skipc
  5529     047F  2C81               	goto	u681
  5530     0480  2C82               	goto	u680
  5531     0481                     u681:
  5532     0481  2C67               	goto	l1908
  5533     0482                     u680:
  5534     0482                     l462:
  5535     0482  0008               	return
  5536     0483                     __end_of_fillRandomMessage:
  5537                           
  5538                           	psect	text5
  5539     04BC                     __ptext5:	
  5540 ;; *************** function _getRandomByte *****************
  5541 ;; Defined at:
  5542 ;;		line 53 in file "main.c"
  5543 ;; Parameters:    Size  Location     Type
  5544 ;;		None
  5545 ;; Auto vars:     Size  Location     Type
  5546 ;;		None
  5547 ;; Return value:  Size  Location     Type
  5548 ;;                  1    wreg      unsigned char 
  5549 ;; Registers used:
  5550 ;;		wreg, status,2, status,0, pclath, cstack
  5551 ;; Tracked objects:
  5552 ;;		On entry : 0/0
  5553 ;;		On exit  : 0/0
  5554 ;;		Unchanged: 0/0
  5555 ;; Data sizes:     COMMON   BANK0   BANK1   BANK2   BANK3   BANK4   BANK5   BANK6   BANK7   BANK8   BANK9  BANK10  BANK1
      +1  BANK12
  5556 ;;      Params:         0       0       0       0       0       0       0       0       0       0       0       0       
      +0       0
  5557 ;;      Locals:         0       0       0       0       0       0       0       0       0       0       0       0       
      +0       0
  5558 ;;      Temps:          0       0       0       0       0       0       0       0       0       0       0       0       
      +0       0
  5559 ;;      Totals:         0       0       0       0       0       0       0       0       0       0       0       0       
      +0       0
  5560 ;;Total ram usage:        0 bytes
  5561 ;; Hardware stack levels used: 1
  5562 ;; Hardware stack levels required when called: 5
  5563 ;; This function calls:
  5564 ;;		___wmul
  5565 ;; This function is called by:
  5566 ;;		_fillRandomMessage
  5567 ;; This function uses a non-reentrant model
  5568 ;;
  5569                           
  5570     04BC                     _getRandomByte:	
  5571                           ;psect for function _getRandomByte
  5572                           
  5573     04BC                     l1854:	
  5574                           ;incstack = 0
  5575                           ; Regs used in _getRandomByte: [wreg+status,2+status,0+pclath+cstack]
  5576                           
  5577                           
  5578                           ;main.c: 54:     static uint16_t seed = 0xACE1;;main.c: 57:     seed = (seed * 110351524
      +                          5 + 12345) & 0xFFFF;
  5579     04BC  0140               	movlb	0	; select bank0
  5580     04BD  082D               	movf	getRandomByte@seed+1,w
  5581     04BE  00F1               	movwf	___wmul@multiplier+1
  5582     04BF  082C               	movf	getRandomByte@seed,w
  5583     04C0  00F0               	movwf	___wmul@multiplier
  5584     04C1  306D               	movlw	109
  5585     04C2  00F2               	movwf	___wmul@multiplicand
  5586     04C3  304E               	movlw	78
  5587     04C4  00F3               	movwf	___wmul@multiplicand+1
  5588     04C5  3184  2446  3184   	fcall	___wmul
  5589     04C8  0870               	movf	?___wmul,w
  5590     04C9  3E39               	addlw	57
  5591     04CA  0140               	movlb	0	; select bank0
  5592     04CB  00AC               	movwf	getRandomByte@seed
  5593     04CC  3030               	movlw	48
  5594     04CD  3D71               	addwfc	?___wmul+1,w
  5595     04CE  00AD               	movwf	getRandomByte@seed+1
  5596     04CF                     l1856:
  5597                           
  5598                           ;main.c: 58:     return (uint8_t)(seed & 0xFF);
  5599     04CF  082C               	movf	getRandomByte@seed,w
  5600     04D0                     l455:
  5601     04D0  0008               	return
  5602     04D1                     __end_of_getRandomByte:
  5603                           
  5604                           	psect	text6
  5605     04F5                     __ptext6:	
  5606 ;; *************** function _SYSTEM_Initialize *****************
  5607 ;; Defined at:
  5608 ;;		line 39 in file "mcc_generated_files/system/src/system.c"
  5609 ;; Parameters:    Size  Location     Type
  5610 ;;		None
  5611 ;; Auto vars:     Size  Location     Type
  5612 ;;		None
  5613 ;; Return value:  Size  Location     Type
  5614 ;;                  1    wreg      void 
  5615 ;; Registers used:
  5616 ;;		wreg, status,2, status,0, pclath, cstack
  5617 ;; Tracked objects:
  5618 ;;		On entry : 0/0
  5619 ;;		On exit  : 0/0
  5620 ;;		Unchanged: 0/0
  5621 ;; Data sizes:     COMMON   BANK0   BANK1   BANK2   BANK3   BANK4   BANK5   BANK6   BANK7   BANK8   BANK9  BANK10  BANK1
      +1  BANK12
  5622 ;;      Params:         0       0       0       0       0       0       0       0       0       0       0       0       
      +0       0
  5623 ;;      Locals:         0       0       0       0       0       0       0       0       0       0       0       0       
      +0       0
  5624 ;;      Temps:          0       0       0       0       0       0       0       0       0       0       0       0       
      +0       0
  5625 ;;      Totals:         0       0       0       0       0       0       0       0       0       0       0       0       
      +0       0
  5626 ;;Total ram usage:        0 bytes
  5627 ;; Hardware stack levels used: 1
  5628 ;; Hardware stack levels required when called: 6
  5629 ;; This function calls:
  5630 ;;		_CLOCK_Initialize
  5631 ;;		_EUSART1_Initialize
  5632 ;;		_INTERRUPT_Initialize
  5633 ;;		_PIN_MANAGER_Initialize
  5634 ;;		_SPI1_Initialize
  5635 ;; This function is called by:
  5636 ;;		_main
  5637 ;; This function uses a non-reentrant model
  5638 ;;
  5639                           
  5640     04F5                     _SYSTEM_Initialize:	
  5641                           ;psect for function _SYSTEM_Initialize
  5642                           
  5643     04F5                     l1894:	
  5644                           ;incstack = 0
  5645                           ; Regs used in _SYSTEM_Initialize: [wreg+status,2+status,0+pclath+cstack]
  5646                           
  5647                           
  5648                           ;mcc_generated_files/system/src/system.c: 41:     CLOCK_Initialize();
  5649     04F5  3185  2579  3184   	fcall	_CLOCK_Initialize
  5650     04F8                     l1896:
  5651                           
  5652                           ;mcc_generated_files/system/src/system.c: 42:     PIN_MANAGER_Initialize();
  5653     04F8  3183  2318  3184   	fcall	_PIN_MANAGER_Initialize
  5654     04FB                     l1898:
  5655                           
  5656                           ;mcc_generated_files/system/src/system.c: 43:     EUSART1_Initialize();
  5657     04FB  3184  2483  3184   	fcall	_EUSART1_Initialize
  5658                           
  5659                           ;mcc_generated_files/system/src/system.c: 44:     SPI1_Initialize();
  5660     04FE  3185  253E  3184   	fcall	_SPI1_Initialize
  5661     0501                     l1900:
  5662                           
  5663                           ;mcc_generated_files/system/src/system.c: 45:     INTERRUPT_Initialize();
  5664     0501  3185  256E  3184   	fcall	_INTERRUPT_Initialize
  5665     0504                     l275:
  5666     0504  0008               	return
  5667     0505                     __end_of_SYSTEM_Initialize:
  5668                           
  5669                           	psect	text7
  5670     053E                     __ptext7:	
  5671 ;; *************** function _SPI1_Initialize *****************
  5672 ;; Defined at:
  5673 ;;		line 77 in file "mcc_generated_files/spi/src/mssp1.c"
  5674 ;; Parameters:    Size  Location     Type
  5675 ;;		None
  5676 ;; Auto vars:     Size  Location     Type
  5677 ;;		None
  5678 ;; Return value:  Size  Location     Type
  5679 ;;                  1    wreg      void 
  5680 ;; Registers used:
  5681 ;;		status,2
  5682 ;; Tracked objects:
  5683 ;;		On entry : 0/0
  5684 ;;		On exit  : 0/0
  5685 ;;		Unchanged: 0/0
  5686 ;; Data sizes:     COMMON   BANK0   BANK1   BANK2   BANK3   BANK4   BANK5   BANK6   BANK7   BANK8   BANK9  BANK10  BANK1
      +1  BANK12
  5687 ;;      Params:         0       0       0       0       0       0       0       0       0       0       0       0       
      +0       0
  5688 ;;      Locals:         0       0       0       0       0       0       0       0       0       0       0       0       
      +0       0
  5689 ;;      Temps:          0       0       0       0       0       0       0       0       0       0       0       0       
      +0       0
  5690 ;;      Totals:         0       0       0       0       0       0       0       0       0       0       0       0       
      +0       0
  5691 ;;Total ram usage:        0 bytes
  5692 ;; Hardware stack levels used: 1
  5693 ;; Hardware stack levels required when called: 4
  5694 ;; This function calls:
  5695 ;;		Nothing
  5696 ;; This function is called by:
  5697 ;;		_SYSTEM_Initialize
  5698 ;; This function uses a non-reentrant model
  5699 ;;
  5700                           
  5701     053E                     _SPI1_Initialize:	
  5702                           ;psect for function _SPI1_Initialize
  5703                           
  5704     053E                     l1760:	
  5705                           ;incstack = 0
  5706                           ; Regs used in _SPI1_Initialize: [status,2]
  5707                           
  5708                           
  5709                           ;mcc_generated_files/spi/src/mssp1.c: 79:     PIE5bits.SSP1IE = 0;
  5710     053E  0141               	movlb	1	; select bank1
  5711     053F  111B               	bcf	27,2	;volatile
  5712                           
  5713                           ;mcc_generated_files/spi/src/mssp1.c: 80:     PIR5bits.SSP1IF = 0;
  5714     0540  1111               	bcf	17,2	;volatile
  5715                           
  5716                           ;mcc_generated_files/spi/src/mssp1.c: 82:     SSP1STAT = 0x40;
  5717     0541  3040               	movlw	64
  5718     0542  014F               	movlb	15	; select bank15
  5719     0543  008F               	movwf	15	;volatile
  5720                           
  5721                           ;mcc_generated_files/spi/src/mssp1.c: 83:     SSP1CON1 = 0x20;
  5722     0544  3020               	movlw	32
  5723     0545  0090               	movwf	16	;volatile
  5724     0546                     l1762:
  5725                           
  5726                           ;mcc_generated_files/spi/src/mssp1.c: 84:     SSP1CON3 = 0x00;
  5727     0546  0192               	clrf	18	;volatile
  5728     0547                     l1764:
  5729                           
  5730                           ;mcc_generated_files/spi/src/mssp1.c: 85:     SSP1ADD = 0x63;
  5731     0547  3063               	movlw	99
  5732     0548  008D               	movwf	13	;volatile
  5733     0549                     l47:
  5734     0549  0008               	return
  5735     054A                     __end_of_SPI1_Initialize:
  5736                           
  5737                           	psect	text8
  5738     0318                     __ptext8:	
  5739 ;; *************** function _PIN_MANAGER_Initialize *****************
  5740 ;; Defined at:
  5741 ;;		line 40 in file "mcc_generated_files/system/src/pins.c"
  5742 ;; Parameters:    Size  Location     Type
  5743 ;;		None
  5744 ;; Auto vars:     Size  Location     Type
  5745 ;;		None
  5746 ;; Return value:  Size  Location     Type
  5747 ;;                  1    wreg      void 
  5748 ;; Registers used:
  5749 ;;		wreg, status,2, status,0, pclath, cstack
  5750 ;; Tracked objects:
  5751 ;;		On entry : 0/0
  5752 ;;		On exit  : 0/0
  5753 ;;		Unchanged: 0/0
  5754 ;; Data sizes:     COMMON   BANK0   BANK1   BANK2   BANK3   BANK4   BANK5   BANK6   BANK7   BANK8   BANK9  BANK10  BANK1
      +1  BANK12
  5755 ;;      Params:         0       0       0       0       0       0       0       0       0       0       0       0       
      +0       0
  5756 ;;      Locals:         0       0       0       0       0       0       0       0       0       0       0       0       
      +0       0
  5757 ;;      Temps:          0       0       0       0       0       0       0       0       0       0       0       0       
      +0       0
  5758 ;;      Totals:         0       0       0       0       0       0       0       0       0       0       0       0       
      +0       0
  5759 ;;Total ram usage:        0 bytes
  5760 ;; Hardware stack levels used: 1
  5761 ;; Hardware stack levels required when called: 5
  5762 ;; This function calls:
  5763 ;;		_IO_RC3_SetInterruptHandler
  5764 ;;		_IO_RC4_SetInterruptHandler
  5765 ;; This function is called by:
  5766 ;;		_SYSTEM_Initialize
  5767 ;; This function uses a non-reentrant model
  5768 ;;
  5769                           
  5770     0318                     _PIN_MANAGER_Initialize:	
  5771                           ;psect for function _PIN_MANAGER_Initialize
  5772                           
  5773     0318                     l1776:	
  5774                           ;incstack = 0
  5775                           ; Regs used in _PIN_MANAGER_Initialize: [wreg+status,2+status,0+pclath+cstack]
  5776                           
  5777                           
  5778                           ;mcc_generated_files/system/src/pins.c: 45:     LATA = 0x0;
  5779     0318  0140               	movlb	0	; select bank0
  5780     0319  0198               	clrf	24	;volatile
  5781                           
  5782                           ;mcc_generated_files/system/src/pins.c: 46:     LATC = 0x0;
  5783     031A  019A               	clrf	26	;volatile
  5784     031B                     l1778:
  5785                           
  5786                           ;mcc_generated_files/system/src/pins.c: 51:     TRISA = 0x26;
  5787     031B  3026               	movlw	38
  5788     031C  0092               	movwf	18	;volatile
  5789     031D                     l1780:
  5790                           
  5791                           ;mcc_generated_files/system/src/pins.c: 52:     TRISC = 0x1C;
  5792     031D  301C               	movlw	28
  5793     031E  0094               	movwf	20	;volatile
  5794     031F                     l1782:
  5795                           
  5796                           ;mcc_generated_files/system/src/pins.c: 57:     ANSELA = 0x4;
  5797     031F  3004               	movlw	4
  5798     0320  017D               	movlb	61	; select bank61
  5799     0321  008C               	movwf	12	;volatile
  5800                           
  5801                           ;mcc_generated_files/system/src/pins.c: 58:     ANSELC = 0x0;
  5802     0322  01A0               	clrf	32	;volatile
  5803                           
  5804                           ;mcc_generated_files/system/src/pins.c: 63:     WPUA = 0x0;
  5805     0323  018D               	clrf	13	;volatile
  5806                           
  5807                           ;mcc_generated_files/system/src/pins.c: 64:     WPUC = 0x0;
  5808     0324  01A1               	clrf	33	;volatile
  5809                           
  5810                           ;mcc_generated_files/system/src/pins.c: 70:     ODCONA = 0x0;
  5811     0325  018E               	clrf	14	;volatile
  5812                           
  5813                           ;mcc_generated_files/system/src/pins.c: 71:     ODCONC = 0x0;
  5814     0326  01A2               	clrf	34	;volatile
  5815     0327                     l1784:
  5816                           
  5817                           ;mcc_generated_files/system/src/pins.c: 75:     SLRCONA = 0x3F;
  5818     0327  303F               	movlw	63
  5819     0328  008F               	movwf	15	;volatile
  5820     0329                     l1786:
  5821                           
  5822                           ;mcc_generated_files/system/src/pins.c: 76:     SLRCONC = 0x3F;
  5823     0329  303F               	movlw	63
  5824     032A  00A3               	movwf	35	;volatile
  5825     032B                     l1788:
  5826                           
  5827                           ;mcc_generated_files/system/src/pins.c: 80:     INLVLA = 0x3F;
  5828     032B  303F               	movlw	63
  5829     032C  0090               	movwf	16	;volatile
  5830     032D                     l1790:
  5831                           
  5832                           ;mcc_generated_files/system/src/pins.c: 81:     INLVLC = 0x3F;
  5833     032D  303F               	movlw	63
  5834     032E  00A4               	movwf	36	;volatile
  5835     032F                     l1792:
  5836                           
  5837                           ;mcc_generated_files/system/src/pins.c: 86:     SSP1DATPPS = 0x12;
  5838     032F  3012               	movlw	18
  5839     0330  017C               	movlb	60	; select bank60
  5840     0331  00C8               	movwf	72	;volatile
  5841     0332                     l1794:
  5842                           
  5843                           ;mcc_generated_files/system/src/pins.c: 87:     RX1PPS = 0x1;
  5844     0332  3001               	movlw	1
  5845     0333  00C2               	movwf	66	;volatile
  5846     0334                     l1796:
  5847                           
  5848                           ;mcc_generated_files/system/src/pins.c: 88:     RC1PPS = 0x1C;
  5849     0334  301C               	movlw	28
  5850     0335  017B               	movlb	59	; select bank59
  5851     0336  009D               	movwf	29	;volatile
  5852     0337                     l1798:
  5853                           
  5854                           ;mcc_generated_files/system/src/pins.c: 89:     RA0PPS = 0x13;
  5855     0337  3013               	movlw	19
  5856     0338  008C               	movwf	12	;volatile
  5857     0339                     l1800:
  5858                           
  5859                           ;mcc_generated_files/system/src/pins.c: 90:     SSP1CLKPPS = 0x10;
  5860     0339  3010               	movlw	16
  5861     033A  017C               	movlb	60	; select bank60
  5862     033B  00C7               	movwf	71	;volatile
  5863     033C                     l1802:
  5864                           
  5865                           ;mcc_generated_files/system/src/pins.c: 91:     RC0PPS = 0x1B;
  5866     033C  301B               	movlw	27
  5867     033D  017B               	movlb	59	; select bank59
  5868     033E  009C               	movwf	28	;volatile
  5869                           
  5870                           ;mcc_generated_files/system/src/pins.c: 100:     IOCAP = 0x0;
  5871     033F  017D               	movlb	61	; select bank61
  5872     0340  0191               	clrf	17	;volatile
  5873                           
  5874                           ;mcc_generated_files/system/src/pins.c: 101:     IOCAN = 0x0;
  5875     0341  0192               	clrf	18	;volatile
  5876                           
  5877                           ;mcc_generated_files/system/src/pins.c: 102:     IOCAF = 0x0;
  5878     0342  0193               	clrf	19	;volatile
  5879     0343                     l1804:
  5880                           
  5881                           ;mcc_generated_files/system/src/pins.c: 103:     IOCCP = 0x8;
  5882     0343  3008               	movlw	8
  5883     0344  00A5               	movwf	37	;volatile
  5884     0345                     l1806:
  5885                           
  5886                           ;mcc_generated_files/system/src/pins.c: 104:     IOCCN = 0x10;
  5887     0345  3010               	movlw	16
  5888     0346  00A6               	movwf	38	;volatile
  5889                           
  5890                           ;mcc_generated_files/system/src/pins.c: 105:     IOCCF = 0x0;
  5891     0347  01A7               	clrf	39	;volatile
  5892     0348                     l1808:
  5893                           
  5894                           ;mcc_generated_files/system/src/pins.c: 107:     IO_RC3_SetInterruptHandler(IO_RC3_Defau
      +                          ltInterruptHandler);
  5895     0348  30A9               	movlw	low _IO_RC3_DefaultInterruptHandler
  5896     0349  00F0               	movwf	IO_RC3_SetInterruptHandler@InterruptHandler
  5897     034A  3005               	movlw	high _IO_RC3_DefaultInterruptHandler
  5898     034B  00F1               	movwf	IO_RC3_SetInterruptHandler@InterruptHandler+1
  5899     034C  3185  2594  3183   	fcall	_IO_RC3_SetInterruptHandler
  5900     034F                     l1810:
  5901                           
  5902                           ;mcc_generated_files/system/src/pins.c: 108:     IO_RC4_SetInterruptHandler(IO_RC4_Defau
      +                          ltInterruptHandler);
  5903     034F  30A8               	movlw	low _IO_RC4_DefaultInterruptHandler
  5904     0350  00F0               	movwf	IO_RC4_SetInterruptHandler@InterruptHandler
  5905     0351  3005               	movlw	high _IO_RC4_DefaultInterruptHandler
  5906     0352  00F1               	movwf	IO_RC4_SetInterruptHandler@InterruptHandler+1
  5907     0353  3185  258E  3183   	fcall	_IO_RC4_SetInterruptHandler
  5908     0356                     l1812:
  5909                           
  5910                           ;mcc_generated_files/system/src/pins.c: 111:     PIE0bits.IOCIE = 1;
  5911     0356  0141               	movlb	1	; select bank1
  5912     0357  1616               	bsf	22,4	;volatile
  5913     0358                     l237:
  5914     0358  0008               	return
  5915     0359                     __end_of_PIN_MANAGER_Initialize:
  5916                           
  5917                           	psect	text9
  5918     058E                     __ptext9:	
  5919 ;; *************** function _IO_RC4_SetInterruptHandler *****************
  5920 ;; Defined at:
  5921 ;;		line 176 in file "mcc_generated_files/system/src/pins.c"
  5922 ;; Parameters:    Size  Location     Type
  5923 ;;  InterruptHan    2    0[COMMON] PTR FTN()void 
  5924 ;;		 -> IO_RC4_DefaultInterruptHandler(1), 
  5925 ;; Auto vars:     Size  Location     Type
  5926 ;;		None
  5927 ;; Return value:  Size  Location     Type
  5928 ;;                  1    wreg      void 
  5929 ;; Registers used:
  5930 ;;		wreg
  5931 ;; Tracked objects:
  5932 ;;		On entry : 0/0
  5933 ;;		On exit  : 0/0
  5934 ;;		Unchanged: 0/0
  5935 ;; Data sizes:     COMMON   BANK0   BANK1   BANK2   BANK3   BANK4   BANK5   BANK6   BANK7   BANK8   BANK9  BANK10  BANK1
      +1  BANK12
  5936 ;;      Params:         2       0       0       0       0       0       0       0       0       0       0       0       
      +0       0
  5937 ;;      Locals:         0       0       0       0       0       0       0       0       0       0       0       0       
      +0       0
  5938 ;;      Temps:          0       0       0       0       0       0       0       0       0       0       0       0       
      +0       0
  5939 ;;      Totals:         2       0       0       0       0       0       0       0       0       0       0       0       
      +0       0
  5940 ;;Total ram usage:        2 bytes
  5941 ;; Hardware stack levels used: 1
  5942 ;; Hardware stack levels required when called: 4
  5943 ;; This function calls:
  5944 ;;		Nothing
  5945 ;; This function is called by:
  5946 ;;		_PIN_MANAGER_Initialize
  5947 ;; This function uses a non-reentrant model
  5948 ;;
  5949                           
  5950     058E                     _IO_RC4_SetInterruptHandler:	
  5951                           ;psect for function _IO_RC4_SetInterruptHandler
  5952                           
  5953     058E                     l1734:	
  5954                           ;incstack = 0
  5955                           ; Regs used in _IO_RC4_SetInterruptHandler: [wreg]
  5956                           
  5957                           
  5958                           ;mcc_generated_files/system/src/pins.c: 177:     IO_RC4_InterruptHandler = InterruptHand
      +                          ler;
  5959     058E  0871               	movf	IO_RC4_SetInterruptHandler@InterruptHandler+1,w
  5960     058F  0140               	movlb	0	; select bank0
  5961     0590  00A9               	movwf	_IO_RC4_InterruptHandler+1
  5962     0591  0870               	movf	IO_RC4_SetInterruptHandler@InterruptHandler,w
  5963     0592  00A8               	movwf	_IO_RC4_InterruptHandler
  5964     0593                     l259:
  5965     0593  0008               	return
  5966     0594                     __end_of_IO_RC4_SetInterruptHandler:
  5967                           
  5968                           	psect	text10
  5969     0594                     __ptext10:	
  5970 ;; *************** function _IO_RC3_SetInterruptHandler *****************
  5971 ;; Defined at:
  5972 ;;		line 146 in file "mcc_generated_files/system/src/pins.c"
  5973 ;; Parameters:    Size  Location     Type
  5974 ;;  InterruptHan    2    0[COMMON] PTR FTN()void 
  5975 ;;		 -> IO_RC3_DefaultInterruptHandler(1), 
  5976 ;; Auto vars:     Size  Location     Type
  5977 ;;		None
  5978 ;; Return value:  Size  Location     Type
  5979 ;;                  1    wreg      void 
  5980 ;; Registers used:
  5981 ;;		wreg
  5982 ;; Tracked objects:
  5983 ;;		On entry : 0/0
  5984 ;;		On exit  : 0/0
  5985 ;;		Unchanged: 0/0
  5986 ;; Data sizes:     COMMON   BANK0   BANK1   BANK2   BANK3   BANK4   BANK5   BANK6   BANK7   BANK8   BANK9  BANK10  BANK1
      +1  BANK12
  5987 ;;      Params:         2       0       0       0       0       0       0       0       0       0       0       0       
      +0       0
  5988 ;;      Locals:         0       0       0       0       0       0       0       0       0       0       0       0       
      +0       0
  5989 ;;      Temps:          0       0       0       0       0       0       0       0       0       0       0       0       
      +0       0
  5990 ;;      Totals:         2       0       0       0       0       0       0       0       0       0       0       0       
      +0       0
  5991 ;;Total ram usage:        2 bytes
  5992 ;; Hardware stack levels used: 1
  5993 ;; Hardware stack levels required when called: 4
  5994 ;; This function calls:
  5995 ;;		Nothing
  5996 ;; This function is called by:
  5997 ;;		_PIN_MANAGER_Initialize
  5998 ;; This function uses a non-reentrant model
  5999 ;;
  6000                           
  6001     0594                     _IO_RC3_SetInterruptHandler:	
  6002                           ;psect for function _IO_RC3_SetInterruptHandler
  6003                           
  6004     0594                     l1732:	
  6005                           ;incstack = 0
  6006                           ; Regs used in _IO_RC3_SetInterruptHandler: [wreg]
  6007                           
  6008                           
  6009                           ;mcc_generated_files/system/src/pins.c: 147:     IO_RC3_InterruptHandler = InterruptHand
      +                          ler;
  6010     0594  0871               	movf	IO_RC3_SetInterruptHandler@InterruptHandler+1,w
  6011     0595  0140               	movlb	0	; select bank0
  6012     0596  00AB               	movwf	_IO_RC3_InterruptHandler+1
  6013     0597  0870               	movf	IO_RC3_SetInterruptHandler@InterruptHandler,w
  6014     0598  00AA               	movwf	_IO_RC3_InterruptHandler
  6015     0599                     l249:
  6016     0599  0008               	return
  6017     059A                     __end_of_IO_RC3_SetInterruptHandler:
  6018                           
  6019                           	psect	text11
  6020     056E                     __ptext11:	
  6021 ;; *************** function _INTERRUPT_Initialize *****************
  6022 ;; Defined at:
  6023 ;;		line 40 in file "mcc_generated_files/system/src/interrupt.c"
  6024 ;; Parameters:    Size  Location     Type
  6025 ;;		None
  6026 ;; Auto vars:     Size  Location     Type
  6027 ;;		None
  6028 ;; Return value:  Size  Location     Type
  6029 ;;                  1    wreg      void 
  6030 ;; Registers used:
  6031 ;;		wreg, status,2, status,0, pclath, cstack
  6032 ;; Tracked objects:
  6033 ;;		On entry : 0/0
  6034 ;;		On exit  : 0/0
  6035 ;;		Unchanged: 0/0
  6036 ;; Data sizes:     COMMON   BANK0   BANK1   BANK2   BANK3   BANK4   BANK5   BANK6   BANK7   BANK8   BANK9  BANK10  BANK1
      +1  BANK12
  6037 ;;      Params:         0       0       0       0       0       0       0       0       0       0       0       0       
      +0       0
  6038 ;;      Locals:         0       0       0       0       0       0       0       0       0       0       0       0       
      +0       0
  6039 ;;      Temps:          0       0       0       0       0       0       0       0       0       0       0       0       
      +0       0
  6040 ;;      Totals:         0       0       0       0       0       0       0       0       0       0       0       0       
      +0       0
  6041 ;;Total ram usage:        0 bytes
  6042 ;; Hardware stack levels used: 1
  6043 ;; Hardware stack levels required when called: 5
  6044 ;; This function calls:
  6045 ;;		_INT_SetInterruptHandler
  6046 ;; This function is called by:
  6047 ;;		_SYSTEM_Initialize
  6048 ;; This function uses a non-reentrant model
  6049 ;;
  6050                           
  6051     056E                     _INTERRUPT_Initialize:	
  6052                           ;psect for function _INTERRUPT_Initialize
  6053                           
  6054     056E                     l1772:	
  6055                           ;incstack = 0
  6056                           ; Regs used in _INTERRUPT_Initialize: [wreg+status,2+status,0+pclath+cstack]
  6057                           
  6058                           
  6059                           ;mcc_generated_files/system/src/interrupt.c: 44:     (PIR0bits.INTF = 0);
  6060     056E  0141               	movlb	1	; select bank1
  6061     056F  100C               	bcf	12,0	;volatile
  6062                           
  6063                           ;mcc_generated_files/system/src/interrupt.c: 45:     (INTCONbits.INTEDG = 1);
  6064     0570  140B               	bsf	11,0	;volatile
  6065     0571                     l1774:
  6066                           
  6067                           ;mcc_generated_files/system/src/interrupt.c: 47:     INT_SetInterruptHandler(INT_Default
      +                          InterruptHandler);
  6068     0571  3000               	movlw	0
  6069     0572  00F0               	movwf	INT_SetInterruptHandler@InterruptHandler
  6070     0573  3000               	movlw	0
  6071     0574  00F1               	movwf	INT_SetInterruptHandler@InterruptHandler+1
  6072     0575  3185  259A  3185   	fcall	_INT_SetInterruptHandler
  6073     0578                     l142:
  6074     0578  0008               	return
  6075     0579                     __end_of_INTERRUPT_Initialize:
  6076                           
  6077                           	psect	text12
  6078     059A                     __ptext12:	
  6079 ;; *************** function _INT_SetInterruptHandler *****************
  6080 ;; Defined at:
  6081 ;;		line 90 in file "mcc_generated_files/system/src/interrupt.c"
  6082 ;; Parameters:    Size  Location     Type
  6083 ;;  InterruptHan    2    0[COMMON] PTR FTN()void 
  6084 ;;		 -> INT_DefaultInterruptHandler(1), 
  6085 ;; Auto vars:     Size  Location     Type
  6086 ;;		None
  6087 ;; Return value:  Size  Location     Type
  6088 ;;                  1    wreg      void 
  6089 ;; Registers used:
  6090 ;;		wreg
  6091 ;; Tracked objects:
  6092 ;;		On entry : 0/0
  6093 ;;		On exit  : 0/0
  6094 ;;		Unchanged: 0/0
  6095 ;; Data sizes:     COMMON   BANK0   BANK1   BANK2   BANK3   BANK4   BANK5   BANK6   BANK7   BANK8   BANK9  BANK10  BANK1
      +1  BANK12
  6096 ;;      Params:         2       0       0       0       0       0       0       0       0       0       0       0       
      +0       0
  6097 ;;      Locals:         0       0       0       0       0       0       0       0       0       0       0       0       
      +0       0
  6098 ;;      Temps:          0       0       0       0       0       0       0       0       0       0       0       0       
      +0       0
  6099 ;;      Totals:         2       0       0       0       0       0       0       0       0       0       0       0       
      +0       0
  6100 ;;Total ram usage:        2 bytes
  6101 ;; Hardware stack levels used: 1
  6102 ;; Hardware stack levels required when called: 4
  6103 ;; This function calls:
  6104 ;;		Nothing
  6105 ;; This function is called by:
  6106 ;;		_INTERRUPT_Initialize
  6107 ;; This function uses a non-reentrant model
  6108 ;;
  6109                           
  6110     059A                     _INT_SetInterruptHandler:	
  6111                           ;psect for function _INT_SetInterruptHandler
  6112                           
  6113     059A                     l1730:	
  6114                           ;incstack = 0
  6115                           ; Regs used in _INT_SetInterruptHandler: [wreg]
  6116                           
  6117                           
  6118                           ;mcc_generated_files/system/src/interrupt.c: 91:     INT_InterruptHandler = InterruptHan
      +                          dler;
  6119     059A  0871               	movf	INT_SetInterruptHandler@InterruptHandler+1,w
  6120     059B  0140               	movlb	0	; select bank0
  6121     059C  00A7               	movwf	_INT_InterruptHandler+1
  6122     059D  0870               	movf	INT_SetInterruptHandler@InterruptHandler,w
  6123     059E  00A6               	movwf	_INT_InterruptHandler
  6124     059F                     l159:
  6125     059F  0008               	return
  6126     05A0                     __end_of_INT_SetInterruptHandler:
  6127                           
  6128                           	psect	text13
  6129     0483                     __ptext13:	
  6130 ;; *************** function _EUSART1_Initialize *****************
  6131 ;; Defined at:
  6132 ;;		line 99 in file "mcc_generated_files/uart/src/eusart1.c"
  6133 ;; Parameters:    Size  Location     Type
  6134 ;;		None
  6135 ;; Auto vars:     Size  Location     Type
  6136 ;;		None
  6137 ;; Return value:  Size  Location     Type
  6138 ;;                  1    wreg      void 
  6139 ;; Registers used:
  6140 ;;		wreg, status,2, status,0, pclath, cstack
  6141 ;; Tracked objects:
  6142 ;;		On entry : 0/0
  6143 ;;		On exit  : 0/0
  6144 ;;		Unchanged: 0/0
  6145 ;; Data sizes:     COMMON   BANK0   BANK1   BANK2   BANK3   BANK4   BANK5   BANK6   BANK7   BANK8   BANK9  BANK10  BANK1
      +1  BANK12
  6146 ;;      Params:         0       0       0       0       0       0       0       0       0       0       0       0       
      +0       0
  6147 ;;      Locals:         0       0       0       0       0       0       0       0       0       0       0       0       
      +0       0
  6148 ;;      Temps:          0       0       0       0       0       0       0       0       0       0       0       0       
      +0       0
  6149 ;;      Totals:         0       0       0       0       0       0       0       0       0       0       0       0       
      +0       0
  6150 ;;Total ram usage:        0 bytes
  6151 ;; Hardware stack levels used: 1
  6152 ;; Hardware stack levels required when called: 5
  6153 ;; This function calls:
  6154 ;;		_EUSART1_FramingErrorCallbackRegister
  6155 ;;		_EUSART1_OverrunErrorCallbackRegister
  6156 ;; This function is called by:
  6157 ;;		_SYSTEM_Initialize
  6158 ;; This function uses a non-reentrant model
  6159 ;;
  6160                           
  6161     0483                     _EUSART1_Initialize:	
  6162                           ;psect for function _EUSART1_Initialize
  6163                           
  6164     0483                     l1826:	
  6165                           ;incstack = 0
  6166                           ; Regs used in _EUSART1_Initialize: [wreg+status,2+status,0+pclath+cstack]
  6167                           
  6168                           
  6169                           ;mcc_generated_files/uart/src/eusart1.c: 104:     BAUD1CON = 0x48;
  6170     0483  3048               	movlw	72
  6171     0484  014E               	movlb	14	; select bank14
  6172     0485  0092               	movwf	18	;volatile
  6173                           
  6174                           ;mcc_generated_files/uart/src/eusart1.c: 106:     RC1STA = 0x90;
  6175     0486  3090               	movlw	144
  6176     0487  0090               	movwf	16	;volatile
  6177                           
  6178                           ;mcc_generated_files/uart/src/eusart1.c: 108:     TX1STA = 0x26;
  6179     0488  3026               	movlw	38
  6180     0489  0091               	movwf	17	;volatile
  6181                           
  6182                           ;mcc_generated_files/uart/src/eusart1.c: 110:     SP1BRGL = 0x40;
  6183     048A  3040               	movlw	64
  6184     048B  008E               	movwf	14	;volatile
  6185                           
  6186                           ;mcc_generated_files/uart/src/eusart1.c: 112:     SP1BRGH = 0x3;
  6187     048C  3003               	movlw	3
  6188     048D  008F               	movwf	15	;volatile
  6189     048E                     l1828:
  6190                           
  6191                           ;mcc_generated_files/uart/src/eusart1.c: 114:     EUSART1_FramingErrorCallbackRegister(E
      +                          USART1_DefaultFramingErrorCallback);
  6192     048E  3000               	movlw	0
  6193     048F  00F0               	movwf	EUSART1_FramingErrorCallbackRegister@callbackHandler
  6194     0490  3000               	movlw	0
  6195     0491  00F1               	movwf	EUSART1_FramingErrorCallbackRegister@callbackHandler+1
  6196     0492  3185  2556  3184   	fcall	_EUSART1_FramingErrorCallbackRegister
  6197                           
  6198                           ;mcc_generated_files/uart/src/eusart1.c: 115:     EUSART1_OverrunErrorCallbackRegister(E
      +                          USART1_DefaultOverrunErrorCallback);
  6199     0495  3000               	movlw	0
  6200     0496  00F0               	movwf	EUSART1_OverrunErrorCallbackRegister@callbackHandler
  6201     0497  3000               	movlw	0
  6202     0498  00F1               	movwf	EUSART1_OverrunErrorCallbackRegister@callbackHandler+1
  6203     0499  3185  254A  3184   	fcall	_EUSART1_OverrunErrorCallbackRegister
  6204     049C                     l1830:
  6205                           
  6206                           ;mcc_generated_files/uart/src/eusart1.c: 116:     eusart1RxLastError.status = 0;
  6207     049C  0140               	movlb	0	; select bank0
  6208     049D  01A4               	clrf	_eusart1RxLastError	;volatile
  6209     049E  01A5               	clrf	_eusart1RxLastError+1	;volatile
  6210     049F                     l340:
  6211     049F  0008               	return
  6212     04A0                     __end_of_EUSART1_Initialize:
  6213                           
  6214                           	psect	text14
  6215     054A                     __ptext14:	
  6216 ;; *************** function _EUSART1_OverrunErrorCallbackRegister *****************
  6217 ;; Defined at:
  6218 ;;		line 265 in file "mcc_generated_files/uart/src/eusart1.c"
  6219 ;; Parameters:    Size  Location     Type
  6220 ;;  callbackHand    2    0[COMMON] PTR FTN()void 
  6221 ;;		 -> EUSART1_DefaultOverrunErrorCallback(1), 
  6222 ;; Auto vars:     Size  Location     Type
  6223 ;;		None
  6224 ;; Return value:  Size  Location     Type
  6225 ;;                  1    wreg      void 
  6226 ;; Registers used:
  6227 ;;		wreg, status,2, status,0
  6228 ;; Tracked objects:
  6229 ;;		On entry : 0/0
  6230 ;;		On exit  : 0/0
  6231 ;;		Unchanged: 0/0
  6232 ;; Data sizes:     COMMON   BANK0   BANK1   BANK2   BANK3   BANK4   BANK5   BANK6   BANK7   BANK8   BANK9  BANK10  BANK1
      +1  BANK12
  6233 ;;      Params:         2       0       0       0       0       0       0       0       0       0       0       0       
      +0       0
  6234 ;;      Locals:         0       0       0       0       0       0       0       0       0       0       0       0       
      +0       0
  6235 ;;      Temps:          0       0       0       0       0       0       0       0       0       0       0       0       
      +0       0
  6236 ;;      Totals:         2       0       0       0       0       0       0       0       0       0       0       0       
      +0       0
  6237 ;;Total ram usage:        2 bytes
  6238 ;; Hardware stack levels used: 1
  6239 ;; Hardware stack levels required when called: 4
  6240 ;; This function calls:
  6241 ;;		Nothing
  6242 ;; This function is called by:
  6243 ;;		_EUSART1_Initialize
  6244 ;; This function uses a non-reentrant model
  6245 ;;
  6246                           
  6247     054A                     _EUSART1_OverrunErrorCallbackRegister:	
  6248                           ;psect for function _EUSART1_OverrunErrorCallbackRegister
  6249                           
  6250     054A                     l1740:	
  6251                           ;incstack = 0
  6252                           ; Regs used in _EUSART1_OverrunErrorCallbackRegister: [wreg+status,2+status,0]
  6253                           
  6254                           
  6255                           ;mcc_generated_files/uart/src/eusart1.c: 265: void EUSART1_OverrunErrorCallbackRegister(
      +                          void (* callbackHandler)(void));mcc_generated_files/uart/src/eusart1.c: 266: {;mcc_gener
      +                          ated_files/uart/src/eusart1.c: 267:     if(((void*)0) != callbackHandler)
  6256     054A  0870               	movf	EUSART1_OverrunErrorCallbackRegister@callbackHandler,w
  6257     054B  0471               	iorwf	EUSART1_OverrunErrorCallbackRegister@callbackHandler+1,w
  6258     054C  1903               	btfsc	3,2
  6259     054D  2D4F               	goto	u521
  6260     054E  2D50               	goto	u520
  6261     054F                     u521:
  6262     054F  2D55               	goto	l419
  6263     0550                     u520:
  6264     0550                     l1742:
  6265                           
  6266                           ;mcc_generated_files/uart/src/eusart1.c: 268:     {;mcc_generated_files/uart/src/eusart1
      +                          .c: 269:         EUSART1_OverrunErrorHandler = callbackHandler;
  6267     0550  0871               	movf	EUSART1_OverrunErrorCallbackRegister@callbackHandler+1,w
  6268     0551  0140               	movlb	0	; select bank0
  6269     0552  00A1               	movwf	_EUSART1_OverrunErrorHandler+1
  6270     0553  0870               	movf	EUSART1_OverrunErrorCallbackRegister@callbackHandler,w
  6271     0554  00A0               	movwf	_EUSART1_OverrunErrorHandler
  6272     0555                     l419:
  6273     0555  0008               	return
  6274     0556                     __end_of_EUSART1_OverrunErrorCallbackRegister:
  6275                           
  6276                           	psect	text15
  6277     0556                     __ptext15:	
  6278 ;; *************** function _EUSART1_FramingErrorCallbackRegister *****************
  6279 ;; Defined at:
  6280 ;;		line 257 in file "mcc_generated_files/uart/src/eusart1.c"
  6281 ;; Parameters:    Size  Location     Type
  6282 ;;  callbackHand    2    0[COMMON] PTR FTN()void 
  6283 ;;		 -> EUSART1_DefaultFramingErrorCallback(1), 
  6284 ;; Auto vars:     Size  Location     Type
  6285 ;;		None
  6286 ;; Return value:  Size  Location     Type
  6287 ;;                  1    wreg      void 
  6288 ;; Registers used:
  6289 ;;		wreg, status,2, status,0
  6290 ;; Tracked objects:
  6291 ;;		On entry : 0/0
  6292 ;;		On exit  : 0/0
  6293 ;;		Unchanged: 0/0
  6294 ;; Data sizes:     COMMON   BANK0   BANK1   BANK2   BANK3   BANK4   BANK5   BANK6   BANK7   BANK8   BANK9  BANK10  BANK1
      +1  BANK12
  6295 ;;      Params:         2       0       0       0       0       0       0       0       0       0       0       0       
      +0       0
  6296 ;;      Locals:         0       0       0       0       0       0       0       0       0       0       0       0       
      +0       0
  6297 ;;      Temps:          0       0       0       0       0       0       0       0       0       0       0       0       
      +0       0
  6298 ;;      Totals:         2       0       0       0       0       0       0       0       0       0       0       0       
      +0       0
  6299 ;;Total ram usage:        2 bytes
  6300 ;; Hardware stack levels used: 1
  6301 ;; Hardware stack levels required when called: 4
  6302 ;; This function calls:
  6303 ;;		Nothing
  6304 ;; This function is called by:
  6305 ;;		_EUSART1_Initialize
  6306 ;; This function uses a non-reentrant model
  6307 ;;
  6308                           
  6309     0556                     _EUSART1_FramingErrorCallbackRegister:	
  6310                           ;psect for function _EUSART1_FramingErrorCallbackRegister
  6311                           
  6312     0556                     l1736:	
  6313                           ;incstack = 0
  6314                           ; Regs used in _EUSART1_FramingErrorCallbackRegister: [wreg+status,2+status,0]
  6315                           
  6316                           
  6317                           ;mcc_generated_files/uart/src/eusart1.c: 257: void EUSART1_FramingErrorCallbackRegister(
      +                          void (* callbackHandler)(void));mcc_generated_files/uart/src/eusart1.c: 258: {;mcc_gener
      +                          ated_files/uart/src/eusart1.c: 259:     if(((void*)0) != callbackHandler)
  6318     0556  0870               	movf	EUSART1_FramingErrorCallbackRegister@callbackHandler,w
  6319     0557  0471               	iorwf	EUSART1_FramingErrorCallbackRegister@callbackHandler+1,w
  6320     0558  1903               	btfsc	3,2
  6321     0559  2D5B               	goto	u511
  6322     055A  2D5C               	goto	u510
  6323     055B                     u511:
  6324     055B  2D61               	goto	l415
  6325     055C                     u510:
  6326     055C                     l1738:
  6327                           
  6328                           ;mcc_generated_files/uart/src/eusart1.c: 260:     {;mcc_generated_files/uart/src/eusart1
      +                          .c: 261:         EUSART1_FramingErrorHandler = callbackHandler;
  6329     055C  0871               	movf	EUSART1_FramingErrorCallbackRegister@callbackHandler+1,w
  6330     055D  0140               	movlb	0	; select bank0
  6331     055E  00A3               	movwf	_EUSART1_FramingErrorHandler+1
  6332     055F  0870               	movf	EUSART1_FramingErrorCallbackRegister@callbackHandler,w
  6333     0560  00A2               	movwf	_EUSART1_FramingErrorHandler
  6334     0561                     l415:
  6335     0561  0008               	return
  6336     0562                     __end_of_EUSART1_FramingErrorCallbackRegister:
  6337                           
  6338                           	psect	text16
  6339     0579                     __ptext16:	
  6340 ;; *************** function _CLOCK_Initialize *****************
  6341 ;; Defined at:
  6342 ;;		line 39 in file "mcc_generated_files/system/src/clock.c"
  6343 ;; Parameters:    Size  Location     Type
  6344 ;;		None
  6345 ;; Auto vars:     Size  Location     Type
  6346 ;;		None
  6347 ;; Return value:  Size  Location     Type
  6348 ;;                  1    wreg      void 
  6349 ;; Registers used:
  6350 ;;		status,2
  6351 ;; Tracked objects:
  6352 ;;		On entry : 0/0
  6353 ;;		On exit  : 0/0
  6354 ;;		Unchanged: 0/0
  6355 ;; Data sizes:     COMMON   BANK0   BANK1   BANK2   BANK3   BANK4   BANK5   BANK6   BANK7   BANK8   BANK9  BANK10  BANK1
      +1  BANK12
  6356 ;;      Params:         0       0       0       0       0       0       0       0       0       0       0       0       
      +0       0
  6357 ;;      Locals:         0       0       0       0       0       0       0       0       0       0       0       0       
      +0       0
  6358 ;;      Temps:          0       0       0       0       0       0       0       0       0       0       0       0       
      +0       0
  6359 ;;      Totals:         0       0       0       0       0       0       0       0       0       0       0       0       
      +0       0
  6360 ;;Total ram usage:        0 bytes
  6361 ;; Hardware stack levels used: 1
  6362 ;; Hardware stack levels required when called: 4
  6363 ;; This function calls:
  6364 ;;		Nothing
  6365 ;; This function is called by:
  6366 ;;		_SYSTEM_Initialize
  6367 ;; This function uses a non-reentrant model
  6368 ;;
  6369                           
  6370     0579                     _CLOCK_Initialize:	
  6371                           ;psect for function _CLOCK_Initialize
  6372                           
  6373     0579                     l1766:	
  6374                           ;incstack = 0
  6375                           ; Regs used in _CLOCK_Initialize: [status,2]
  6376                           
  6377                           
  6378                           ;mcc_generated_files/system/src/clock.c: 42:     OSCCON1 = (0 << 0x0)
  6379     0579  3060               	movlw	96
  6380     057A  0145               	movlb	5	; select bank5
  6381     057B  008D               	movwf	13	;volatile
  6382                           
  6383                           ;mcc_generated_files/system/src/clock.c: 44:     OSCCON3 = (1 << 0x6)
  6384     057C  3040               	movlw	64
  6385     057D  008F               	movwf	15	;volatile
  6386     057E                     l1768:
  6387                           
  6388                           ;mcc_generated_files/system/src/clock.c: 46:     OSCEN = (0 << 0x7)
  6389     057E  0191               	clrf	17	;volatile
  6390     057F                     l1770:
  6391                           
  6392                           ;mcc_generated_files/system/src/clock.c: 53:     OSCFRQ = (5 << 0x0);
  6393     057F  3005               	movlw	5
  6394     0580  0093               	movwf	19	;volatile
  6395                           
  6396                           ;mcc_generated_files/system/src/clock.c: 54:     OSCTUNE = (0 << 0x0);
  6397     0581  0192               	clrf	18	;volatile
  6398                           
  6399                           ;mcc_generated_files/system/src/clock.c: 55:     ACTCON = (0 << 0x7)
  6400     0582  0194               	clrf	20	;volatile
  6401     0583                     l123:
  6402     0583  0008               	return
  6403     0584                     __end_of_CLOCK_Initialize:
  6404                           
  6405                           	psect	text17
  6406     0505                     __ptext17:	
  6407 ;; *************** function _SPI1_Open *****************
  6408 ;; Defined at:
  6409 ;;		line 97 in file "mcc_generated_files/spi/src/mssp1.c"
  6410 ;; Parameters:    Size  Location     Type
  6411 ;;  spiConfigInd    1    0[COMMON] unsigned char 
  6412 ;; Auto vars:     Size  Location     Type
  6413 ;;  returnValue     1    0        _Bool 
  6414 ;; Return value:  Size  Location     Type
  6415 ;;                  1    wreg      _Bool 
  6416 ;; Registers used:
  6417 ;;		status,2
  6418 ;; Tracked objects:
  6419 ;;		On entry : 0/0
  6420 ;;		On exit  : 0/0
  6421 ;;		Unchanged: 0/0
  6422 ;; Data sizes:     COMMON   BANK0   BANK1   BANK2   BANK3   BANK4   BANK5   BANK6   BANK7   BANK8   BANK9  BANK10  BANK1
      +1  BANK12
  6423 ;;      Params:         1       0       0       0       0       0       0       0       0       0       0       0       
      +0       0
  6424 ;;      Locals:         0       0       0       0       0       0       0       0       0       0       0       0       
      +0       0
  6425 ;;      Temps:          0       0       0       0       0       0       0       0       0       0       0       0       
      +0       0
  6426 ;;      Totals:         1       0       0       0       0       0       0       0       0       0       0       0       
      +0       0
  6427 ;;Total ram usage:        1 bytes
  6428 ;; Hardware stack levels used: 1
  6429 ;; Hardware stack levels required when called: 4
  6430 ;; This function calls:
  6431 ;;		Nothing
  6432 ;; This function is called by:
  6433 ;;		_main
  6434 ;; This function uses a non-reentrant model
  6435 ;;
  6436                           
  6437     0505                     _SPI1_Open:	
  6438                           ;psect for function _SPI1_Open
  6439                           
  6440     0505                     l1868:	
  6441                           ;incstack = 0
  6442                           ; Regs used in _SPI1_Open: [status,2]
  6443                           
  6444     0505                     l1870:
  6445                           
  6446                           ;mcc_generated_files/spi/src/mssp1.c: 100:     if (SSP1CON1bits.SSPEN == 0)
  6447     0505  014F               	movlb	15	; select bank15
  6448     0506  1A90               	btfsc	16,5	;volatile
  6449     0507  2D09               	goto	u651
  6450     0508  2D0A               	goto	u650
  6451     0509                     u651:
  6452     0509  2D13               	goto	l1882
  6453     050A                     u650:
  6454     050A                     l1872:
  6455                           
  6456                           ;mcc_generated_files/spi/src/mssp1.c: 101:     {;mcc_generated_files/spi/src/mssp1.c: 10
      +                          2:         SSP1STAT = 0x40;
  6457     050A  3040               	movlw	64
  6458     050B  008F               	movwf	15	;volatile
  6459                           
  6460                           ;mcc_generated_files/spi/src/mssp1.c: 103:         SSP1CON1 = 0x20;
  6461     050C  3020               	movlw	32
  6462     050D  0090               	movwf	16	;volatile
  6463     050E                     l1874:
  6464                           
  6465                           ;mcc_generated_files/spi/src/mssp1.c: 104:         SSP1CON3 = 0x00;
  6466     050E  0192               	clrf	18	;volatile
  6467     050F                     l1876:
  6468                           
  6469                           ;mcc_generated_files/spi/src/mssp1.c: 105:         SSP1ADD = 0x0F;
  6470     050F  300F               	movlw	15
  6471     0510  008D               	movwf	13	;volatile
  6472     0511                     l1878:
  6473                           
  6474                           ;mcc_generated_files/spi/src/mssp1.c: 107:         SSP1CON1bits.SSPEN = 1;
  6475     0511  1690               	bsf	16,5	;volatile
  6476     0512                     l1880:
  6477                           
  6478                           ;mcc_generated_files/spi/src/mssp1.c: 110:     }
  6479     0512  2D13               	goto	l55
  6480     0513                     l1882:
  6481     0513                     l55:
  6482     0513  0008               	return
  6483     0514                     __end_of_SPI1_Open:
  6484                           
  6485                           	psect	text18
  6486     03CA                     __ptext18:	
  6487 ;; *************** function _CC1120_WriteTXFIFO *****************
  6488 ;; Defined at:
  6489 ;;		line 222 in file "cc1120.c"
  6490 ;; Parameters:    Size  Location     Type
  6491 ;;  data            2    1[COMMON] PTR const unsigned char 
  6492 ;;		 -> txBuffer(125), 
  6493 ;;  length          1    3[COMMON] unsigned char 
  6494 ;; Auto vars:     Size  Location     Type
  6495 ;;  i               1    4[COMMON] unsigned char 
  6496 ;;  status          1    0        unsigned char 
  6497 ;; Return value:  Size  Location     Type
  6498 ;;                  1    wreg      unsigned char 
  6499 ;; Registers used:
  6500 ;;		wreg, fsr1l, fsr1h, status,2, status,0, pclath, cstack
  6501 ;; Tracked objects:
  6502 ;;		On entry : 0/0
  6503 ;;		On exit  : 0/0
  6504 ;;		Unchanged: 0/0
  6505 ;; Data sizes:     COMMON   BANK0   BANK1   BANK2   BANK3   BANK4   BANK5   BANK6   BANK7   BANK8   BANK9  BANK10  BANK1
      +1  BANK12
  6506 ;;      Params:         3       0       0       0       0       0       0       0       0       0       0       0       
      +0       0
  6507 ;;      Locals:         1       0       0       0       0       0       0       0       0       0       0       0       
      +0       0
  6508 ;;      Temps:          0       0       0       0       0       0       0       0       0       0       0       0       
      +0       0
  6509 ;;      Totals:         4       0       0       0       0       0       0       0       0       0       0       0       
      +0       0
  6510 ;;Total ram usage:        4 bytes
  6511 ;; Hardware stack levels used: 1
  6512 ;; Hardware stack levels required when called: 5
  6513 ;; This function calls:
  6514 ;;		_SPI1_ByteExchange
  6515 ;; This function is called by:
  6516 ;;		_main
  6517 ;; This function uses a non-reentrant model
  6518 ;;
  6519                           
  6520     03CA                     _CC1120_WriteTXFIFO:	
  6521                           ;psect for function _CC1120_WriteTXFIFO
  6522                           
  6523     03CA                     l569:	
  6524                           ;incstack = 0
  6525                           ; Regs used in _CC1120_WriteTXFIFO: [wreg+fsr1l+fsr1h+status,2+status,0+pclath+cstack]
  6526                           ;cc1120.c: 222: uint8_t CC1120_WriteTXFIFO(const uint8_t* data, uint8_t length);cc1120.c
      +                          : 223: {;cc1120.c: 224:     do { LATCbits.LATC5 = 0; } while(0);
  6527                           
  6528     03CA  0140               	movlb	0	; select bank0
  6529     03CB  129A               	bcf	26,5	;volatile
  6530     03CC                     l570:
  6531                           
  6532                           ;cc1120.c: 225:     _delay((unsigned long)((1)*(32000000U/4000000.0)));
  6533     03CC  3200               	nop2	;2 cycle nop
  6534     03CD  3200               	nop2	;2 cycle nop
  6535     03CE  3200               	nop2	;2 cycle nop
  6536     03CF  3200               	nop2	;2 cycle nop
  6537     03D0                     l1962:
  6538     03D0  307F               	movlw	127
  6539     03D1  00F0               	movwf	SPI1_ByteExchange@byteData
  6540     03D2  3185  2562  3183   	fcall	_SPI1_ByteExchange
  6541     03D5                     l1964:
  6542                           
  6543                           ;cc1120.c: 231:     SPI1_ByteExchange(length);
  6544     03D5  0873               	movf	CC1120_WriteTXFIFO@length,w
  6545     03D6  00F0               	movwf	SPI1_ByteExchange@byteData
  6546     03D7  3185  2562  3183   	fcall	_SPI1_ByteExchange
  6547     03DA                     l1966:
  6548                           
  6549                           ;cc1120.c: 234:     for (uint8_t i = 0; i < length; i++) {
  6550     03DA  01F4               	clrf	CC1120_WriteTXFIFO@i
  6551     03DB  2BE9               	goto	l1972
  6552     03DC                     l1968:
  6553                           
  6554                           ;cc1120.c: 235:         SPI1_ByteExchange(data[i]);
  6555     03DC  0874               	movf	CC1120_WriteTXFIFO@i,w
  6556     03DD  0771               	addwf	CC1120_WriteTXFIFO@data,w
  6557     03DE  0086               	movwf	6
  6558     03DF  3000               	movlw	0
  6559     03E0  3D72               	addwfc	CC1120_WriteTXFIFO@data+1,w
  6560     03E1  0087               	movwf	7
  6561     03E2  0801               	movf	1,w
  6562     03E3  00F0               	movwf	SPI1_ByteExchange@byteData
  6563     03E4  3185  2562  3183   	fcall	_SPI1_ByteExchange
  6564     03E7                     l1970:
  6565                           
  6566                           ;cc1120.c: 236:     }
  6567     03E7  3001               	movlw	1
  6568     03E8  07F4               	addwf	CC1120_WriteTXFIFO@i,f
  6569     03E9                     l1972:
  6570     03E9  0873               	movf	CC1120_WriteTXFIFO@length,w
  6571     03EA  0274               	subwf	CC1120_WriteTXFIFO@i,w
  6572     03EB  1C03               	skipc
  6573     03EC  2BEE               	goto	u711
  6574     03ED  2BEF               	goto	u710
  6575     03EE                     u711:
  6576     03EE  2BDC               	goto	l1968
  6577     03EF                     u710:
  6578     03EF                     l573:
  6579                           
  6580                           ;cc1120.c: 238:     _delay((unsigned long)((1)*(32000000U/4000000.0)));
  6581     03EF  3200               	nop2	;2 cycle nop
  6582     03F0  3200               	nop2	;2 cycle nop
  6583     03F1  3200               	nop2	;2 cycle nop
  6584     03F2  3200               	nop2	;2 cycle nop
  6585     03F3                     l574:	
  6586                           ;cc1120.c: 239:     do { LATCbits.LATC5 = 1; } while(0);
  6587                           
  6588     03F3  0140               	movlb	0	; select bank0
  6589     03F4  169A               	bsf	26,5	;volatile
  6590     03F5                     l576:
  6591     03F5  0008               	return
  6592     03F6                     __end_of_CC1120_WriteTXFIFO:
  6593                           
  6594                           	psect	text19
  6595     04D1                     __ptext19:	
  6596 ;; *************** function _CC1120_Strobe *****************
  6597 ;; Defined at:
  6598 ;;		line 175 in file "cc1120.c"
  6599 ;; Parameters:    Size  Location     Type
  6600 ;;  command         1    wreg     unsigned char 
  6601 ;; Auto vars:     Size  Location     Type
  6602 ;;  command         1    1[COMMON] unsigned char 
  6603 ;; Return value:  Size  Location     Type
  6604 ;;                  1    wreg      void 
  6605 ;; Registers used:
  6606 ;;		wreg, status,2, status,0, pclath, cstack
  6607 ;; Tracked objects:
  6608 ;;		On entry : 0/0
  6609 ;;		On exit  : 0/0
  6610 ;;		Unchanged: 0/0
  6611 ;; Data sizes:     COMMON   BANK0   BANK1   BANK2   BANK3   BANK4   BANK5   BANK6   BANK7   BANK8   BANK9  BANK10  BANK1
      +1  BANK12
  6612 ;;      Params:         0       0       0       0       0       0       0       0       0       0       0       0       
      +0       0
  6613 ;;      Locals:         1       0       0       0       0       0       0       0       0       0       0       0       
      +0       0
  6614 ;;      Temps:          0       0       0       0       0       0       0       0       0       0       0       0       
      +0       0
  6615 ;;      Totals:         1       0       0       0       0       0       0       0       0       0       0       0       
      +0       0
  6616 ;;Total ram usage:        1 bytes
  6617 ;; Hardware stack levels used: 1
  6618 ;; Hardware stack levels required when called: 5
  6619 ;; This function calls:
  6620 ;;		_SPI1_ByteExchange
  6621 ;; This function is called by:
  6622 ;;		_main
  6623 ;; This function uses a non-reentrant model
  6624 ;;
  6625                           
  6626     04D1                     _CC1120_Strobe:	
  6627                           ;psect for function _CC1120_Strobe
  6628                           
  6629                           
  6630                           ;incstack = 0
  6631                           ; Regs used in _CC1120_Strobe: [wreg+status,2+status,0+pclath+cstack]
  6632                           ;CC1120_Strobe@command stored from wreg
  6633     04D1  00F1               	movwf	CC1120_Strobe@command
  6634     04D2                     l525:	
  6635                           ;cc1120.c: 175: void CC1120_Strobe(uint8_t command);cc1120.c: 176: {;cc1120.c: 177:     
      +                          do { LATCbits.LATC5 = 0; } while(0);
  6636                           
  6637     04D2  0140               	movlb	0	; select bank0
  6638     04D3  129A               	bcf	26,5	;volatile
  6639     04D4                     l1940:
  6640                           
  6641                           ;cc1120.c: 178:     _delay((unsigned long)((10)*(32000000U/4000000.0)));
  6642     04D4  301A               	movlw	26
  6643     04D5                     u1077:
  6644     04D5  0B89               	decfsz	9,f
  6645     04D6  2CD5               	goto	u1077
  6646     04D7  3200               	nop2
  6647     04D8                     l1942:
  6648                           
  6649                           ;cc1120.c: 179:     SPI1_ByteExchange(command);
  6650     04D8  0871               	movf	CC1120_Strobe@command,w
  6651     04D9  00F0               	movwf	SPI1_ByteExchange@byteData
  6652     04DA  3185  2562  3184   	fcall	_SPI1_ByteExchange
  6653     04DD                     l1944:
  6654                           
  6655                           ;cc1120.c: 180:     _delay((unsigned long)((10)*(32000000U/4000000.0)));
  6656     04DD  301A               	movlw	26
  6657     04DE                     u1087:
  6658     04DE  0B89               	decfsz	9,f
  6659     04DF  2CDE               	goto	u1087
  6660     04E0  3200               	nop2
  6661     04E1                     l1946:
  6662     04E1  0140               	movlb	0	; select bank0
  6663     04E2  169A               	bsf	26,5	;volatile
  6664     04E3                     l529:
  6665     04E3  0008               	return
  6666     04E4                     __end_of_CC1120_Strobe:
  6667                           
  6668                           	psect	text20
  6669     041F                     __ptext20:	
  6670 ;; *************** function _CC1120_ReadReg *****************
  6671 ;; Defined at:
  6672 ;;		line 28 in file "cc1120.c"
  6673 ;; Parameters:    Size  Location     Type
  6674 ;;  addr            2    1[COMMON] unsigned short 
  6675 ;; Auto vars:     Size  Location     Type
  6676 ;;  timeout         2    0        unsigned short 
  6677 ;;  result          1    3[COMMON] unsigned char 
  6678 ;; Return value:  Size  Location     Type
  6679 ;;                  1    wreg      unsigned char 
  6680 ;; Registers used:
  6681 ;;		wreg, status,2, status,0, pclath, cstack
  6682 ;; Tracked objects:
  6683 ;;		On entry : 0/0
  6684 ;;		On exit  : 0/0
  6685 ;;		Unchanged: 0/0
  6686 ;; Data sizes:     COMMON   BANK0   BANK1   BANK2   BANK3   BANK4   BANK5   BANK6   BANK7   BANK8   BANK9  BANK10  BANK1
      +1  BANK12
  6687 ;;      Params:         2       0       0       0       0       0       0       0       0       0       0       0       
      +0       0
  6688 ;;      Locals:         1       0       0       0       0       0       0       0       0       0       0       0       
      +0       0
  6689 ;;      Temps:          0       0       0       0       0       0       0       0       0       0       0       0       
      +0       0
  6690 ;;      Totals:         3       0       0       0       0       0       0       0       0       0       0       0       
      +0       0
  6691 ;;Total ram usage:        3 bytes
  6692 ;; Hardware stack levels used: 1
  6693 ;; Hardware stack levels required when called: 5
  6694 ;; This function calls:
  6695 ;;		_SPI1_ByteExchange
  6696 ;; This function is called by:
  6697 ;;		_main
  6698 ;; This function uses a non-reentrant model
  6699 ;;
  6700                           
  6701     041F                     _CC1120_ReadReg:	
  6702                           ;psect for function _CC1120_ReadReg
  6703                           
  6704     041F                     l507:	
  6705                           ;incstack = 0
  6706                           ; Regs used in _CC1120_ReadReg: [wreg+status,2+status,0+pclath+cstack]
  6707                           ;cc1120.c: 28: uint8_t CC1120_ReadReg(uint16_t addr);cc1120.c: 29: {;cc1120.c: 30:     u
      +                          int8_t result;;cc1120.c: 31:     uint16_t timeout;;cc1120.c: 33:     do { LATCbits.LATC5
      +                           = 0; } while(0);
  6708                           
  6709     041F  0140               	movlb	0	; select bank0
  6710     0420  129A               	bcf	26,5	;volatile
  6711     0421                     l1974:
  6712                           
  6713                           ;cc1120.c: 35:     if (addr <= 0x2F) {
  6714     0421  3000               	movlw	0
  6715     0422  0272               	subwf	CC1120_ReadReg@addr+1,w
  6716     0423  3030               	movlw	48
  6717     0424  1903               	skipnz
  6718     0425  0271               	subwf	CC1120_ReadReg@addr,w
  6719     0426  1803               	skipnc
  6720     0427  2C29               	goto	u721
  6721     0428  2C2A               	goto	u720
  6722     0429                     u721:
  6723     0429  2C37               	goto	l1980
  6724     042A                     u720:
  6725     042A                     l1976:
  6726                           
  6727                           ;cc1120.c: 37:         SPI1_ByteExchange(0x80 | (uint8_t)(addr & 0x3F));
  6728     042A  0871               	movf	CC1120_ReadReg@addr,w
  6729     042B  393F               	andlw	63
  6730     042C  3880               	iorlw	128
  6731     042D  00F0               	movwf	SPI1_ByteExchange@byteData
  6732     042E  3185  2562  3184   	fcall	_SPI1_ByteExchange
  6733     0431                     l1978:
  6734                           
  6735                           ;cc1120.c: 38:         result = SPI1_ByteExchange(0x00);
  6736     0431  01F0               	clrf	SPI1_ByteExchange@byteData
  6737     0432  3185  2562  3184   	fcall	_SPI1_ByteExchange
  6738     0435  00F3               	movwf	CC1120_ReadReg@result
  6739                           
  6740                           ;cc1120.c: 39:     } else {
  6741     0436  2C42               	goto	l1984
  6742     0437                     l1980:
  6743                           
  6744                           ;cc1120.c: 41:         SPI1_ByteExchange(0x2F | 0x80);
  6745     0437  30AF               	movlw	175
  6746     0438  00F0               	movwf	SPI1_ByteExchange@byteData
  6747     0439  3185  2562  3184   	fcall	_SPI1_ByteExchange
  6748                           
  6749                           ;cc1120.c: 42:         SPI1_ByteExchange((uint8_t)(addr & 0xFF));
  6750     043C  0871               	movf	CC1120_ReadReg@addr,w
  6751     043D  00F0               	movwf	SPI1_ByteExchange@byteData
  6752     043E  3185  2562  3184   	fcall	_SPI1_ByteExchange
  6753     0441  2C31               	goto	l1978
  6754     0442                     l1984:
  6755     0442  0140               	movlb	0	; select bank0
  6756     0443  169A               	bsf	26,5	;volatile
  6757     0444                     l1986:
  6758                           
  6759                           ;cc1120.c: 47:     return result;
  6760     0444  0873               	movf	CC1120_ReadReg@result,w
  6761     0445                     l513:
  6762     0445  0008               	return
  6763     0446                     __end_of_CC1120_ReadReg:
  6764                           
  6765                           	psect	text21
  6766     0359                     __ptext21:	
  6767 ;; *************** function _CC1120_ApplyConfig *****************
  6768 ;; Defined at:
  6769 ;;		line 184 in file "cc1120.c"
  6770 ;; Parameters:    Size  Location     Type
  6771 ;;		None
  6772 ;; Auto vars:     Size  Location     Type
  6773 ;;  i               2    9[COMMON] unsigned short 
  6774 ;; Return value:  Size  Location     Type
  6775 ;;                  1    wreg      void 
  6776 ;; Registers used:
  6777 ;;		wreg, fsr0l, fsr0h, status,2, status,0, pclath, cstack
  6778 ;; Tracked objects:
  6779 ;;		On entry : 0/0
  6780 ;;		On exit  : 0/0
  6781 ;;		Unchanged: 0/0
  6782 ;; Data sizes:     COMMON   BANK0   BANK1   BANK2   BANK3   BANK4   BANK5   BANK6   BANK7   BANK8   BANK9  BANK10  BANK1
      +1  BANK12
  6783 ;;      Params:         0       0       0       0       0       0       0       0       0       0       0       0       
      +0       0
  6784 ;;      Locals:         2       0       0       0       0       0       0       0       0       0       0       0       
      +0       0
  6785 ;;      Temps:          0       0       0       0       0       0       0       0       0       0       0       0       
      +0       0
  6786 ;;      Totals:         2       0       0       0       0       0       0       0       0       0       0       0       
      +0       0
  6787 ;;Total ram usage:        2 bytes
  6788 ;; Hardware stack levels used: 1
  6789 ;; Hardware stack levels required when called: 6
  6790 ;; This function calls:
  6791 ;;		_CC1120_WriteReg
  6792 ;;		___wmul
  6793 ;; This function is called by:
  6794 ;;		_main
  6795 ;; This function uses a non-reentrant model
  6796 ;;
  6797                           
  6798     0359                     _CC1120_ApplyConfig:	
  6799                           ;psect for function _CC1120_ApplyConfig
  6800                           
  6801     0359                     l1948:	
  6802                           ;incstack = 0
  6803                           ; Regs used in _CC1120_ApplyConfig: [wreg-fsr0h+status,2+status,0+pclath+cstack]
  6804                           
  6805                           
  6806                           ;cc1120.c: 186:     for (uint16_t i = 0; i < cc1120_config_size; ++i)
  6807     0359  01F9               	clrf	CC1120_ApplyConfig@i
  6808     035A  01FA               	clrf	CC1120_ApplyConfig@i+1
  6809     035B                     l1954:
  6810                           
  6811                           ;cc1120.c: 187:     {;cc1120.c: 188:         CC1120_WriteReg(cc1120_config[i].addr, cc11
      +                          20_config[i].value);
  6812     035B  087A               	movf	CC1120_ApplyConfig@i+1,w
  6813     035C  00F1               	movwf	___wmul@multiplier+1
  6814     035D  0879               	movf	CC1120_ApplyConfig@i,w
  6815     035E  00F0               	movwf	___wmul@multiplier
  6816     035F  3003               	movlw	3
  6817     0360  00F2               	movwf	___wmul@multiplicand
  6818     0361  3000               	movlw	0
  6819     0362  00F3               	movwf	___wmul@multiplicand+1
  6820     0363  3184  2446  3183   	fcall	___wmul
  6821     0366  3035               	movlw	low _cc1120_config
  6822     0367  0770               	addwf	?___wmul,w
  6823     0368  0084               	movwf	4
  6824     0369  3000               	movlw	high _cc1120_config
  6825     036A  3D71               	addwfc	?___wmul+1,w
  6826     036B  3880               	iorlw	128
  6827     036C  0085               	movwf	5
  6828     036D  3F00               	moviw [0]fsr0
  6829     036E  00F6               	movwf	CC1120_WriteReg@addr
  6830     036F  3F01               	moviw [1]fsr0
  6831     0370  00F7               	movwf	CC1120_WriteReg@addr+1
  6832     0371  087A               	movf	CC1120_ApplyConfig@i+1,w
  6833     0372  00F1               	movwf	___wmul@multiplier+1
  6834     0373  0879               	movf	CC1120_ApplyConfig@i,w
  6835     0374  00F0               	movwf	___wmul@multiplier
  6836     0375  3003               	movlw	3
  6837     0376  00F2               	movwf	___wmul@multiplicand
  6838     0377  3000               	movlw	0
  6839     0378  00F3               	movwf	___wmul@multiplicand+1
  6840     0379  3184  2446  3183   	fcall	___wmul
  6841     037C  3037               	movlw	low (_cc1120_config+2)
  6842     037D  0770               	addwf	?___wmul,w
  6843     037E  0084               	movwf	4
  6844     037F  3000               	movlw	high (_cc1120_config+2)
  6845     0380  3D71               	addwfc	?___wmul+1,w
  6846     0381  3880               	iorlw	128
  6847     0382  0085               	movwf	5
  6848     0383  0800               	movf	0,w	;code access
  6849     0384  00F8               	movwf	CC1120_WriteReg@value
  6850     0385  3183  23F6  3183   	fcall	_CC1120_WriteReg
  6851     0388                     l1956:
  6852                           
  6853                           ;cc1120.c: 189:         _delay((unsigned long)((100)*(32000000U/4000000.0)));
  6854     0388  30A0               	movlw	160
  6855     0389                     u1097:
  6856     0389  3200               	nop2
  6857     038A  0B89               	decfsz	9,f
  6858     038B  2B89               	goto	u1097
  6859     038C                     l1958:
  6860                           
  6861                           ;cc1120.c: 190:     }
  6862     038C  3001               	movlw	1
  6863     038D  07F9               	addwf	CC1120_ApplyConfig@i,f
  6864     038E  3000               	movlw	0
  6865     038F  3DFA               	addwfc	CC1120_ApplyConfig@i+1,f
  6866     0390                     l1960:
  6867     0390  3000               	movlw	0
  6868     0391  027A               	subwf	CC1120_ApplyConfig@i+1,w
  6869     0392  3067               	movlw	103
  6870     0393  1903               	skipnz
  6871     0394  0279               	subwf	CC1120_ApplyConfig@i,w
  6872     0395  1C03               	skipc
  6873     0396  2B98               	goto	u701
  6874     0397  2B99               	goto	u700
  6875     0398                     u701:
  6876     0398  2B5B               	goto	l1954
  6877     0399                     u700:
  6878     0399                     l534:
  6879     0399  0008               	return
  6880     039A                     __end_of_CC1120_ApplyConfig:
  6881                           
  6882                           	psect	text22
  6883     0446                     __ptext22:	
  6884 ;; *************** function ___wmul *****************
  6885 ;; Defined at:
  6886 ;;		line 15 in file "C:\Program Files\Microchip\xc8\v3.00\pic\sources\c99\common\Umul16.c"
  6887 ;; Parameters:    Size  Location     Type
  6888 ;;  multiplier      2    0[COMMON] unsigned int 
  6889 ;;  multiplicand    2    2[COMMON] unsigned int 
  6890 ;; Auto vars:     Size  Location     Type
  6891 ;;  product         2    4[COMMON] unsigned int 
  6892 ;; Return value:  Size  Location     Type
  6893 ;;                  2    0[COMMON] unsigned int 
  6894 ;; Registers used:
  6895 ;;		wreg, status,2, status,0
  6896 ;; Tracked objects:
  6897 ;;		On entry : 0/0
  6898 ;;		On exit  : 0/0
  6899 ;;		Unchanged: 0/0
  6900 ;; Data sizes:     COMMON   BANK0   BANK1   BANK2   BANK3   BANK4   BANK5   BANK6   BANK7   BANK8   BANK9  BANK10  BANK1
      +1  BANK12
  6901 ;;      Params:         4       0       0       0       0       0       0       0       0       0       0       0       
      +0       0
  6902 ;;      Locals:         2       0       0       0       0       0       0       0       0       0       0       0       
      +0       0
  6903 ;;      Temps:          0       0       0       0       0       0       0       0       0       0       0       0       
      +0       0
  6904 ;;      Totals:         6       0       0       0       0       0       0       0       0       0       0       0       
      +0       0
  6905 ;;Total ram usage:        6 bytes
  6906 ;; Hardware stack levels used: 1
  6907 ;; Hardware stack levels required when called: 4
  6908 ;; This function calls:
  6909 ;;		Nothing
  6910 ;; This function is called by:
  6911 ;;		_getRandomByte
  6912 ;;		_CC1120_ApplyConfig
  6913 ;; This function uses a non-reentrant model
  6914 ;;
  6915                           
  6916     0446                     ___wmul:	
  6917                           ;psect for function ___wmul
  6918                           
  6919     0446                     l1746:	
  6920                           ;incstack = 0
  6921                           ; Regs used in ___wmul: [wreg+status,2+status,0]
  6922                           
  6923     0446  01F4               	clrf	___wmul@product
  6924     0447  01F5               	clrf	___wmul@product+1
  6925     0448                     l1748:
  6926     0448  1C70               	btfss	___wmul@multiplier,0
  6927     0449  2C4B               	goto	u531
  6928     044A  2C4C               	goto	u530
  6929     044B                     u531:
  6930     044B  2C50               	goto	l732
  6931     044C                     u530:
  6932     044C                     l1750:
  6933     044C  0872               	movf	___wmul@multiplicand,w
  6934     044D  07F4               	addwf	___wmul@product,f
  6935     044E  0873               	movf	___wmul@multiplicand+1,w
  6936     044F  3DF5               	addwfc	___wmul@product+1,f
  6937     0450                     l732:
  6938     0450  3001               	movlw	1
  6939     0451                     u545:
  6940     0451  35F2               	lslf	___wmul@multiplicand,f
  6941     0452  0DF3               	rlf	___wmul@multiplicand+1,f
  6942     0453  0B89               	decfsz	9,f
  6943     0454  2C51               	goto	u545
  6944     0455                     l1752:
  6945     0455  3001               	movlw	1
  6946     0456                     u555:
  6947     0456  36F1               	lsrf	___wmul@multiplier+1,f
  6948     0457  0CF0               	rrf	___wmul@multiplier,f
  6949     0458  0B89               	decfsz	9,f
  6950     0459  2C56               	goto	u555
  6951     045A                     l1754:
  6952     045A  0870               	movf	___wmul@multiplier,w
  6953     045B  0471               	iorwf	___wmul@multiplier+1,w
  6954     045C  1D03               	btfss	3,2
  6955     045D  2C5F               	goto	u561
  6956     045E  2C60               	goto	u560
  6957     045F                     u561:
  6958     045F  2C48               	goto	l1748
  6959     0460                     u560:
  6960     0460                     l1756:
  6961     0460  0875               	movf	___wmul@product+1,w
  6962     0461  00F1               	movwf	?___wmul+1
  6963     0462  0874               	movf	___wmul@product,w
  6964     0463  00F0               	movwf	?___wmul
  6965     0464                     l734:
  6966     0464  0008               	return
  6967     0465                     __end_of___wmul:
  6968                           
  6969                           	psect	text23
  6970     03F6                     __ptext23:	
  6971 ;; *************** function _CC1120_WriteReg *****************
  6972 ;; Defined at:
  6973 ;;		line 50 in file "cc1120.c"
  6974 ;; Parameters:    Size  Location     Type
  6975 ;;  addr            2    6[COMMON] unsigned short 
  6976 ;;  value           1    8[COMMON] unsigned char 
  6977 ;; Auto vars:     Size  Location     Type
  6978 ;;		None
  6979 ;; Return value:  Size  Location     Type
  6980 ;;                  1    wreg      void 
  6981 ;; Registers used:
  6982 ;;		wreg, status,2, status,0, pclath, cstack
  6983 ;; Tracked objects:
  6984 ;;		On entry : 0/0
  6985 ;;		On exit  : 0/0
  6986 ;;		Unchanged: 0/0
  6987 ;; Data sizes:     COMMON   BANK0   BANK1   BANK2   BANK3   BANK4   BANK5   BANK6   BANK7   BANK8   BANK9  BANK10  BANK1
      +1  BANK12
  6988 ;;      Params:         3       0       0       0       0       0       0       0       0       0       0       0       
      +0       0
  6989 ;;      Locals:         0       0       0       0       0       0       0       0       0       0       0       0       
      +0       0
  6990 ;;      Temps:          0       0       0       0       0       0       0       0       0       0       0       0       
      +0       0
  6991 ;;      Totals:         3       0       0       0       0       0       0       0       0       0       0       0       
      +0       0
  6992 ;;Total ram usage:        3 bytes
  6993 ;; Hardware stack levels used: 1
  6994 ;; Hardware stack levels required when called: 5
  6995 ;; This function calls:
  6996 ;;		_SPI1_ByteExchange
  6997 ;; This function is called by:
  6998 ;;		_CC1120_ApplyConfig
  6999 ;; This function uses a non-reentrant model
  7000 ;;
  7001                           
  7002     03F6                     _CC1120_WriteReg:	
  7003                           ;psect for function _CC1120_WriteReg
  7004                           
  7005     03F6                     l516:	
  7006                           ;incstack = 0
  7007                           ; Regs used in _CC1120_WriteReg: [wreg+status,2+status,0+pclath+cstack]
  7008                           ;cc1120.c: 50: void CC1120_WriteReg(uint16_t addr, uint8_t value);cc1120.c: 51: {;cc1120
      +                          .c: 52:     do { LATCbits.LATC5 = 0; } while(0);
  7009                           
  7010     03F6  0140               	movlb	0	; select bank0
  7011     03F7  129A               	bcf	26,5	;volatile
  7012     03F8                     l1860:
  7013                           
  7014                           ;cc1120.c: 54:     if (addr <= 0x2F) {
  7015     03F8  3000               	movlw	0
  7016     03F9  0277               	subwf	CC1120_WriteReg@addr+1,w
  7017     03FA  3030               	movlw	48
  7018     03FB  1903               	skipnz
  7019     03FC  0276               	subwf	CC1120_WriteReg@addr,w
  7020     03FD  1803               	skipnc
  7021     03FE  2C00               	goto	u641
  7022     03FF  2C01               	goto	u640
  7023     0400                     u641:
  7024     0400  2C0D               	goto	l1864
  7025     0401                     u640:
  7026     0401                     l1862:
  7027                           
  7028                           ;cc1120.c: 56:         SPI1_ByteExchange(0x00 | (uint8_t)(addr & 0x3F));
  7029     0401  0876               	movf	CC1120_WriteReg@addr,w
  7030     0402  393F               	andlw	63
  7031     0403  00F0               	movwf	SPI1_ByteExchange@byteData
  7032     0404  3185  2562  3183   	fcall	_SPI1_ByteExchange
  7033                           
  7034                           ;cc1120.c: 57:         SPI1_ByteExchange(value);
  7035     0407  0878               	movf	CC1120_WriteReg@value,w
  7036     0408  00F0               	movwf	SPI1_ByteExchange@byteData
  7037     0409  3185  2562  3183   	fcall	_SPI1_ByteExchange
  7038                           
  7039                           ;cc1120.c: 58:     } else {
  7040     040C  2C1C               	goto	l1866
  7041     040D                     l1864:
  7042                           
  7043                           ;cc1120.c: 60:         SPI1_ByteExchange(0x2F | 0x00);
  7044     040D  302F               	movlw	47
  7045     040E  00F0               	movwf	SPI1_ByteExchange@byteData
  7046     040F  3185  2562  3183   	fcall	_SPI1_ByteExchange
  7047                           
  7048                           ;cc1120.c: 61:         SPI1_ByteExchange((uint8_t)(addr & 0xFF));
  7049     0412  0876               	movf	CC1120_WriteReg@addr,w
  7050     0413  00F0               	movwf	SPI1_ByteExchange@byteData
  7051     0414  3185  2562  3183   	fcall	_SPI1_ByteExchange
  7052                           
  7053                           ;cc1120.c: 62:         SPI1_ByteExchange(value);
  7054     0417  0878               	movf	CC1120_WriteReg@value,w
  7055     0418  00F0               	movwf	SPI1_ByteExchange@byteData
  7056     0419  3185  2562  3183   	fcall	_SPI1_ByteExchange
  7057     041C                     l1866:
  7058     041C  0140               	movlb	0	; select bank0
  7059     041D  169A               	bsf	26,5	;volatile
  7060     041E                     l522:
  7061     041E  0008               	return
  7062     041F                     __end_of_CC1120_WriteReg:
  7063                           
  7064                           	psect	text24
  7065     0562                     __ptext24:	
  7066 ;; *************** function _SPI1_ByteExchange *****************
  7067 ;; Defined at:
  7068 ;;		line 176 in file "mcc_generated_files/spi/src/mssp1.c"
  7069 ;; Parameters:    Size  Location     Type
  7070 ;;  byteData        1    0[COMMON] unsigned char 
  7071 ;; Auto vars:     Size  Location     Type
  7072 ;;		None
  7073 ;; Return value:  Size  Location     Type
  7074 ;;                  1    wreg      unsigned char 
  7075 ;; Registers used:
  7076 ;;		wreg
  7077 ;; Tracked objects:
  7078 ;;		On entry : 0/0
  7079 ;;		On exit  : 0/0
  7080 ;;		Unchanged: 0/0
  7081 ;; Data sizes:     COMMON   BANK0   BANK1   BANK2   BANK3   BANK4   BANK5   BANK6   BANK7   BANK8   BANK9  BANK10  BANK1
      +1  BANK12
  7082 ;;      Params:         1       0       0       0       0       0       0       0       0       0       0       0       
      +0       0
  7083 ;;      Locals:         0       0       0       0       0       0       0       0       0       0       0       0       
      +0       0
  7084 ;;      Temps:          0       0       0       0       0       0       0       0       0       0       0       0       
      +0       0
  7085 ;;      Totals:         1       0       0       0       0       0       0       0       0       0       0       0       
      +0       0
  7086 ;;Total ram usage:        1 bytes
  7087 ;; Hardware stack levels used: 1
  7088 ;; Hardware stack levels required when called: 4
  7089 ;; This function calls:
  7090 ;;		Nothing
  7091 ;; This function is called by:
  7092 ;;		_CC1120_ReadReg
  7093 ;;		_CC1120_WriteReg
  7094 ;;		_CC1120_Strobe
  7095 ;;		_CC1120_WriteTXFIFO
  7096 ;;		_CC1120_WriteBurst
  7097 ;;		_CC1120_ReadRXFIFO
  7098 ;; This function uses a non-reentrant model
  7099 ;;
  7100                           
  7101     0562                     _SPI1_ByteExchange:	
  7102                           ;psect for function _SPI1_ByteExchange
  7103                           
  7104     0562                     l1724:	
  7105                           ;incstack = 0
  7106                           ; Regs used in _SPI1_ByteExchange: [wreg]
  7107                           
  7108                           
  7109                           ;mcc_generated_files/spi/src/mssp1.c: 176: uint8_t SPI1_ByteExchange(uint8_t byteData);m
      +                          cc_generated_files/spi/src/mssp1.c: 177: {;mcc_generated_files/spi/src/mssp1.c: 178:    
      +                           SSP1BUF = byteData;
  7110     0562  0870               	movf	SPI1_ByteExchange@byteData,w
  7111     0563  014F               	movlb	15	; select bank15
  7112     0564  008C               	movwf	12	;volatile
  7113     0565                     l88:	
  7114                           ;mcc_generated_files/spi/src/mssp1.c: 180:     {;mcc_generated_files/spi/src/mssp1.c: 18
      +                          2:     }
  7115                           
  7116                           
  7117                           ;mcc_generated_files/spi/src/mssp1.c: 179:     while (!PIR5bits.SSP1IF)
  7118     0565  0141               	movlb	1	; select bank1
  7119     0566  1D11               	btfss	17,2	;volatile
  7120     0567  2D69               	goto	u501
  7121     0568  2D6A               	goto	u500
  7122     0569                     u501:
  7123     0569  2D65               	goto	l88
  7124     056A                     u500:
  7125     056A                     l90:
  7126                           
  7127                           ;mcc_generated_files/spi/src/mssp1.c: 183:     PIR5bits.SSP1IF = 0;
  7128     056A  1111               	bcf	17,2	;volatile
  7129     056B                     l1726:
  7130                           
  7131                           ;mcc_generated_files/spi/src/mssp1.c: 184:     return SSP1BUF;
  7132     056B  014F               	movlb	15	; select bank15
  7133     056C  080C               	movf	12,w	;volatile
  7134     056D                     l91:
  7135     056D  0008               	return
  7136     056E                     __end_of_SPI1_ByteExchange:
  7137                           
  7138                           	psect	intentry
  7139     0004                     __pintentry:	
  7140 ;; *************** function _INTERRUPT_InterruptManager *****************
  7141 ;; Defined at:
  7142 ;;		line 59 in file "mcc_generated_files/system/src/interrupt.c"
  7143 ;; Parameters:    Size  Location     Type
  7144 ;;		None
  7145 ;; Auto vars:     Size  Location     Type
  7146 ;;		None
  7147 ;; Return value:  Size  Location     Type
  7148 ;;                  1    wreg      void 
  7149 ;; Registers used:
  7150 ;;		wreg, status,2, status,0, pclath, cstack
  7151 ;; Tracked objects:
  7152 ;;		On entry : 0/0
  7153 ;;		On exit  : 0/0
  7154 ;;		Unchanged: 0/0
  7155 ;; Data sizes:     COMMON   BANK0   BANK1   BANK2   BANK3   BANK4   BANK5   BANK6   BANK7   BANK8   BANK9  BANK10  BANK1
      +1  BANK12
  7156 ;;      Params:         0       0       0       0       0       0       0       0       0       0       0       0       
      +0       0
  7157 ;;      Locals:         0       0       0       0       0       0       0       0       0       0       0       0       
      +0       0
  7158 ;;      Temps:          0       0       0       0       0       0       0       0       0       0       0       0       
      +0       0
  7159 ;;      Totals:         0       0       0       0       0       0       0       0       0       0       0       0       
      +0       0
  7160 ;;Total ram usage:        0 bytes
  7161 ;; Hardware stack levels used: 1
  7162 ;; Hardware stack levels required when called: 3
  7163 ;; This function calls:
  7164 ;;		_PIN_MANAGER_IOC
  7165 ;; This function is called by:
  7166 ;;		Interrupt level 1
  7167 ;; This function uses a non-reentrant model
  7168 ;;
  7169                           
  7170     0004                     _INTERRUPT_InterruptManager:
  7171                           
  7172                           ;incstack = 0
  7173     0004  147E               	bsf	int$flags,0	;set compiler interrupt flag (level 1)
  7174                           
  7175                           ; Regs used in _INTERRUPT_InterruptManager: [wreg+status,2+status,0+pclath+cstack]
  7176     0005  3180               	pagesel	$
  7177     0006                     i1l1990:
  7178                           
  7179                           ;mcc_generated_files/system/src/interrupt.c: 62:     if(PIE0bits.IOCIE == 1 && PIR0bits.
      +                          IOCIF == 1)
  7180     0006  0141               	movlb	1	; select bank1
  7181     0007  1E16               	btfss	22,4	;volatile
  7182     0008  280A               	goto	u73_21
  7183     0009  280B               	goto	u73_20
  7184     000A                     u73_21:
  7185     000A  2812               	goto	i1l149
  7186     000B                     u73_20:
  7187     000B                     i1l1992:
  7188     000B  1E0C               	btfss	12,4	;volatile
  7189     000C  280E               	goto	u74_21
  7190     000D  280F               	goto	u74_20
  7191     000E                     u74_21:
  7192     000E  2812               	goto	i1l149
  7193     000F                     u74_20:
  7194     000F                     i1l1994:
  7195                           
  7196                           ;mcc_generated_files/system/src/interrupt.c: 63:     {;mcc_generated_files/system/src/in
      +                          terrupt.c: 64:         PIN_MANAGER_IOC();
  7197     000F  3184  24E4  3180   	fcall	_PIN_MANAGER_IOC
  7198     0012                     i1l149:	
  7199                           ;mcc_generated_files/system/src/interrupt.c: 65:     }
  7200                           
  7201     0012  107E               	bcf	int$flags,0	;clear compiler interrupt flag (level 1)
  7202     0013  0009               	retfie
  7203     0014                     __end_of_INTERRUPT_InterruptManager:
  7204                           
  7205                           	psect	text26
  7206     04E4                     __ptext26:	
  7207 ;; *************** function _PIN_MANAGER_IOC *****************
  7208 ;; Defined at:
  7209 ;;		line 114 in file "mcc_generated_files/system/src/pins.c"
  7210 ;; Parameters:    Size  Location     Type
  7211 ;;		None
  7212 ;; Auto vars:     Size  Location     Type
  7213 ;;		None
  7214 ;; Return value:  Size  Location     Type
  7215 ;;                  1    wreg      void 
  7216 ;; Registers used:
  7217 ;;		wreg, status,2, status,0, pclath, cstack
  7218 ;; Tracked objects:
  7219 ;;		On entry : 0/0
  7220 ;;		On exit  : 0/0
  7221 ;;		Unchanged: 0/0
  7222 ;; Data sizes:     COMMON   BANK0   BANK1   BANK2   BANK3   BANK4   BANK5   BANK6   BANK7   BANK8   BANK9  BANK10  BANK1
      +1  BANK12
  7223 ;;      Params:         0       0       0       0       0       0       0       0       0       0       0       0       
      +0       0
  7224 ;;      Locals:         0       0       0       0       0       0       0       0       0       0       0       0       
      +0       0
  7225 ;;      Temps:          0       0       0       0       0       0       0       0       0       0       0       0       
      +0       0
  7226 ;;      Totals:         0       0       0       0       0       0       0       0       0       0       0       0       
      +0       0
  7227 ;;Total ram usage:        0 bytes
  7228 ;; Hardware stack levels used: 1
  7229 ;; Hardware stack levels required when called: 2
  7230 ;; This function calls:
  7231 ;;		_IO_RC3_ISR
  7232 ;;		_IO_RC4_ISR
  7233 ;; This function is called by:
  7234 ;;		_INTERRUPT_InterruptManager
  7235 ;; This function uses a non-reentrant model
  7236 ;;
  7237                           
  7238     04E4                     _PIN_MANAGER_IOC:	
  7239                           ;psect for function _PIN_MANAGER_IOC
  7240                           
  7241     04E4                     i1l1886:	
  7242                           ;incstack = 0
  7243                           ; Regs used in _PIN_MANAGER_IOC: [wreg+status,2+status,0+pclath+cstack]
  7244                           
  7245                           
  7246                           ;mcc_generated_files/system/src/pins.c: 117:     if(IOCCFbits.IOCCF3 == 1)
  7247     04E4  017D               	movlb	61	; select bank61
  7248     04E5  1DA7               	btfss	39,3	;volatile
  7249     04E6  2CE8               	goto	u66_21
  7250     04E7  2CE9               	goto	u66_20
  7251     04E8                     u66_21:
  7252     04E8  2CEC               	goto	i1l1890
  7253     04E9                     u66_20:
  7254     04E9                     i1l1888:
  7255                           
  7256                           ;mcc_generated_files/system/src/pins.c: 118:     {;mcc_generated_files/system/src/pins.c
      +                          : 119:         IO_RC3_ISR();
  7257     04E9  3185  2523  3184   	fcall	_IO_RC3_ISR
  7258     04EC                     i1l1890:
  7259                           
  7260                           ;mcc_generated_files/system/src/pins.c: 122:     if(IOCCFbits.IOCCF4 == 1)
  7261     04EC  017D               	movlb	61	; select bank61
  7262     04ED  1E27               	btfss	39,4	;volatile
  7263     04EE  2CF0               	goto	u67_21
  7264     04EF  2CF1               	goto	u67_20
  7265     04F0                     u67_21:
  7266     04F0  2CF4               	goto	i1l242
  7267     04F1                     u67_20:
  7268     04F1                     i1l1892:
  7269                           
  7270                           ;mcc_generated_files/system/src/pins.c: 123:     {;mcc_generated_files/system/src/pins.c
      +                          : 124:         IO_RC4_ISR();
  7271     04F1  3185  2514  3184   	fcall	_IO_RC4_ISR
  7272     04F4                     i1l242:
  7273     04F4  0008               	return
  7274     04F5                     __end_of_PIN_MANAGER_IOC:
  7275                           
  7276                           	psect	text27
  7277     0514                     __ptext27:	
  7278 ;; *************** function _IO_RC4_ISR *****************
  7279 ;; Defined at:
  7280 ;;		line 161 in file "mcc_generated_files/system/src/pins.c"
  7281 ;; Parameters:    Size  Location     Type
  7282 ;;		None
  7283 ;; Auto vars:     Size  Location     Type
  7284 ;;		None
  7285 ;; Return value:  Size  Location     Type
  7286 ;;                  1    wreg      void 
  7287 ;; Registers used:
  7288 ;;		wreg, status,2, status,0, pclath, cstack
  7289 ;; Tracked objects:
  7290 ;;		On entry : 0/0
  7291 ;;		On exit  : 0/0
  7292 ;;		Unchanged: 0/0
  7293 ;; Data sizes:     COMMON   BANK0   BANK1   BANK2   BANK3   BANK4   BANK5   BANK6   BANK7   BANK8   BANK9  BANK10  BANK1
      +1  BANK12
  7294 ;;      Params:         0       0       0       0       0       0       0       0       0       0       0       0       
      +0       0
  7295 ;;      Locals:         0       0       0       0       0       0       0       0       0       0       0       0       
      +0       0
  7296 ;;      Temps:          0       0       0       0       0       0       0       0       0       0       0       0       
      +0       0
  7297 ;;      Totals:         0       0       0       0       0       0       0       0       0       0       0       0       
      +0       0
  7298 ;;Total ram usage:        0 bytes
  7299 ;; Hardware stack levels used: 1
  7300 ;; Hardware stack levels required when called: 1
  7301 ;; This function calls:
  7302 ;;		NULL
  7303 ;;		_IO_RC4_DefaultInterruptHandler
  7304 ;; This function is called by:
  7305 ;;		_PIN_MANAGER_IOC
  7306 ;; This function uses a non-reentrant model
  7307 ;;
  7308                           
  7309     0514                     _IO_RC4_ISR:	
  7310                           ;psect for function _IO_RC4_ISR
  7311                           
  7312     0514                     i1l1820:	
  7313                           ;incstack = 0
  7314                           ; Regs used in _IO_RC4_ISR: [wreg+status,2+status,0+pclath+cstack]
  7315                           
  7316                           
  7317                           ;mcc_generated_files/system/src/pins.c: 166:     if(IO_RC4_InterruptHandler)
  7318     0514  0140               	movlb	0	; select bank0
  7319     0515  0828               	movf	_IO_RC4_InterruptHandler,w
  7320     0516  0429               	iorwf	_IO_RC4_InterruptHandler+1,w
  7321     0517  1903               	btfsc	3,2
  7322     0518  2D1A               	goto	u58_21
  7323     0519  2D1B               	goto	u58_20
  7324     051A                     u58_21:
  7325     051A  2D20               	goto	i1l1824
  7326     051B                     u58_20:
  7327     051B                     i1l1822:
  7328                           
  7329                           ;mcc_generated_files/system/src/pins.c: 167:     {;mcc_generated_files/system/src/pins.c
      +                          : 168:         IO_RC4_InterruptHandler();
  7330     051B  0829               	movf	_IO_RC4_InterruptHandler+1,w
  7331     051C  008A               	movwf	10
  7332     051D  0828               	movf	_IO_RC4_InterruptHandler,w
  7333     051E  000A               	callw
  7334     051F  3185               	pagesel	$
  7335     0520                     i1l1824:
  7336                           
  7337                           ;mcc_generated_files/system/src/pins.c: 170:     IOCCFbits.IOCCF4 = 0;
  7338     0520  017D               	movlb	61	; select bank61
  7339     0521  1227               	bcf	39,4	;volatile
  7340     0522                     i1l256:
  7341     0522  0008               	return
  7342     0523                     __end_of_IO_RC4_ISR:
  7343                           
  7344                           	psect	text28
  7345     05A8                     __ptext28:	
  7346 ;; *************** function _IO_RC4_DefaultInterruptHandler *****************
  7347 ;; Defined at:
  7348 ;;		line 183 in file "mcc_generated_files/system/src/pins.c"
  7349 ;; Parameters:    Size  Location     Type
  7350 ;;		None
  7351 ;; Auto vars:     Size  Location     Type
  7352 ;;		None
  7353 ;; Return value:  Size  Location     Type
  7354 ;;                  1    wreg      void 
  7355 ;; Registers used:
  7356 ;;		None
  7357 ;; Tracked objects:
  7358 ;;		On entry : 0/0
  7359 ;;		On exit  : 0/0
  7360 ;;		Unchanged: 0/0
  7361 ;; Data sizes:     COMMON   BANK0   BANK1   BANK2   BANK3   BANK4   BANK5   BANK6   BANK7   BANK8   BANK9  BANK10  BANK1
      +1  BANK12
  7362 ;;      Params:         0       0       0       0       0       0       0       0       0       0       0       0       
      +0       0
  7363 ;;      Locals:         0       0       0       0       0       0       0       0       0       0       0       0       
      +0       0
  7364 ;;      Temps:          0       0       0       0       0       0       0       0       0       0       0       0       
      +0       0
  7365 ;;      Totals:         0       0       0       0       0       0       0       0       0       0       0       0       
      +0       0
  7366 ;;Total ram usage:        0 bytes
  7367 ;; Hardware stack levels used: 1
  7368 ;; This function calls:
  7369 ;;		Nothing
  7370 ;; This function is called by:
  7371 ;;		_PIN_MANAGER_Initialize
  7372 ;;		_IO_RC4_ISR
  7373 ;; This function uses a non-reentrant model
  7374 ;;
  7375                           
  7376     05A8                     _IO_RC4_DefaultInterruptHandler:	
  7377                           ;psect for function _IO_RC4_DefaultInterruptHandler
  7378                           
  7379     05A8                     i1l262:	
  7380                           ;incstack = 0
  7381                           ; Regs used in _IO_RC4_DefaultInterruptHandler: []
  7382                           
  7383     05A8  0008               	return
  7384     05A9                     __end_of_IO_RC4_DefaultInterruptHandler:
  7385                           
  7386                           	psect	text29
  7387     0523                     __ptext29:	
  7388 ;; *************** function _IO_RC3_ISR *****************
  7389 ;; Defined at:
  7390 ;;		line 131 in file "mcc_generated_files/system/src/pins.c"
  7391 ;; Parameters:    Size  Location     Type
  7392 ;;		None
  7393 ;; Auto vars:     Size  Location     Type
  7394 ;;		None
  7395 ;; Return value:  Size  Location     Type
  7396 ;;                  1    wreg      void 
  7397 ;; Registers used:
  7398 ;;		wreg, status,2, status,0, pclath, cstack
  7399 ;; Tracked objects:
  7400 ;;		On entry : 0/0
  7401 ;;		On exit  : 0/0
  7402 ;;		Unchanged: 0/0
  7403 ;; Data sizes:     COMMON   BANK0   BANK1   BANK2   BANK3   BANK4   BANK5   BANK6   BANK7   BANK8   BANK9  BANK10  BANK1
      +1  BANK12
  7404 ;;      Params:         0       0       0       0       0       0       0       0       0       0       0       0       
      +0       0
  7405 ;;      Locals:         0       0       0       0       0       0       0       0       0       0       0       0       
      +0       0
  7406 ;;      Temps:          0       0       0       0       0       0       0       0       0       0       0       0       
      +0       0
  7407 ;;      Totals:         0       0       0       0       0       0       0       0       0       0       0       0       
      +0       0
  7408 ;;Total ram usage:        0 bytes
  7409 ;; Hardware stack levels used: 1
  7410 ;; Hardware stack levels required when called: 1
  7411 ;; This function calls:
  7412 ;;		NULL
  7413 ;;		_IO_RC3_DefaultInterruptHandler
  7414 ;; This function is called by:
  7415 ;;		_PIN_MANAGER_IOC
  7416 ;; This function uses a non-reentrant model
  7417 ;;
  7418                           
  7419     0523                     _IO_RC3_ISR:	
  7420                           ;psect for function _IO_RC3_ISR
  7421                           
  7422     0523                     i1l1814:	
  7423                           ;incstack = 0
  7424                           ; Regs used in _IO_RC3_ISR: [wreg+status,2+status,0+pclath+cstack]
  7425                           
  7426                           
  7427                           ;mcc_generated_files/system/src/pins.c: 136:     if(IO_RC3_InterruptHandler)
  7428     0523  0140               	movlb	0	; select bank0
  7429     0524  082A               	movf	_IO_RC3_InterruptHandler,w
  7430     0525  042B               	iorwf	_IO_RC3_InterruptHandler+1,w
  7431     0526  1903               	btfsc	3,2
  7432     0527  2D29               	goto	u57_21
  7433     0528  2D2A               	goto	u57_20
  7434     0529                     u57_21:
  7435     0529  2D2F               	goto	i1l1818
  7436     052A                     u57_20:
  7437     052A                     i1l1816:
  7438                           
  7439                           ;mcc_generated_files/system/src/pins.c: 137:     {;mcc_generated_files/system/src/pins.c
      +                          : 138:         IO_RC3_InterruptHandler();
  7440     052A  082B               	movf	_IO_RC3_InterruptHandler+1,w
  7441     052B  008A               	movwf	10
  7442     052C  082A               	movf	_IO_RC3_InterruptHandler,w
  7443     052D  000A               	callw
  7444     052E  3185               	pagesel	$
  7445     052F                     i1l1818:
  7446                           
  7447                           ;mcc_generated_files/system/src/pins.c: 140:     IOCCFbits.IOCCF3 = 0;
  7448     052F  017D               	movlb	61	; select bank61
  7449     0530  11A7               	bcf	39,3	;volatile
  7450     0531                     i1l246:
  7451     0531  0008               	return
  7452     0532                     __end_of_IO_RC3_ISR:
  7453                           
  7454                           	psect	text30
  7455     05A9                     __ptext30:	
  7456 ;; *************** function _IO_RC3_DefaultInterruptHandler *****************
  7457 ;; Defined at:
  7458 ;;		line 153 in file "mcc_generated_files/system/src/pins.c"
  7459 ;; Parameters:    Size  Location     Type
  7460 ;;		None
  7461 ;; Auto vars:     Size  Location     Type
  7462 ;;		None
  7463 ;; Return value:  Size  Location     Type
  7464 ;;                  1    wreg      void 
  7465 ;; Registers used:
  7466 ;;		None
  7467 ;; Tracked objects:
  7468 ;;		On entry : 0/0
  7469 ;;		On exit  : 0/0
  7470 ;;		Unchanged: 0/0
  7471 ;; Data sizes:     COMMON   BANK0   BANK1   BANK2   BANK3   BANK4   BANK5   BANK6   BANK7   BANK8   BANK9  BANK10  BANK1
      +1  BANK12
  7472 ;;      Params:         0       0       0       0       0       0       0       0       0       0       0       0       
      +0       0
  7473 ;;      Locals:         0       0       0       0       0       0       0       0       0       0       0       0       
      +0       0
  7474 ;;      Temps:          0       0       0       0       0       0       0       0       0       0       0       0       
      +0       0
  7475 ;;      Totals:         0       0       0       0       0       0       0       0       0       0       0       0       
      +0       0
  7476 ;;Total ram usage:        0 bytes
  7477 ;; Hardware stack levels used: 1
  7478 ;; This function calls:
  7479 ;;		Nothing
  7480 ;; This function is called by:
  7481 ;;		_PIN_MANAGER_Initialize
  7482 ;;		_IO_RC3_ISR
  7483 ;; This function uses a non-reentrant model
  7484 ;;
  7485                           
  7486     05A9                     _IO_RC3_DefaultInterruptHandler:	
  7487                           ;psect for function _IO_RC3_DefaultInterruptHandler
  7488                           
  7489     05A9                     i1l252:	
  7490                           ;incstack = 0
  7491                           ; Regs used in _IO_RC3_DefaultInterruptHandler: []
  7492                           
  7493     05A9  0008               	return
  7494     05AA                     __end_of_IO_RC3_DefaultInterruptHandler:
  7495     0002                     ___latbits      equ	2
  7496     007E                     btemp           set	126	;btemp
  7497     007E                     int$flags       set	126
  7498     007E                     wtemp0          set	126
  7499     2373                     __pbssBIGRAM    equ	9075
  7500                           
  7501                           	psect	config
  7502                           
  7503                           ;Config register CONFIG1 @ 0x8007
  7504                           ;	External Oscillator Selection bits
  7505                           ;	FEXTOSC = ECH, EC (external clock) above 16 MHz
  7506                           ;	Reset Oscillator Selection bits
  7507                           ;	RSTOSC = HFINTOSC_32MHz, HFINTOSC (32 MHz)
  7508                           ;	Clock Out Enable bit
  7509                           ;	CLKOUTEN = OFF, CLKOUT function is disabled; i/o or oscillator function on OSC2
  7510                           ;	Clock Switch Enable bit
  7511                           ;	CSWEN = ON, Writing to NOSC and NDIV is allowed
  7512                           ;	VDD Range Analog Calibration Selection bit
  7513                           ;	VDDAR = HI, Internal analog systems are calibrated for operation between VDD = 2.3 - 5
      +                          .5V
  7514                           ;	Fail-Safe Clock Monitor Enable bit
  7515                           ;	FCMEN = ON, Fail-Safe Clock Monitor enabled
  7516     8007                     	org	32775
  7517     8007  3F8F               	dw	16271
  7518                           
  7519                           ;Config register CONFIG2 @ 0x8008
  7520                           ;	Master Clear Enable bit
  7521                           ;	MCLRE = EXTMCLR, If LVP = 0, MCLR pin is MCLR; If LVP = 1, RA3 pin function is MCLR
  7522                           ;	Power-up Timer Selection bits
  7523                           ;	PWRTS = PWRT_OFF, PWRT is disabled
  7524                           ;	Low-Power BOR Enable bit
  7525                           ;	LPBOREN = OFF, ULPBOR disabled
  7526                           ;	Brown-out Reset Enable bits
  7527                           ;	BOREN = ON, Brown-out Reset enabled, SBOREN bit is ignored
  7528                           ;	DAC Buffer Automatic Range Select Enable bit
  7529                           ;	DACAUTOEN = OFF, DAC Buffer reference range is determined by the REFRNG bit
  7530                           ;	Brown-out Reset Voltage Selection bit
  7531                           ;	BORV = LO, Brown-out Reset Voltage (VBOR) set to 1.9V
  7532                           ;	ZCD Disable bit
  7533                           ;	ZCD = OFF, ZCD module is disabled; ZCD can be enabled by setting the ZCDSEN bit of ZCD
      +                          CON
  7534                           ;	PPSLOCKED One-Way Set Enable bit
  7535                           ;	PPS1WAY = ON, The PPSLOCKED bit can be cleared and set only once after an unlocking se
      +                          quence is executed; once PPSLOCKED is set, all future changes to PPS registers are preve
      +                          nted
  7536                           ;	Stack Overflow/Underflow Reset Enable bit
  7537                           ;	STVREN = ON, Stack Overflow or Underflow will cause a reset
  7538                           ;	Background Debugger
  7539                           ;	DEBUG = 0x1, unprogrammed default
  7540     8008                     	org	32776
  7541     8008  3FFF               	dw	16383
  7542                           
  7543                           ;Config register CONFIG3 @ 0x8009
  7544                           ;	WDT Period Select bits
  7545                           ;	WDTCPS = WDTCPS_31, Divider ratio 1:65536; software control of WDTPS
  7546                           ;	WDT Operating Mode bits
  7547                           ;	WDTE = OFF, WDT Disabled, SEN is ignored
  7548                           ;	WDT Window Select bits
  7549                           ;	WDTCWS = WDTCWS_7, window always open (100%); software control; keyed access not requi
      +                          red
  7550                           ;	WDT Input Clock Select bits
  7551                           ;	WDTCCS = SC, Software Control
  7552     8009                     	org	32777
  7553     8009  3F9F               	dw	16287
  7554                           
  7555                           ;Config register CONFIG4 @ 0x800A
  7556                           ;	Boot Block Size Selection bits
  7557                           ;	BBSIZE = BB512, 512 words boot block size
  7558                           ;	Boot Block Enable bit
  7559                           ;	BBEN = OFF, Boot Block disabled
  7560                           ;	Storage Area Flash (SAF) Enable bit
  7561                           ;	SAFEN = OFF, SAF disabled
  7562                           ;	Application Block Write Protection bit
  7563                           ;	WRTAPP = OFF, Application Block is NOT write protected
  7564                           ;	Boot Block Write Protection bit
  7565                           ;	WRTB = OFF, Boot Block is NOT write protected
  7566                           ;	Configuration Register Write Protection bit
  7567                           ;	WRTC = OFF, Configuration Register is NOT write protected
  7568                           ;	Data EEPROM Write Protection bit
  7569                           ;	WRTD = OFF, Data EEPROM is NOT write protected
  7570                           ;	Storage Area Flash (SAF) Write Protection bit
  7571                           ;	WRTSAF = OFF, SAF is NOT write protected
  7572                           ;	Low Voltage Programming Enable bit
  7573                           ;	LVP = ON, Low Voltage programming enabled. MCLR/Vpp pin function is MCLR. MCLRE Config
      +                          uration bit is ignored
  7574     800A                     	org	32778
  7575     800A  3FFF               	dw	16383
  7576                           
  7577                           ;Config register CONFIG5 @ 0x800B
  7578                           ;	Program Flash Memory Code Protection bit
  7579                           ;	CP = OFF, Program Flash Memory code protection is disabled
  7580                           ;	Data EEPROM Code Protection bit
  7581                           ;	CPD = OFF, Data EEPROM code protection is disabled
  7582     800B                     	org	32779
  7583     800B  3FFF               	dw	16383

Data Sizes:
    Strings     0
    Constant    397
    Data        2
    BSS         8
    Persistent  36
    Stack       0

Auto Spaces:
    Space          Size  Autos    Used
    COMMON           14     13      13
    BANK0            80      2      16
    BANK1            80      0       0
    BANK2            80      0       0
    BANK3            80      0       0
    BANK4            80      0       0
    BANK5            80      0       0
    BANK6            80      0       0
    BANK7            80      0       0
    BANK8            80      0       0
    BANK9            80      0       0
    BANK10           80      0       0
    BANK11            3      0       0
    BANK12            0      0       0

Pointer List with Targets:

    CC1120_WriteTXFIFO@data	PTR const unsigned char  size(2) Largest target is 125
		 -> txBuffer(BIGRAM[125]), 

    EUSART1_FramingErrorCallbackRegister@callbackHandler	PTR FTN()void  size(2) Largest target is 1
		 -> EUSART1_DefaultFramingErrorCallback(), 

    EUSART1_FramingErrorHandler	PTR FTN()void  size(2) Largest target is 1
		 -> EUSART1_DefaultFramingErrorCallback(), NULL(), 

    EUSART1_OverrunErrorCallbackRegister@callbackHandler	PTR FTN()void  size(2) Largest target is 1
		 -> EUSART1_DefaultOverrunErrorCallback(), 

    EUSART1_OverrunErrorHandler	PTR FTN()void  size(2) Largest target is 1
		 -> EUSART1_DefaultOverrunErrorCallback(), NULL(), 

    INT_InterruptHandler	PTR FTN()void  size(2) Largest target is 1
		 -> INT_DefaultInterruptHandler(), NULL(), 

    INT_SetInterruptHandler@InterruptHandler	PTR FTN()void  size(2) Largest target is 1
		 -> INT_DefaultInterruptHandler(), 

    IO_RC3_InterruptHandler	PTR FTN()void  size(2) Largest target is 1
		 -> IO_RC3_DefaultInterruptHandler(), NULL(), 

    IO_RC3_SetInterruptHandler@InterruptHandler	PTR FTN()void  size(2) Largest target is 1
		 -> IO_RC3_DefaultInterruptHandler(), 

    IO_RC4_InterruptHandler	PTR FTN()void  size(2) Largest target is 1
		 -> IO_RC4_DefaultInterruptHandler(), NULL(), 

    IO_RC4_SetInterruptHandler@InterruptHandler	PTR FTN()void  size(2) Largest target is 1
		 -> IO_RC4_DefaultInterruptHandler(), 

    NULL$0	PTR FTN()void  size(2) Largest target is 0

    S38$4$0	PTR void  size(2) Largest target is 0

    S38$5$0	PTR void  size(2) Largest target is 0

    S38$6$0	PTR void  size(2) Largest target is 0

    S38SPI_INTERFACE$BufferExchange	PTR FTN(PTR void ,unsigned int ,)void  size(2) Largest target is 1
		 -> SPI1_BufferExchange(), 

    S38SPI_INTERFACE$BufferRead	PTR FTN(PTR void ,unsigned int ,)void  size(2) Largest target is 1
		 -> SPI1_BufferRead(), 

    S38SPI_INTERFACE$BufferWrite	PTR FTN(PTR void ,unsigned int ,)void  size(2) Largest target is 1
		 -> SPI1_BufferWrite(), 

    S38SPI_INTERFACE$ByteExchange	PTR FTN(unsigned char ,)unsigned char  size(2) Largest target is 1
		 -> SPI1_ByteExchange(), 

    S38SPI_INTERFACE$ByteRead	PTR FTN()unsigned char  size(2) Largest target is 1
		 -> SPI1_ByteRead(), 

    S38SPI_INTERFACE$ByteWrite	PTR FTN(unsigned char ,)void  size(2) Largest target is 1
		 -> SPI1_ByteWrite(), 

    S38SPI_INTERFACE$Close	PTR FTN()void  size(2) Largest target is 1
		 -> SPI1_Close(), 

    S38SPI_INTERFACE$Deinitialize	PTR FTN()void  size(2) Largest target is 1
		 -> SPI1_Deinitialize(), 

    S38SPI_INTERFACE$Initialize	PTR FTN()void  size(2) Largest target is 1
		 -> SPI1_Initialize(), 

    S38SPI_INTERFACE$IsRxReady	PTR FTN()_Bool  size(2) Largest target is 1
		 -> SPI1_IsRxReady(), 

    S38SPI_INTERFACE$IsTxReady	PTR FTN()_Bool  size(2) Largest target is 1
		 -> SPI1_IsTxReady(), 

    S38SPI_INTERFACE$Open	PTR FTN(unsigned char ,)_Bool  size(2) Largest target is 1
		 -> SPI1_Open(), 

    S38SPI_INTERFACE$RxCompleteCallbackRegister	PTR FTN(PTR FTN()void ,)void  size(2) Largest target is 1
		 -> NULL(), 

    S38SPI_INTERFACE$TxCompleteCallbackRegister	PTR FTN(PTR FTN()void ,)void  size(2) Largest target is 1
		 -> NULL(), 

    S568$20$0	PTR FTN()void  size(2) Largest target is 1
		 -> EUSART1_DefaultFramingErrorCallback(), 

    S568$21$0	PTR FTN()void  size(2) Largest target is 1
		 -> EUSART1_DefaultOverrunErrorCallback(), 

    S568$AutoBaudEventEnableGet	PTR FTN()_Bool  size(2) Largest target is 1
		 -> NULL(), 

    S568$AutoBaudQuery	PTR FTN()_Bool  size(2) Largest target is 1
		 -> EUSART1_AutoBaudQuery(), 

    S568$AutoBaudSet	PTR FTN(_Bool ,)void  size(2) Largest target is 1
		 -> EUSART1_AutoBaudSet(), 

    S568$BaudRateGet	PTR FTN()unsigned long  size(2) Largest target is 1
		 -> NULL(), 

    S568$BaudRateSet	PTR FTN(unsigned long ,)void  size(2) Largest target is 1
		 -> NULL(), 

    S568$BRGCountGet	PTR FTN()unsigned long  size(2) Largest target is 1
		 -> NULL(), 

    S568$BRGCountSet	PTR FTN(unsigned long ,)void  size(2) Largest target is 1
		 -> NULL(), 

    S568$Deinitialize	PTR FTN()void  size(2) Largest target is 1
		 -> EUSART1_Deinitialize(), 

    S568$ErrorGet	PTR FTN()unsigned int  size(2) Largest target is 2
		 -> EUSART1_ErrorGet(), 

    S568$EventCallbackRegister	PTR FTN(PTR FTN()void ,)void  size(2) Largest target is 1
		 -> NULL(), 

    S568$FramingErrorCallbackRegister	PTR FTN(PTR FTN()void ,)void  size(2) Largest target is 1
		 -> EUSART1_FramingErrorCallbackRegister(), 

    S568$Initialize	PTR FTN()void  size(2) Largest target is 1
		 -> EUSART1_Initialize(), 

    S568$IsRxReady	PTR FTN()_Bool  size(2) Largest target is 1
		 -> EUSART1_IsRxReady(), 

    S568$IsTxDone	PTR FTN()_Bool  size(2) Largest target is 1
		 -> EUSART1_IsTxDone(), 

    S568$IsTxReady	PTR FTN()_Bool  size(2) Largest target is 1
		 -> EUSART1_IsTxReady(), 

    S568$OverrunErrorCallbackRegister	PTR FTN(PTR FTN()void ,)void  size(2) Largest target is 1
		 -> EUSART1_OverrunErrorCallbackRegister(), 

    S568$ParityErrorCallbackRegister	PTR FTN(PTR FTN()void ,)void  size(2) Largest target is 1
		 -> NULL(), 

    S568$Read	PTR FTN()unsigned char  size(2) Largest target is 1
		 -> EUSART1_Read(), 

    S568$RxCompleteCallbackRegister	PTR FTN(PTR FTN()void ,)void  size(2) Largest target is 1
		 -> NULL(), 

    S568$TransmitDisable	PTR FTN()void  size(2) Largest target is 1
		 -> EUSART1_TransmitDisable(), 

    S568$TransmitEnable	PTR FTN()void  size(2) Largest target is 1
		 -> EUSART1_TransmitEnable(), 

    S568$TxCollisionCallbackRegister	PTR FTN(PTR FTN()void ,)void  size(2) Largest target is 1
		 -> NULL(), 

    S568$TxCompleteCallbackRegister	PTR FTN(PTR FTN()void ,)void  size(2) Largest target is 1
		 -> NULL(), 

    S568$Write	PTR FTN(unsigned char ,)void  size(2) Largest target is 1
		 -> EUSART1_Write(), 

    SPI1_Host$BufferExchange	PTR FTN(PTR void ,unsigned int ,)void  size(2) Largest target is 1
		 -> SPI1_BufferExchange(), 

    SPI1_Host$BufferRead	PTR FTN(PTR void ,unsigned int ,)void  size(2) Largest target is 1
		 -> SPI1_BufferRead(), 

    SPI1_Host$BufferWrite	PTR FTN(PTR void ,unsigned int ,)void  size(2) Largest target is 1
		 -> SPI1_BufferWrite(), 

    SPI1_Host$ByteExchange	PTR FTN(unsigned char ,)unsigned char  size(2) Largest target is 1
		 -> SPI1_ByteExchange(), 

    SPI1_Host$ByteRead	PTR FTN()unsigned char  size(2) Largest target is 1
		 -> SPI1_ByteRead(), 

    SPI1_Host$ByteWrite	PTR FTN(unsigned char ,)void  size(2) Largest target is 1
		 -> SPI1_ByteWrite(), 

    SPI1_Host$Close	PTR FTN()void  size(2) Largest target is 1
		 -> SPI1_Close(), 

    SPI1_Host$Deinitialize	PTR FTN()void  size(2) Largest target is 1
		 -> SPI1_Deinitialize(), 

    SPI1_Host$Initialize	PTR FTN()void  size(2) Largest target is 1
		 -> SPI1_Initialize(), 

    SPI1_Host$IsRxReady	PTR FTN()_Bool  size(2) Largest target is 1
		 -> SPI1_IsRxReady(), 

    SPI1_Host$IsTxReady	PTR FTN()_Bool  size(2) Largest target is 1
		 -> SPI1_IsTxReady(), 

    SPI1_Host$Open	PTR FTN(unsigned char ,)_Bool  size(2) Largest target is 1
		 -> SPI1_Open(), 

    SPI1_Host$RxCompleteCallbackRegister	PTR FTN(PTR FTN()void ,)void  size(2) Largest target is 1
		 -> NULL(), 

    SPI1_Host$TxCompleteCallbackRegister	PTR FTN(PTR FTN()void ,)void  size(2) Largest target is 1
		 -> NULL(), 

    UART1$AutoBaudEventEnableGet	PTR FTN()_Bool  size(2) Largest target is 1
		 -> NULL(), 

    UART1$AutoBaudQuery	PTR FTN()_Bool  size(2) Largest target is 1
		 -> EUSART1_AutoBaudQuery(), 

    UART1$AutoBaudSet	PTR FTN(_Bool ,)void  size(2) Largest target is 1
		 -> EUSART1_AutoBaudSet(), 

    UART1$BaudRateGet	PTR FTN()unsigned long  size(2) Largest target is 1
		 -> NULL(), 

    UART1$BaudRateSet	PTR FTN(unsigned long ,)void  size(2) Largest target is 1
		 -> NULL(), 

    UART1$BRGCountGet	PTR FTN()unsigned long  size(2) Largest target is 1
		 -> NULL(), 

    UART1$BRGCountSet	PTR FTN(unsigned long ,)void  size(2) Largest target is 1
		 -> NULL(), 

    UART1$Deinitialize	PTR FTN()void  size(2) Largest target is 1
		 -> EUSART1_Deinitialize(), 

    UART1$ErrorGet	PTR FTN()unsigned int  size(2) Largest target is 2
		 -> EUSART1_ErrorGet(), 

    UART1$EventCallbackRegister	PTR FTN(PTR FTN()void ,)void  size(2) Largest target is 1
		 -> NULL(), 

    UART1$FramingErrorCallbackRegister	PTR FTN(PTR FTN()void ,)void  size(2) Largest target is 1
		 -> EUSART1_FramingErrorCallbackRegister(), 

    UART1$Initialize	PTR FTN()void  size(2) Largest target is 1
		 -> EUSART1_Initialize(), 

    UART1$IsRxReady	PTR FTN()_Bool  size(2) Largest target is 1
		 -> EUSART1_IsRxReady(), 

    UART1$IsTxDone	PTR FTN()_Bool  size(2) Largest target is 1
		 -> EUSART1_IsTxDone(), 

    UART1$IsTxReady	PTR FTN()_Bool  size(2) Largest target is 1
		 -> EUSART1_IsTxReady(), 

    UART1$OverrunErrorCallbackRegister	PTR FTN(PTR FTN()void ,)void  size(2) Largest target is 1
		 -> EUSART1_OverrunErrorCallbackRegister(), 

    UART1$ParityErrorCallbackRegister	PTR FTN(PTR FTN()void ,)void  size(2) Largest target is 1
		 -> NULL(), 

    UART1$Read	PTR FTN()unsigned char  size(2) Largest target is 1
		 -> EUSART1_Read(), 

    UART1$RxCompleteCallbackRegister	PTR FTN(PTR FTN()void ,)void  size(2) Largest target is 1
		 -> NULL(), 

    UART1$TransmitDisable	PTR FTN()void  size(2) Largest target is 1
		 -> EUSART1_TransmitDisable(), 

    UART1$TransmitEnable	PTR FTN()void  size(2) Largest target is 1
		 -> EUSART1_TransmitEnable(), 

    UART1$TxCollisionCallbackRegister	PTR FTN(PTR FTN()void ,)void  size(2) Largest target is 1
		 -> NULL(), 

    UART1$TxCompleteCallbackRegister	PTR FTN(PTR FTN()void ,)void  size(2) Largest target is 1
		 -> NULL(), 

    UART1$Write	PTR FTN(unsigned char ,)void  size(2) Largest target is 1
		 -> EUSART1_Write(), 


Critical Paths under _main in COMMON

    _main->_CC1120_ApplyConfig
    _main->_printRandomMessage
    _printRandomMessage->_print_hex
    _print_hex->_EUSART1_Write
    _getRandomByte->___wmul
    _PIN_MANAGER_Initialize->_IO_RC3_SetInterruptHandler
    _PIN_MANAGER_Initialize->_IO_RC4_SetInterruptHandler
    _INTERRUPT_Initialize->_INT_SetInterruptHandler
    _EUSART1_Initialize->_EUSART1_FramingErrorCallbackRegister
    _EUSART1_Initialize->_EUSART1_OverrunErrorCallbackRegister
    _CC1120_WriteTXFIFO->_SPI1_ByteExchange
    _CC1120_Strobe->_SPI1_ByteExchange
    _CC1120_ReadReg->_SPI1_ByteExchange
    _CC1120_ApplyConfig->_CC1120_WriteReg
    _CC1120_WriteReg->___wmul

Critical Paths under _INTERRUPT_InterruptManager in COMMON

    None.

Critical Paths under _main in BANK0

    None.

Critical Paths under _INTERRUPT_InterruptManager in BANK0

    None.

Critical Paths under _main in BANK1

    None.

Critical Paths under _INTERRUPT_InterruptManager in BANK1

    None.

Critical Paths under _main in BANK2

    None.

Critical Paths under _INTERRUPT_InterruptManager in BANK2

    None.

Critical Paths under _main in BANK3

    None.

Critical Paths under _INTERRUPT_InterruptManager in BANK3

    None.

Critical Paths under _main in BANK4

    None.

Critical Paths under _INTERRUPT_InterruptManager in BANK4

    None.

Critical Paths under _main in BANK5

    None.

Critical Paths under _INTERRUPT_InterruptManager in BANK5

    None.

Critical Paths under _main in BANK6

    None.

Critical Paths under _INTERRUPT_InterruptManager in BANK6

    None.

Critical Paths under _main in BANK7

    None.

Critical Paths under _INTERRUPT_InterruptManager in BANK7

    None.

Critical Paths under _main in BANK8

    None.

Critical Paths under _INTERRUPT_InterruptManager in BANK8

    None.

Critical Paths under _main in BANK9

    None.

Critical Paths under _INTERRUPT_InterruptManager in BANK9

    None.

Critical Paths under _main in BANK10

    None.

Critical Paths under _INTERRUPT_InterruptManager in BANK10

    None.

Critical Paths under _main in BANK11

    None.

Critical Paths under _INTERRUPT_InterruptManager in BANK11

    None.

Critical Paths under _main in BANK12

    None.

Critical Paths under _INTERRUPT_InterruptManager in BANK12

    None.

Call Graph Tables:

 ---------------------------------------------------------------------------------
 (Depth) Function   	        Calls       Base Space   Used Autos Params    Refs
 ---------------------------------------------------------------------------------
 (0) _main                                                 5     5      0    1754
                                             11 COMMON     2     2      0
                                              0 BANK0      2     2      0
                 _CC1120_ApplyConfig
                     _CC1120_ReadReg
                      _CC1120_Strobe
                 _CC1120_WriteTXFIFO
                      _EUSART1_Write
                          _SPI1_Open
                  _SYSTEM_Initialize
                  _fillRandomMessage
                 _printRandomMessage
                          _print_hex
 ---------------------------------------------------------------------------------
 (1) _printRandomMessage                                   4     4      0     356
                                              7 COMMON     4     4      0
                      _EUSART1_Write
                          _print_hex
 ---------------------------------------------------------------------------------
 (1) _print_hex                                            6     6      0     255
                                              1 COMMON     6     6      0
                      _EUSART1_Write
 ---------------------------------------------------------------------------------
 (2) _EUSART1_Write                                        1     0      1      33
                                              0 COMMON     1     0      1
 ---------------------------------------------------------------------------------
 (1) _fillRandomMessage                                    4     4      0     166
                                              6 COMMON     4     4      0
                      _getRandomByte
 ---------------------------------------------------------------------------------
 (2) _getRandomByte                                        0     0      0      98
                             ___wmul
 ---------------------------------------------------------------------------------
 (1) _SYSTEM_Initialize                                    0     0      0     159
                   _CLOCK_Initialize
                 _EUSART1_Initialize
               _INTERRUPT_Initialize
             _PIN_MANAGER_Initialize
                    _SPI1_Initialize
 ---------------------------------------------------------------------------------
 (2) _SPI1_Initialize                                      0     0      0       0
 ---------------------------------------------------------------------------------
 (2) _PIN_MANAGER_Initialize                               0     0      0      46
         _IO_RC3_SetInterruptHandler
         _IO_RC4_SetInterruptHandler
 ---------------------------------------------------------------------------------
 (3) _IO_RC4_SetInterruptHandler                           2     0      2      23
                                              0 COMMON     2     0      2
 ---------------------------------------------------------------------------------
 (3) _IO_RC3_SetInterruptHandler                           2     0      2      23
                                              0 COMMON     2     0      2
 ---------------------------------------------------------------------------------
 (2) _INTERRUPT_Initialize                                 0     0      0      23
            _INT_SetInterruptHandler
 ---------------------------------------------------------------------------------
 (3) _INT_SetInterruptHandler                              2     0      2      23
                                              0 COMMON     2     0      2
 ---------------------------------------------------------------------------------
 (2) _EUSART1_Initialize                                   0     0      0      90
_EUSART1_FramingErrorCallbackRegiste
_EUSART1_OverrunErrorCallbackRegiste
 ---------------------------------------------------------------------------------
 (3) _EUSART1_OverrunErrorCallbackRegister                 2     0      2      45
                                              0 COMMON     2     0      2
 ---------------------------------------------------------------------------------
 (3) _EUSART1_FramingErrorCallbackRegister                 2     0      2      45
                                              0 COMMON     2     0      2
 ---------------------------------------------------------------------------------
 (2) _CLOCK_Initialize                                     0     0      0       0
 ---------------------------------------------------------------------------------
 (1) _SPI1_Open                                            2     1      1      10
                                              0 COMMON     1     0      1
 ---------------------------------------------------------------------------------
 (1) _CC1120_WriteTXFIFO                                   5     2      3     161
                                              1 COMMON     4     1      3
                  _SPI1_ByteExchange
 ---------------------------------------------------------------------------------
 (1) _CC1120_Strobe                                        1     1      0      69
                                              1 COMMON     1     1      0
                  _SPI1_ByteExchange
 ---------------------------------------------------------------------------------
 (1) _CC1120_ReadReg                                       5     3      2     133
                                              1 COMMON     3     1      2
                  _SPI1_ByteExchange
 ---------------------------------------------------------------------------------
 (1) _CC1120_ApplyConfig                                   2     2      0     340
                                              9 COMMON     2     2      0
                    _CC1120_WriteReg
                             ___wmul
 ---------------------------------------------------------------------------------
 (3) ___wmul                                               6     2      4      98
                                              0 COMMON     6     2      4
 ---------------------------------------------------------------------------------
 (2) _CC1120_WriteReg                                      3     0      3     152
                                              6 COMMON     3     0      3
                  _SPI1_ByteExchange
                             ___wmul (ARG)
 ---------------------------------------------------------------------------------
 (2) _SPI1_ByteExchange                                    1     0      1      40
                                              0 COMMON     1     0      1
 ---------------------------------------------------------------------------------
 Estimated maximum stack depth 3
 ---------------------------------------------------------------------------------
 (Depth) Function   	        Calls       Base Space   Used Autos Params    Refs
 ---------------------------------------------------------------------------------
 (4) _INTERRUPT_InterruptManager                           0     0      0       0
                    _PIN_MANAGER_IOC
 ---------------------------------------------------------------------------------
 (5) _PIN_MANAGER_IOC                                      0     0      0       0
                         _IO_RC3_ISR
                         _IO_RC4_ISR
 ---------------------------------------------------------------------------------
 (6) _IO_RC4_ISR                                           0     0      0       0
                                NULL *
     _IO_RC4_DefaultInterruptHandler *
 ---------------------------------------------------------------------------------
 (7) _IO_RC4_DefaultInterruptHandler                       0     0      0       0
 ---------------------------------------------------------------------------------
 (6) _IO_RC3_ISR                                           0     0      0       0
                                NULL *
     _IO_RC3_DefaultInterruptHandler *
 ---------------------------------------------------------------------------------
 (7) _IO_RC3_DefaultInterruptHandler                       0     0      0       0
 ---------------------------------------------------------------------------------
 (7) NULL(Fake)                                            0     0      0       0
 ---------------------------------------------------------------------------------
 Estimated maximum stack depth 7
 ---------------------------------------------------------------------------------

 Call Graph Graphs:

 _main (ROOT)
   _CC1120_ApplyConfig
     _CC1120_WriteReg
       _SPI1_ByteExchange
       ___wmul (ARG)
     ___wmul
   _CC1120_ReadReg
     _SPI1_ByteExchange
   _CC1120_Strobe
     _SPI1_ByteExchange
   _CC1120_WriteTXFIFO
     _SPI1_ByteExchange
   _EUSART1_Write
   _SPI1_Open
   _SYSTEM_Initialize
     _CLOCK_Initialize
     _EUSART1_Initialize
       _EUSART1_FramingErrorCallbackRegister
       _EUSART1_OverrunErrorCallbackRegister
     _INTERRUPT_Initialize
       _INT_SetInterruptHandler
     _PIN_MANAGER_Initialize
       _IO_RC3_SetInterruptHandler
       _IO_RC4_SetInterruptHandler
     _SPI1_Initialize
   _fillRandomMessage
     _getRandomByte
       ___wmul
   _printRandomMessage
     _EUSART1_Write
     _print_hex
       _EUSART1_Write
   _print_hex

 _INTERRUPT_InterruptManager (ROOT)
   _PIN_MANAGER_IOC
     _IO_RC3_ISR
       NULL(Fake) *
       _IO_RC3_DefaultInterruptHandler *
     _IO_RC4_ISR
       NULL(Fake) *
       _IO_RC4_DefaultInterruptHandler *

Address spaces:
Name               Size   Autos  Total    Usage
BITCOMMON           14      0       0      0.0%
BITBANK0            80      0       0      0.0%
BITBANK1            80      0       0      0.0%
BITBANK2            80      0       0      0.0%
BITBANK3            80      0       0      0.0%
BITBANK4            80      0       0      0.0%
BITBANK5            80      0       0      0.0%
BITBANK6            80      0       0      0.0%
BITBANK7            80      0       0      0.0%
BITBANK8            80      0       0      0.0%
BITBANK9            80      0       0      0.0%
BITBANK10           80      0       0      0.0%
BITBANK11           80      0       0      0.0%
BITBANK12           48      0       0      0.0%
BIGRAM            1008      0       0      0.0%
COMMON              14     13      13     92.9%
BANK0               80      2      16     20.0%
BANK1               80      0       0      0.0%
BANK2               80      0       0      0.0%
BANK3               80      0       0      0.0%
BANK4               80      0       0      0.0%
BANK5               80      0       0      0.0%
BANK6               80      0       0      0.0%
BANK7               80      0       0      0.0%
BANK8               80      0       0      0.0%
BANK9               80      0       0      0.0%
BANK10              80      0       0      0.0%
BANK11               3      0       0      0.0%
BANK12               0      0       0      0.0%
STACK                0      0       0      0.0%
DATA                 0      0      29      0.0%


Microchip Technology PIC Macro Assembler V3.00 build 20241204225717 
Symbol Table                                                                                   Thu Jul 10 20:45:23 2025

                                  _SPI1_ByteExchange 0562                                   _cc1120_config_size 05A6  
                                                 l55 0513                                                   l47 0549  
                                                 l90 056A                                                   l91 056D  
                                                 l88 0565                                   ?_SPI1_ByteExchange 0070  
                                ___wmul@multiplicand 0072                                                  l123 0583  
                                                l142 0578                                                  l340 049F  
                                                l237 0358                                                  l405 05A3  
                                                l415 0561                                                  l159 059F  
                                                l513 0445                                                  l249 0599  
                                                l522 041E                                                  l450 02C4  
                                                l507 041F                                                  l419 0555  
                                                l259 0593                                                  l275 0504  
                                                l516 03F6                                                  l525 04D2  
                                                l534 0399                                                  l462 0482  
                                                l455 04D0                                                  l529 04E3  
                                                l570 03CC                                                  l467 0317  
                                                l732 0450                                                  l573 03EF  
                                                l477 018F                                                  l734 0464  
                                                l574 03F3                                                  l576 03F5  
                                                l569 03CA                                                  u500 056A  
                                                u501 0569                                                  u510 055C  
                                                u511 055B                                                  u520 0550  
                                                u600 0270                                                  u521 054F  
                                                u601 026F                                                  u530 044C  
                                                u531 044B                                                  u700 0399  
                                                u701 0398                                                  u710 03EF  
                                                u630 02A1                                                  u711 03EE  
                                                u631 02A0                                                  u615 0273  
                                                u640 0401                                                  u560 0460  
                                                u720 042A                                                  u800 0229  
                                                u641 0400                                                  u561 045F  
                                                u545 0451                                                  u721 0429  
                                                u625 0281                                                  u801 0228  
                                                u650 050A                                                  u555 0456  
                                                u651 0509                                                  u680 0482  
                                                u681 0481                                                  u690 02FF  
                                                u595 0267                                                  u691 02FE  
                                                u907 01A2                                                  u917 01AE  
                                                u927 01B9                                                  u937 01C5  
                                                u947 01D1                                                  u957 01E2  
                                                u877 0174                                                  u967 0214  
                                                u887 0182                                                  u977 0231  
                                                u897 0194                                                  u987 023E  
                                                u997 024B                                  ??_SPI1_ByteExchange 0071  
                                                wreg 0009                                         _BAUD1CONbits 0712  
                                               l2100 0254                                                 l2030 016D  
                                               l2040 018D                                                 l2032 016F  
                                               l2050 01B6                                                 l2042 019B  
                                               l2034 017B                                                 l2060 01D6  
                                               l2052 01BE                                                 l2044 019F  
                                               l2036 017D                                                 l2028 016A  
                                               l2070 01ED                                                 l2062 01DB  
                                               l2054 01C2                                                 l2046 01AB  
                                               l2038 0189                                                 l2080 0203  
                                               l2072 01F6                                                 l2064 01DF  
                                               l2056 01CA                                                 l2048 01B3  
                                               l2090 0229                                                 l2082 0205  
                                               l2074 01FD                                                 l2066 01E7  
                                               l2058 01CE                                                 l2092 022E  
                                               l2084 020F                                                 l2076 0201  
                                               l2068 01EA                                                 l2094 0236  
                                               l2086 021B                                                 l2078 0203  
                                               l1800 0339                                                 l2096 0243  
                                               l2088 0222                                                 l1730 059A  
                                               l1810 034F                                                 l1802 033C  
                                               l2098 0248                                                 l1724 0562  
                                               l1740 054A                                                 l1732 0594  
                                               l1812 0356                                                 l1804 0343  
                                               l1900 0501                                                 l1726 056B  
                                               l1750 044C                                                 l1742 0550  
                                               l1830 049C                                                 l1734 058E  
                                               l1806 0345                                                 l1910 0475  
                                               l1902 0465                                                 l1752 0455  
                                               l1736 0556                                                 l1808 0348  
                                               l1760 053E                                                 l1912 0479  
                                               l1744 05A0                                                 l1840 0290  
                                               l1832 0264                                                 l1920 02DD  
                                               l1754 045A                                                 l1746 0446  
                                               l1770 057F                                                 l1738 055C  
                                               l1826 0483                                                 l1762 0546  
                                               l1850 02B7                                                 l1842 0298  
                                               l1834 0270                                                 l1930 02F2  
                                               l1914 02C5                                                 l1860 03F8  
                                               l1756 0460                                                 l1748 0448  
                                               l1940 04D4                                                 l1828 048E  
                                               l1772 056E                                                 l1780 031D  
                                               l1764 0547                                                 l1908 0467  
                                               l1852 02BF                                                 l1844 02A1  
                                               l1836 027E                                                 l1932 02F6  
                                               l1916 02CA                                                 l1862 0401  
                                               l1942 04D8                                                 l1870 0505  
                                               l1766 0579                                                 l1774 0571  
                                               l1790 032D                                                 l1782 031F  
                                               l1854 04BC                                                 l1846 02AA  
                                               l1838 028B                                                 l1934 02FF  
                                               l1926 02DF                                                 l1918 02D1  
                                               l1864 040D                                                 l1960 0390  
                                               l1944 04DD                                                 l1880 0512  
                                               l1872 050A                                                 l1768 057E  
                                               l1792 032F                                                 l1784 0327  
                                               l1776 0318                                                 l1856 04CF  
                                               l1848 02B2                                                 l1936 0304  
                                               l1928 02ED                                                 l1866 041C  
                                               l1954 035B                                                 l1946 04E1  
                                               l1970 03E7                                                 l1962 03D0  
                                               l1874 050E                                                 l1882 0513  
                                               l1794 0332                                                 l1786 0329  
                                               l1778 031B                                                 l1938 030B  
                                               l1956 0388                                                 l1948 0359  
                                               l1980 0437                                                 l1972 03E9  
                                               l1964 03D5                                                 l1876 050F  
                                               l1868 0505                                                 l1796 0334  
                                               l1788 032B                                                 l1958 038C  
                                               l1974 0421                                                 l1966 03DA  
                                               l1878 0511                                                 l1798 0337  
                                               l1894 04F5                                                 l1984 0442  
                                               l1976 042A                                                 l1968 03DC  
                                               l1896 04F8                                                 l1986 0444  
                                               l1978 0431                                                 l1898 04FB  
                                               u1007 0259                                                 u1017 02CD  
                                               u1027 02D9                                                 u1037 0307  
                                               u1047 0313                                                 u1057 0293  
                                               u1067 02BA                                                 u1077 04D5  
                                               _LATA 0018                                                 u1087 04DE  
                                               _LATC 001A                                                 u1097 0389  
                                               _WPUA 1E8D                                                 _WPUC 1EA1  
                                      _EUSART1_Write 05A0                                                 _main 016A  
                                        ?_IO_RC3_ISR 0070                                          ?_IO_RC4_ISR 0070  
                                               fsr0h 0005                                                 indf0 0000  
                                               fsr0l 0004                                                 indf1 0001  
                                               fsr1l 0006                                                 btemp 007E  
                        _INT_DefaultInterruptHandler 0000                                                 start 0014  
                                       print_hex@val 0076                            __end_of_SPI1_ByteExchange 056E  
                    __end_of_INT_SetInterruptHandler 05A0                                                ?_main 0070  
                                              _IOCAF 1E93                                                _IOCCF 1EA7  
                                              _IOCAN 1E92                                                _IOCAP 1E91  
                                              _IOCCN 1EA6                                                _IOCCP 1EA5  
                                              i1l242 04F4                                                i1l252 05A9  
                                              i1l149 0012                                                i1l246 0531  
                                              i1l262 05A8                                                i1l256 0522  
                                              _OSCEN 0291                                                _UART1 039A  
                                              u57_20 052A                                                u73_20 000B  
                                              u57_21 0529                                                u73_21 000A  
                                              _TRISA 0012                                                _TRISC 0014  
                                              u58_20 051B                                                u66_20 04E9  
                                              u74_20 000F                                                u58_21 051A  
                                              u66_21 04E8                                                u74_21 000E  
                                              u67_20 04F1                                                u67_21 04F0  
                               CC1120_WriteReg@value 0078         __end_of_EUSART1_FramingErrorCallbackRegister 0562  
             ??_EUSART1_FramingErrorCallbackRegister 0072                ?_EUSART1_FramingErrorCallbackRegister 0070  
               _EUSART1_FramingErrorCallbackRegister 0556                              __end_of_PIN_MANAGER_IOC 04F5  
                             CC1120_WriteTXFIFO@data 0071                          ?_IO_RC3_SetInterruptHandler 0070  
                                     ?_EUSART1_Write 0070                                                pclath 000A  
                                CC1120_ApplyConfig@i 0079                                _EUSART1_AutoBaudQuery 0000  
                                              status 0003                                                wtemp0 007E  
                                    __initialization 0016                           __end_of_EUSART1_Initialize 04A0  
                                       __end_of_main 0263                          ?_INTERRUPT_InterruptManager 0070  
                                             ??_main 007B                           __end_of_CC1120_ApplyConfig 039A  
                                  getRandomByte@seed 002C  EUSART1_OverrunErrorCallbackRegister@callbackHandler 0070  
EUSART1_FramingErrorCallbackRegister@callbackHandler 0070                                               _ACTCON 0294  
                                             _ANSELA 1E8C                                               _ANSELC 1EA0  
                 __end_of_IO_RC4_SetInterruptHandler 0594                           _IO_RC4_SetInterruptHandler 058E  
                                      main@marcState 002F                                               _RA0PPS 1D8C  
                                             _RC1REG 070C                                               _RC0PPS 1D9C  
                                             _RC1PPS 1D9D                                               _RC1STA 0710  
                                             _ODCONA 1E8E                                               _ODCONC 1EA2  
                                             i1l1820 0514                                               i1l1814 0523  
                                             i1l1822 051B                                               i1l1816 052A  
                                             i1l1824 0520                                               i1l1818 052F  
             __end_of_IO_RC3_DefaultInterruptHandler 05AA                       _IO_RC3_DefaultInterruptHandler 05A9  
                                             i1l1890 04EC                                               i1l1892 04F1  
                                             i1l1886 04E4                                               i1l1990 0006  
                                             i1l1888 04E9                                               i1l1992 000B  
                                             i1l1994 000F                                               _INLVLA 1E90  
                                             _INLVLC 1EA4                                               _OSCFRQ 0293  
                                             _RX1PPS 1E42                                               _TX1REG 070D  
                                             _TX1STA 0711                                    __end_of_SPI1_Host 04BC  
                                  __end_of_SPI1_Open 0514                                               ___wmul 0446  
                              __end_of_cc1120_config 016A                                    ?_CLOCK_Initialize 0070  
                                   ??_CC1120_ReadReg 0073                     ??_IO_RC4_DefaultInterruptHandler 0070  
                    ?_IO_RC4_DefaultInterruptHandler 0070                                   ??_CLOCK_Initialize 0070  
       __end_of_EUSART1_OverrunErrorCallbackRegister 0556               ??_EUSART1_OverrunErrorCallbackRegister 0072  
              ?_EUSART1_OverrunErrorCallbackRegister 0070                 _EUSART1_OverrunErrorCallbackRegister 054A  
                                    ??_EUSART1_Write 0071           IO_RC4_SetInterruptHandler@InterruptHandler 0070  
         IO_RC3_SetInterruptHandler@InterruptHandler 0070              INT_SetInterruptHandler@InterruptHandler 0070  
                                   ?_PIN_MANAGER_IOC 0070                                       _SPI1_IsRxReady 0000  
                                     _SPI1_IsTxReady 0000                                    _SYSTEM_Initialize 04F5  
                            __end_of__initialization 0031                                       _SPI1_ByteWrite 0000  
                                 ?_SYSTEM_Initialize 0070                                        __end_of_UART1 03CA  
                                     __pcstackCOMMON 0070                                         __pidataBANK0 05A4  
                                ??_SYSTEM_Initialize 0072                                    ??_SPI1_Initialize 0070  
                                 _spi1_configuration 0584                                __end_of_getRandomByte 04D1  
                          __end_of_SYSTEM_Initialize 0505                                           __pbssBANK0 0020  
                                       ??_IO_RC3_ISR 0070                                         ??_IO_RC4_ISR 0070  
                                         __pmaintext 016A                                              ?___wmul 0070  
                                         __pintentry 0004                                     _EUSART1_IsTxDone 0000  
                                   _EUSART1_ErrorGet 0000                                   __end_of_IO_RC3_ISR 0532  
                                 __end_of_IO_RC4_ISR 0523                                              _SP1BRGH 070F  
                                            _SP1BRGL 070E                                              _OSCCON1 028D  
                                            _OSCCON3 028F                                              _OSCTUNE 0292  
                                            _SSP1ADD 078D                                              _SLRCONA 1E8F  
                                            _SLRCONC 1EA3                                              _SSP1BUF 078C  
                         __end_of_printRandomMessage 0318                                 _EUSART1_Deinitialize 0000  
                             _EUSART1_TransmitEnable 0000                                              __ptext1 02C5  
                                            __ptext2 0263                                              __ptext3 05A0  
                                            __ptext4 0465                                              __ptext5 04BC  
                                            __ptext6 04F5                                              __ptext7 053E  
                                            __ptext8 0318                                              __ptext9 058E  
                                 _EUSART1_Initialize 0483                             ??_PIN_MANAGER_Initialize 0072  
                                      _CC1120_Strobe 04D1                              _INT_SetInterruptHandler 059A  
                                          _IOCCFbits 1EA7                                              clrloop0 0533  
                           CC1120_WriteTXFIFO@length 0073                                 end_of_initialization 0031  
                        ?_IO_RC4_SetInterruptHandler 0070                                  ?_EUSART1_Initialize 0070  
                        _EUSART1_OverrunErrorHandler 0020                                   _CC1120_ApplyConfig 0359  
                                  __end_of_print_hex 02C5                                      _SPI1_BufferRead 0000  
                                ?_CC1120_ApplyConfig 0070                                            _SPI1_Host 04A0  
                                          _SPI1_Open 0505                                 ??_EUSART1_Initialize 0072  
                                  ??_CC1120_WriteReg 0079                                  _SPI1_BufferExchange 0000  
                                     ?_CC1120_Strobe 0070                                 ??_CC1120_ApplyConfig 0079  
                                EUSART1_Write@txData 0070                                  CC1120_WriteTXFIFO@i 0074  
                         __end_of_CC1120_WriteTXFIFO 03F6                                      _SPI1_Initialize 053E  
             __end_of_IO_RC4_DefaultInterruptHandler 05A9                       _IO_RC4_DefaultInterruptHandler 05A8  
                                       _EUSART1_Read 0000                                    _fillRandomMessage 0465  
                       __end_of_INTERRUPT_Initialize 0579                                   ?_fillRandomMessage 0070  
                                         ?_SPI1_Open 0070                                  CC1120_WriteReg@addr 0076  
                                     __end_of___wmul 0465                            ??_INT_SetInterruptHandler 0072  
                                ??_fillRandomMessage 0076                                  start_initialization 0016  
                              __end_of_EUSART1_Write 05A4                            __end_of_fillRandomMessage 0483  
                                           ??___wmul 0074                                          __pdataBANK0 002C  
                                    ??_CC1120_Strobe 0071                                        _SPI1_ByteRead 0000  
                                        __pbssBIGRAM 2373                                            ___latbits 0002  
                                      __pcstackBANK0 002E                              __end_of_SPI1_Initialize 054A  
                       ??_IO_RC3_SetInterruptHandler 0072                                            __pnvBANK0 0028  
                             _PIN_MANAGER_Initialize 0318                                   _printRandomMessage 02C5  
                                        ??_SPI1_Open 0071                              _IO_RC3_InterruptHandler 002A  
                       ??_INTERRUPT_InterruptManager 0070                                   main@marcState_prev 002E  
                                      _cc1120_config 0035                                  ?_printRandomMessage 0070  
                                           _BAUD1CON 0712                                    _EUSART1_IsRxReady 0000  
                                  _EUSART1_IsTxReady 0000                                 _INTERRUPT_Initialize 056E  
                         __end_of_cc1120_config_size 05A8                                     _CLOCK_Initialize 0579  
                                     ___wmul@product 0074                                             _LATAbits 0018  
                               ??_printRandomMessage 0077                                             _LATCbits 001A  
                                 CC1120_ReadReg@addr 0071                                            clear_ram0 0532  
                                           _PIE0bits 0096                                             _PIE5bits 009B  
                                    _CC1120_WriteReg 03F6                                             _PIR0bits 008C  
                                           _PIR4bits 0090                                             _PIR5bits 0091  
                                           _SSP1CON1 0790                                             _SSP1CON3 0792  
                                           _SSP1STAT 078F                                    ??_PIN_MANAGER_IOC 0070  
                                          _print_hex 0263                                    _SPI1_Deinitialize 0000  
                                  ___wmul@multiplier 0070                                     ?_SPI1_Initialize 0070  
                              ?_INTERRUPT_Initialize 0070                                        _getRandomByte 04BC  
                                 fillRandomMessage@i 0078                                  _EUSART1_AutoBaudSet 0000  
                            _EUSART1_TransmitDisable 0000                                   _CC1120_WriteTXFIFO 03CA  
                                         ?_print_hex 0070                                  ?_CC1120_WriteTXFIFO 0071  
                _EUSART1_DefaultFramingErrorCallback 0000                                       _print_hex$1000 0074  
                                           __ptext10 0594                                             __ptext11 056E  
                                           __ptext20 041F                                             __ptext12 059A  
                                           __ptext21 0359                                             __ptext13 0483  
                                           __ptext30 05A9                                             __ptext22 0446  
                                           __ptext14 054A                                             __ptext23 03F6  
                                           __ptext15 0556                                             __ptext24 0562  
                                           __ptext16 0579                                             __ptext17 0505  
                                           __ptext26 04E4                                             __ptext18 03CA  
                                           __ptext27 0514                                             __ptext19 04D1  
                                           __ptext28 05A8                                             __ptext29 0523  
                                       _SSP1CON1bits 0790                                       ?_getRandomByte 0070  
                 __end_of_IO_RC3_SetInterruptHandler 059A                           _IO_RC3_SetInterruptHandler 0594  
                            __end_of_CC1120_WriteReg 041F                              _IO_RC4_InterruptHandler 0028  
                                     _CC1120_ReadReg 041F                                 ??_CC1120_WriteTXFIFO 0074  
                                         _RC1STAbits 0710                                             _txBuffer 2373  
                                           int$flags 007E                   __end_of_INTERRUPT_InterruptManager 0014  
                         _INTERRUPT_InterruptManager 0004                          _EUSART1_FramingErrorHandler 0022  
                   ??_IO_RC3_DefaultInterruptHandler 0070                      ?_IO_RC3_DefaultInterruptHandler 0070  
                                         _INTCONbits 000B                                 _INT_InterruptHandler 0026  
                               CC1120_ReadReg@result 0073                               ??_INTERRUPT_Initialize 0072  
                               CC1120_Strobe@command 0071                               __end_of_CC1120_ReadReg 0446  
                                           intlevel1 0000                                        _print_hex$999 0072  
                            ?_PIN_MANAGER_Initialize 0070                                           _IO_RC3_ISR 0523  
                                         _IO_RC4_ISR 0514                            SPI1_ByteExchange@byteData 0070  
                                   _SPI1_BufferWrite 0000                             ?_INT_SetInterruptHandler 0070  
                                        ??_print_hex 0071                                   _eusart1RxLastError 0024  
                           __end_of_CLOCK_Initialize 0584                                        __pstringtext1 039A  
                                      __pstringtext2 04A0                                        __pstringtext3 0584  
                                      __pstringtext4 05A6                                        __pstringtext5 0035  
                                         _SPI1_Close 0000                                           _SSP1DATPPS 1E48  
                                         _SSP1CLKPPS 1E47                                __end_of_CC1120_Strobe 04E4  
                _EUSART1_DefaultOverrunErrorCallback 0000                                      ??_getRandomByte 0076  
                                         _TX1STAbits 0711                                      ?_CC1120_ReadReg 0071  
                                printRandomMessage@i 0079                                     ?_CC1120_WriteReg 0076  
                     __end_of_PIN_MANAGER_Initialize 0359                         ??_IO_RC4_SetInterruptHandler 0072  
                                    _PIN_MANAGER_IOC 04E4                              SPI1_Open@spiConfigIndex 0070  
                         __end_of_spi1_configuration 058E  
